{
  "adapter": "bench/qwen-adapter-20260613/8b-last1-ffn-suffix-lora-r4-v6-gold-v4",
  "dataset": "bench/qwen-adapter-20260613/training-data-v4/eval-prompts.jsonl",
  "elapsed_s": 136.62486,
  "generated": 2017,
  "kind": "llm_rollout_summary",
  "mode": "generated",
  "model": "/home/ubuntu/models/Qwen3-8B-Q4_K_M.gguf",
  "policy": "bench/qk-shared-storage-20260612/8b/policy.json",
  "prompt_format": "chat",
  "prompts": 204,
  "quality": {
    "ci95": {
      "confidence": 0.95,
      "high": 0.8439207523072019,
      "low": 0.7334424007465139
    },
    "json_axes": {
      "axes": {
        "no_extra_text": {
          "ci95": {
            "confidence": 0.95,
            "high": 0.9894864657841469,
            "low": 0.9439172983193602
          },
          "pass_rate": 0.9754901960784313,
          "passed": 199,
          "scored": 204
        },
        "parse_valid": {
          "ci95": {
            "confidence": 0.95,
            "high": 0.9894864657841469,
            "low": 0.9439172983193602
          },
          "pass_rate": 0.9754901960784313,
          "passed": 199,
          "scored": 204
        },
        "schema_ok": {
          "ci95": {
            "confidence": 0.95,
            "high": 0.9894864657841469,
            "low": 0.9439172983193602
          },
          "pass_rate": 0.9754901960784313,
          "passed": 199,
          "scored": 204
        },
        "strict_pass": {
          "ci95": {
            "confidence": 0.95,
            "high": 0.8439207523072019,
            "low": 0.7334424007465139
          },
          "pass_rate": 0.7941176470588235,
          "passed": 162,
          "scored": 204
        },
        "type_ok": {
          "ci95": {
            "confidence": 0.95,
            "high": 0.9894864657841469,
            "low": 0.9439172983193602
          },
          "pass_rate": 0.9754901960784313,
          "passed": 199,
          "scored": 204
        },
        "value_correct": {
          "ci95": {
            "confidence": 0.95,
            "high": 0.8439207523072019,
            "low": 0.7334424007465139
          },
          "pass_rate": 0.7941176470588235,
          "passed": 162,
          "scored": 204
        }
      },
      "kind": "json_axis_summary",
      "scored": 204
    },
    "pass_rate": 0.7941176470588235,
    "passed": 162,
    "scored": 204,
    "status": "fail",
    "tags": {
      "arithmetic": {
        "pass_rate": 0.7941176470588235,
        "passed": 27,
        "scored": 34
      },
      "categorization": {
        "pass_rate": 0.9411764705882353,
        "passed": 32,
        "scored": 34
      },
      "code": {
        "pass_rate": 1.0,
        "passed": 34,
        "scored": 34
      },
      "compiler": {
        "pass_rate": 0.4117647058823529,
        "passed": 14,
        "scored": 34
      },
      "eval": {
        "pass_rate": 0.7941176470588235,
        "passed": 162,
        "scored": 204
      },
      "fact": {
        "pass_rate": 1.0,
        "passed": 34,
        "scored": 34
      },
      "json_answer": {
        "pass_rate": 0.7941176470588235,
        "passed": 162,
        "scored": 204
      },
      "string": {
        "pass_rate": 0.6176470588235294,
        "passed": 21,
        "scored": 34
      }
    }
  },
  "seed": 20260613,
  "storage": "shared",
  "temperature": 0.0,
  "tok_s": 14.763052639175621
}