{
  "device_ms": 0.061352000000000004,
  "device_q4_gbs": 153.82031555613506,
  "global_mem_mb": 9.478144,
  "iters": 5,
  "kernels": 1.0,
  "mode": "v1_partial",
  "opts": [
    "Opt(op=OptOps.LOCAL, axis=0, arg=32)"
  ],
  "parts": 1,
  "primitive_gemv_max_abs": 0.001445770263671875,
  "q4_bytes": 9437184,
  "raw_file": "bench/amd-decode-flywheel-proof-20260614/shadow-v0/runs/block-dot-blk-0-attn-output-weight/raw/run-02-v1_partial.json",
  "run": 2,
  "shape": [
    4096,
    4096
  ],
  "tensor": "blk.0.attn_output.weight",
  "wall_ms": 3.4657145995879546,
  "wall_q4_gbs": 2.7230124491849397
}
