{
  "device_ms": 0.09797600000000001,
  "device_q4_gbs": 96.32138482893768,
  "global_mem_mb": 0.032768,
  "iters": 5,
  "kernels": 1.0,
  "mode": "qk_block_dot",
  "opts": [
    "Opt(op=OptOps.LOCAL, axis=0, arg=32)"
  ],
  "parts": 1,
  "primitive_gemv_max_abs": 0.0014505386352539062,
  "q4_bytes": 9437184,
  "raw_file": "bench/amd-decode-flywheel-proof-20260614/shadow-v0/runs/block-dot-blk-0-attn-output-weight/raw/run-02-qk_block_dot.json",
  "run": 2,
  "shape": [
    4096,
    4096
  ],
  "tensor": "blk.0.attn_output.weight",
  "wall_ms": 1.1295257994788699,
  "wall_q4_gbs": 8.354996410311335
}
