{
  "device_ms": 0.099632,
  "device_q4_gbs": 284.16123333868643,
  "global_mem_mb": 0.098304,
  "iters": 5,
  "kernels": 1.0,
  "mode": "qk_block_dot",
  "opts": [
    "Opt(op=OptOps.LOCAL, axis=0, arg=32)"
  ],
  "parts": 1,
  "primitive_gemv_max_abs": 0.001238703727722168,
  "q4_bytes": 28311552,
  "raw_file": "bench/qk-block-dot-microbench-20260613/raw/run-00-qk_block_dot.json",
  "run": 0,
  "shape": [
    12288,
    4096
  ],
  "tensor": "blk.0.ffn_gate.weight",
  "wall_ms": 1.152454997645691,
  "wall_q4_gbs": 24.566297215801615
}
