{
  "device_ms": 0.09907200000000001,
  "device_q4_gbs": 285.7674418604651,
  "global_mem_mb": 0.098304,
  "iters": 5,
  "kernels": 1.0,
  "mode": "qk_block_dot",
  "opts": [
    "Opt(op=OptOps.LOCAL, axis=0, arg=32)"
  ],
  "parts": 1,
  "primitive_gemv_max_abs": 0.001238703727722168,
  "q4_bytes": 28311552,
  "raw_file": "bench/qk-block-dot-microbench-20260613/raw/run-04-qk_block_dot.json",
  "run": 4,
  "shape": [
    12288,
    4096
  ],
  "tensor": "blk.0.ffn_gate.weight",
  "wall_ms": 1.1280212027486414,
  "wall_q4_gbs": 25.09842184793463
}
