{
  "protocol": "TinyJit replay, preallocated output, 3 pre-sample calls, alternating A/B, synchronize around each, 30 samples",
  "single_ms": [
    0.261552,
    0.240162,
    0.245522,
    0.234161,
    0.247014,
    0.230965,
    0.239761,
    0.227609,
    0.231716,
    0.231206,
    0.231806,
    0.230954,
    0.232227,
    0.227178,
    0.227188,
    0.226356,
    0.226065,
    0.227288,
    0.225564,
    0.223861,
    0.227798,
    0.224443,
    0.224773,
    0.229772,
    0.22822,
    0.238248,
    0.229763,
    0.234882,
    0.228099,
    0.231335
  ],
  "g2_ms": [
    0.248869,
    0.244039,
    0.238138,
    0.236695,
    0.233529,
    0.231456,
    0.230474,
    0.227758,
    0.231024,
    0.229411,
    0.237006,
    0.236115,
    0.241024,
    0.232608,
    0.232527,
    0.226597,
    0.232177,
    0.226777,
    0.226296,
    0.231516,
    0.227699,
    0.233259,
    0.227017,
    0.233029,
    0.228289,
    0.230394,
    0.228951,
    0.227929,
    0.229001,
    0.225053
  ],
  "single_median_ms": 0.23036299999999998,
  "g2_median_ms": 0.23124,
  "speedup": 0.9962074035633972,
  "max_abs_single_ref": 8.243322372436523e-05,
  "max_abs_g2_ref": 8.243322372436523e-05,
  "max_abs_g2_single": 0.0,
  "single_stats": {
    "calls": 1,
    "source_len": 74892,
    "global_k_load_refs": 129,
    "global_v_load_refs": 129,
    "workgroup_barriers": 0,
    "wave_waits": 1,
    "lds_decl_bytes_est": 0,
    "binary_len": 12328
  },
  "g2_stats": {
    "calls": 1,
    "source_len": 73810,
    "global_k_load_refs": 5,
    "global_v_load_refs": 5,
    "workgroup_barriers": 0,
    "wave_waits": 1,
    "lds_decl_bytes_est": 0,
    "binary_len": 12808
  }
}