{
  "adapter": "bench/qwen-adapter-20260613/8b-output-lora-r16-v3",
  "dataset": "bench/qwen-adapter-20260613/training-data-v4/eval-prompts.jsonl",
  "elapsed_s": 289.348914,
  "generated": 2298,
  "kind": "llm_rollout_summary",
  "mode": "generated",
  "model": "/home/ubuntu/models/Qwen3-8B-Q4_K_M.gguf",
  "policy": "bench/qk-shared-storage-20260612/8b/policy.json",
  "prompt_format": "chat",
  "prompts": 204,
  "quality": {
    "ci95": {
      "confidence": 0.95,
      "high": 0.4056141746429552,
      "low": 0.27683609117750113
    },
    "json_axes": {
      "axes": {
        "no_extra_text": {
          "ci95": {
            "confidence": 0.95,
            "high": 0.852572180545598,
            "low": 0.7440364109432417
          },
          "pass_rate": 0.803921568627451,
          "passed": 164,
          "scored": 204
        },
        "parse_valid": {
          "ci95": {
            "confidence": 0.95,
            "high": 0.852572180545598,
            "low": 0.7440364109432417
          },
          "pass_rate": 0.803921568627451,
          "passed": 164,
          "scored": 204
        },
        "schema_ok": {
          "ci95": {
            "confidence": 0.95,
            "high": 0.852572180545598,
            "low": 0.7440364109432417
          },
          "pass_rate": 0.803921568627451,
          "passed": 164,
          "scored": 204
        },
        "strict_pass": {
          "ci95": {
            "confidence": 0.95,
            "high": 0.4056141746429552,
            "low": 0.27683609117750113
          },
          "pass_rate": 0.3382352941176471,
          "passed": 69,
          "scored": 204
        },
        "type_ok": {
          "ci95": {
            "confidence": 0.95,
            "high": 0.8482526005400096,
            "low": 0.7387332717312681
          },
          "pass_rate": 0.7990196078431373,
          "passed": 163,
          "scored": 204
        },
        "value_correct": {
          "ci95": {
            "confidence": 0.95,
            "high": 0.4056141746429552,
            "low": 0.27683609117750113
          },
          "pass_rate": 0.3382352941176471,
          "passed": 69,
          "scored": 204
        }
      },
      "kind": "json_axis_summary",
      "scored": 204
    },
    "pass_rate": 0.3382352941176471,
    "passed": 69,
    "scored": 204,
    "status": "fail",
    "tags": {
      "arithmetic": {
        "pass_rate": 0.0,
        "passed": 0,
        "scored": 34
      },
      "categorization": {
        "pass_rate": 0.7058823529411765,
        "passed": 24,
        "scored": 34
      },
      "code": {
        "pass_rate": 0.0,
        "passed": 0,
        "scored": 34
      },
      "compiler": {
        "pass_rate": 0.0,
        "passed": 0,
        "scored": 34
      },
      "eval": {
        "pass_rate": 0.3382352941176471,
        "passed": 69,
        "scored": 204
      },
      "fact": {
        "pass_rate": 0.9705882352941176,
        "passed": 33,
        "scored": 34
      },
      "json_answer": {
        "pass_rate": 0.3382352941176471,
        "passed": 69,
        "scored": 204
      },
      "string": {
        "pass_rate": 0.35294117647058826,
        "passed": 12,
        "scored": 34
      }
    }
  },
  "seed": 20260613,
  "storage": "shared",
  "temperature": 0.0,
  "tok_s": 7.941968636523033
}