opened device NV from pid:2917019
max_context=explicit -> 768 (free 34.1GB, budget 34.0GB with scanned reserve 0.1GB, weights 18.9GB, KV 0.15GB/1k, prefill-peak 0.07GB/1k, trained 40960, fp16-cap 71001, q8-cap 107700)
opened device DISK:/home/ubuntu/models/Qwen3-8B-Q4_K_M.gguf from pid:2917019
*** NV         1 copy    4.68 GB,      NV <- DISK:/h            arg  2 mem   5.03 GB tm   3155.27ms/  3155.27ms (      0 GFLOPS    2|2      GB/s) 
scheduled     2 kernels in    29.44 ms | CACHE MISS b05eceb9 |   23332 uops in cache | /home/ubuntu/tinygrad-arkey/extra/llm_research/decode/nv_predispatch_full_logits_qualification.py:50
*** NV         2 E_32_32_4_8eeb0be1271d29e75036577a0f78604299ce04d3c87461b79b0e8e5b78f540f4 arg  2 mem   5.03 GB tm      2.34us/  3155.27ms (     12 GFLOPS   11|11     GB/s) 
*** NV         3 E_32_32_4_754efa125a4186de196d591a52274307faebf8f3b7cce694e5a62499996fa352 arg  2 mem   5.03 GB tm      1.82us/  3155.27ms (      0 GFLOPS    9|9      GB/s) 
scheduled     2 kernels in     1.62 ms |  cache hit b05eceb9 |   23481 uops in cache | /home/ubuntu/tinygrad-arkey/extra/llm_research/decode/nv_predispatch_full_logits_qualification.py:50
*** NV         4 E_32_32_4_8eeb0be1271d29e75036577a0f78604299ce04d3c87461b79b0e8e5b78f540f4 arg  2 mem   5.03 GB tm      2.11us/  3155.27ms (     14 GFLOPS   12|12     GB/s) 
*** NV         5 E_32_32_4_754efa125a4186de196d591a52274307faebf8f3b7cce694e5a62499996fa352 arg  2 mem   5.03 GB tm      1.50us/  3155.28ms (      0 GFLOPS   11|11     GB/s) 
scheduled     2 kernels in     6.84 ms | CACHE MISS 72521c2d |   23539 uops in cache | /home/ubuntu/tinygrad-arkey/extra/llm_research/decode/nv_predispatch_full_logits_qualification.py:50
*** NV         6 E_32_4_0fd8e427e9d1dbecd1dfa1010a8341575d43229d560da1084c9a2216cd00e715 arg  2 mem   5.03 GB tm      2.08us/  3155.28ms (      0 GFLOPS    0|0      GB/s) 
*** NV         7 E_32_4_29b9247cf1e2a1c060f0289ff695739b5006271ccc72adc77c39893969f68554 arg  2 mem   5.03 GB tm      1.44us/  3155.28ms (      0 GFLOPS    0|0      GB/s) 
scheduled     2 kernels in     1.60 ms |  cache hit 72521c2d |   23664 uops in cache | /home/ubuntu/tinygrad-arkey/extra/llm_research/decode/nv_predispatch_full_logits_qualification.py:50
*** NV         8 E_32_4_0fd8e427e9d1dbecd1dfa1010a8341575d43229d560da1084c9a2216cd00e715 arg  2 mem   5.03 GB tm      1.79us/  3155.28ms (      0 GFLOPS    0|0      GB/s) 
*** NV         9 E_32_4_29b9247cf1e2a1c060f0289ff695739b5006271ccc72adc77c39893969f68554 arg  2 mem   5.03 GB tm      1.47us/  3155.28ms (      0 GFLOPS    0|0      GB/s) 
scheduled     2 kernels in     1.59 ms |  cache hit b05eceb9 |   23667 uops in cache | /home/ubuntu/tinygrad-arkey/extra/llm_research/decode/nv_predispatch_full_logits_qualification.py:50
*** NV        10 E_32_32_4_8eeb0be1271d29e75036577a0f78604299ce04d3c87461b79b0e8e5b78f540f4 arg  2 mem   5.03 GB tm      2.18us/  3155.29ms (     13 GFLOPS   11|11     GB/s) 
*** NV        11 E_32_32_4_754efa125a4186de196d591a52274307faebf8f3b7cce694e5a62499996fa352 arg  2 mem   5.03 GB tm      1.57us/  3155.29ms (      0 GFLOPS   10|10     GB/s) 
scheduled     2 kernels in     1.61 ms |  cache hit b05eceb9 |   23670 uops in cache | /home/ubuntu/tinygrad-arkey/extra/llm_research/decode/nv_predispatch_full_logits_qualification.py:50
*** NV        12 E_32_32_4_8eeb0be1271d29e75036577a0f78604299ce04d3c87461b79b0e8e5b78f540f4 arg  2 mem   5.03 GB tm      2.11us/  3155.29ms (     14 GFLOPS   12|12     GB/s) 
*** NV        13 E_32_32_4_754efa125a4186de196d591a52274307faebf8f3b7cce694e5a62499996fa352 arg  2 mem   5.03 GB tm      1.63us/  3155.29ms (      0 GFLOPS   10|10     GB/s) 
scheduled     2 kernels in     1.57 ms |  cache hit 72521c2d |   23673 uops in cache | /home/ubuntu/tinygrad-arkey/extra/llm_research/decode/nv_predispatch_full_logits_qualification.py:50
*** NV        14 E_32_4_0fd8e427e9d1dbecd1dfa1010a8341575d43229d560da1084c9a2216cd00e715 arg  2 mem   5.03 GB tm      1.82us/  3155.29ms (      0 GFLOPS    0|0      GB/s) 
*** NV        15 E_32_4_29b9247cf1e2a1c060f0289ff695739b5006271ccc72adc77c39893969f68554 arg  2 mem   5.03 GB tm      1.50us/  3155.29ms (      0 GFLOPS    0|0      GB/s) 
scheduled     2 kernels in     1.56 ms |  cache hit 72521c2d |   23676 uops in cache | /home/ubuntu/tinygrad-arkey/extra/llm_research/decode/nv_predispatch_full_logits_qualification.py:50
*** NV        16 E_32_4_0fd8e427e9d1dbecd1dfa1010a8341575d43229d560da1084c9a2216cd00e715 arg  2 mem   5.03 GB tm      1.76us/  3155.30ms (      1 GFLOPS    0|0      GB/s) 
*** NV        17 E_32_4_29b9247cf1e2a1c060f0289ff695739b5006271ccc72adc77c39893969f68554 arg  2 mem   5.03 GB tm      1.50us/  3155.30ms (      0 GFLOPS    0|0      GB/s) 
scheduled     2 kernels in     1.58 ms |  cache hit b05eceb9 |   23679 uops in cache | /home/ubuntu/tinygrad-arkey/extra/llm_research/decode/nv_predispatch_full_logits_qualification.py:50
*** NV        18 E_32_32_4_8eeb0be1271d29e75036577a0f78604299ce04d3c87461b79b0e8e5b78f540f4 arg  2 mem   5.03 GB tm      2.11us/  3155.30ms (     14 GFLOPS   12|12     GB/s) 
*** NV        19 E_32_32_4_754efa125a4186de196d591a52274307faebf8f3b7cce694e5a62499996fa352 arg  2 mem   5.03 GB tm      1.60us/  3155.30ms (      0 GFLOPS   10|10     GB/s) 
scheduled     2 kernels in     1.58 ms |  cache hit b05eceb9 |   23682 uops in cache | /home/ubuntu/tinygrad-arkey/extra/llm_research/decode/nv_predispatch_full_logits_qualification.py:50
*** NV        20 E_32_32_4_8eeb0be1271d29e75036577a0f78604299ce04d3c87461b79b0e8e5b78f540f4 arg  2 mem   5.03 GB tm      2.08us/  3155.30ms (     14 GFLOPS   12|12     GB/s) 
*** NV        21 E_32_32_4_754efa125a4186de196d591a52274307faebf8f3b7cce694e5a62499996fa352 arg  2 mem   5.03 GB tm      1.54us/  3155.30ms (      0 GFLOPS   11|11     GB/s) 
scheduled     2 kernels in     1.53 ms |  cache hit 72521c2d |   23685 uops in cache | /home/ubuntu/tinygrad-arkey/extra/llm_research/decode/nv_predispatch_full_logits_qualification.py:50
*** NV        22 E_32_4_0fd8e427e9d1dbecd1dfa1010a8341575d43229d560da1084c9a2216cd00e715 arg  2 mem   5.03 GB tm      2.05us/  3155.31ms (      0 GFLOPS    0|0      GB/s) 
*** NV        23 E_32_4_29b9247cf1e2a1c060f0289ff695739b5006271ccc72adc77c39893969f68554 arg  2 mem   5.03 GB tm      1.54us/  3155.31ms (      0 GFLOPS    0|0      GB/s) 
scheduled     2 kernels in     1.55 ms |  cache hit 72521c2d |   23688 uops in cache | /home/ubuntu/tinygrad-arkey/extra/llm_research/decode/nv_predispatch_full_logits_qualification.py:50
*** NV        24 E_32_4_0fd8e427e9d1dbecd1dfa1010a8341575d43229d560da1084c9a2216cd00e715 arg  2 mem   5.03 GB tm      1.79us/  3155.31ms (      0 GFLOPS    0|0      GB/s) 
*** NV        25 E_32_4_29b9247cf1e2a1c060f0289ff695739b5006271ccc72adc77c39893969f68554 arg  2 mem   5.03 GB tm      1.54us/  3155.31ms (      0 GFLOPS    0|0      GB/s) 
scheduled     2 kernels in     1.62 ms |  cache hit b05eceb9 |   23691 uops in cache | /home/ubuntu/tinygrad-arkey/extra/llm_research/decode/nv_predispatch_full_logits_qualification.py:50
*** NV        26 E_32_32_4_8eeb0be1271d29e75036577a0f78604299ce04d3c87461b79b0e8e5b78f540f4 arg  2 mem   5.03 GB tm      2.11us/  3155.31ms (     14 GFLOPS   12|12     GB/s) 
*** NV        27 E_32_32_4_754efa125a4186de196d591a52274307faebf8f3b7cce694e5a62499996fa352 arg  2 mem   5.03 GB tm      1.54us/  3155.31ms (      0 GFLOPS   11|11     GB/s) 
scheduled     2 kernels in     1.55 ms |  cache hit b05eceb9 |   23694 uops in cache | /home/ubuntu/tinygrad-arkey/extra/llm_research/decode/nv_predispatch_full_logits_qualification.py:50
*** NV        28 E_32_32_4_8eeb0be1271d29e75036577a0f78604299ce04d3c87461b79b0e8e5b78f540f4 arg  2 mem   5.03 GB tm      2.14us/  3155.32ms (     13 GFLOPS   11|11     GB/s) 
*** NV        29 E_32_32_4_754efa125a4186de196d591a52274307faebf8f3b7cce694e5a62499996fa352 arg  2 mem   5.03 GB tm      1.57us/  3155.32ms (      0 GFLOPS   10|10     GB/s) 
scheduled     2 kernels in     1.54 ms |  cache hit 72521c2d |   23697 uops in cache | /home/ubuntu/tinygrad-arkey/extra/llm_research/decode/nv_predispatch_full_logits_qualification.py:50
*** NV        30 E_32_4_0fd8e427e9d1dbecd1dfa1010a8341575d43229d560da1084c9a2216cd00e715 arg  2 mem   5.03 GB tm      1.79us/  3155.32ms (      0 GFLOPS    0|0      GB/s) 
*** NV        31 E_32_4_29b9247cf1e2a1c060f0289ff695739b5006271ccc72adc77c39893969f68554 arg  2 mem   5.03 GB tm      1.50us/  3155.32ms (      0 GFLOPS    0|0      GB/s) 
scheduled     2 kernels in     1.57 ms |  cache hit 72521c2d |   23700 uops in cache | /home/ubuntu/tinygrad-arkey/extra/llm_research/decode/nv_predispatch_full_logits_qualification.py:50
*** NV        32 E_32_4_0fd8e427e9d1dbecd1dfa1010a8341575d43229d560da1084c9a2216cd00e715 arg  2 mem   5.03 GB tm      1.76us/  3155.32ms (      1 GFLOPS    0|0      GB/s) 
*** NV        33 E_32_4_29b9247cf1e2a1c060f0289ff695739b5006271ccc72adc77c39893969f68554 arg  2 mem   5.03 GB tm      1.50us/  3155.33ms (      0 GFLOPS    0|0      GB/s) 
scheduled     2 kernels in     1.57 ms |  cache hit b05eceb9 |   23703 uops in cache | /home/ubuntu/tinygrad-arkey/extra/llm_research/decode/nv_predispatch_full_logits_qualification.py:50
*** NV        34 E_32_32_4_8eeb0be1271d29e75036577a0f78604299ce04d3c87461b79b0e8e5b78f540f4 arg  2 mem   5.03 GB tm      2.11us/  3155.33ms (     14 GFLOPS   12|12     GB/s) 
*** NV        35 E_32_32_4_754efa125a4186de196d591a52274307faebf8f3b7cce694e5a62499996fa352 arg  2 mem   5.03 GB tm      1.66us/  3155.33ms (      0 GFLOPS   10|10     GB/s) 
scheduled     2 kernels in     1.51 ms |  cache hit b05eceb9 |   23706 uops in cache | /home/ubuntu/tinygrad-arkey/extra/llm_research/decode/nv_predispatch_full_logits_qualification.py:50
*** NV        36 E_32_32_4_8eeb0be1271d29e75036577a0f78604299ce04d3c87461b79b0e8e5b78f540f4 arg  2 mem   5.03 GB tm      2.30us/  3155.33ms (     12 GFLOPS   11|11     GB/s) 
*** NV        37 E_32_32_4_754efa125a4186de196d591a52274307faebf8f3b7cce694e5a62499996fa352 arg  2 mem   5.03 GB tm      1.54us/  3155.33ms (      0 GFLOPS   11|11     GB/s) 
scheduled     2 kernels in     1.52 ms |  cache hit 72521c2d |   23709 uops in cache | /home/ubuntu/tinygrad-arkey/extra/llm_research/decode/nv_predispatch_full_logits_qualification.py:50
*** NV        38 E_32_4_0fd8e427e9d1dbecd1dfa1010a8341575d43229d560da1084c9a2216cd00e715 arg  2 mem   5.03 GB tm      1.89us/  3155.33ms (      0 GFLOPS    0|0      GB/s) 
*** NV        39 E_32_4_29b9247cf1e2a1c060f0289ff695739b5006271ccc72adc77c39893969f68554 arg  2 mem   5.03 GB tm      1.54us/  3155.34ms (      0 GFLOPS    0|0      GB/s) 
scheduled     2 kernels in     1.63 ms |  cache hit 72521c2d |   23712 uops in cache | /home/ubuntu/tinygrad-arkey/extra/llm_research/decode/nv_predispatch_full_logits_qualification.py:50
*** NV        40 E_32_4_0fd8e427e9d1dbecd1dfa1010a8341575d43229d560da1084c9a2216cd00e715 arg  2 mem   5.03 GB tm      1.79us/  3155.34ms (      0 GFLOPS    0|0      GB/s) 
*** NV        41 E_32_4_29b9247cf1e2a1c060f0289ff695739b5006271ccc72adc77c39893969f68554 arg  2 mem   5.03 GB tm      1.50us/  3155.34ms (      0 GFLOPS    0|0      GB/s) 
scheduled     2 kernels in     1.60 ms |  cache hit b05eceb9 |   23715 uops in cache | /home/ubuntu/tinygrad-arkey/extra/llm_research/decode/nv_predispatch_full_logits_qualification.py:50
*** NV        42 E_32_32_4_8eeb0be1271d29e75036577a0f78604299ce04d3c87461b79b0e8e5b78f540f4 arg  2 mem   5.03 GB tm      2.11us/  3155.34ms (     14 GFLOPS   12|12     GB/s) 
*** NV        43 E_32_32_4_754efa125a4186de196d591a52274307faebf8f3b7cce694e5a62499996fa352 arg  2 mem   5.03 GB tm      1.60us/  3155.34ms (      0 GFLOPS   10|10     GB/s) 
scheduled     2 kernels in     1.55 ms |  cache hit b05eceb9 |   23718 uops in cache | /home/ubuntu/tinygrad-arkey/extra/llm_research/decode/nv_predispatch_full_logits_qualification.py:50
*** NV        44 E_32_32_4_8eeb0be1271d29e75036577a0f78604299ce04d3c87461b79b0e8e5b78f540f4 arg  2 mem   5.03 GB tm      2.08us/  3155.35ms (     14 GFLOPS   12|12     GB/s) 
*** NV        45 E_32_32_4_754efa125a4186de196d591a52274307faebf8f3b7cce694e5a62499996fa352 arg  2 mem   5.03 GB tm      1.54us/  3155.35ms (      0 GFLOPS   11|11     GB/s) 
scheduled     2 kernels in     1.63 ms |  cache hit 72521c2d |   23721 uops in cache | /home/ubuntu/tinygrad-arkey/extra/llm_research/decode/nv_predispatch_full_logits_qualification.py:50
*** NV        46 E_32_4_0fd8e427e9d1dbecd1dfa1010a8341575d43229d560da1084c9a2216cd00e715 arg  2 mem   5.03 GB tm      1.79us/  3155.35ms (      0 GFLOPS    0|0      GB/s) 
*** NV        47 E_32_4_29b9247cf1e2a1c060f0289ff695739b5006271ccc72adc77c39893969f68554 arg  2 mem   5.03 GB tm      1.50us/  3155.35ms (      0 GFLOPS    0|0      GB/s) 
scheduled     2 kernels in     1.55 ms |  cache hit 72521c2d |   23724 uops in cache | /home/ubuntu/tinygrad-arkey/extra/llm_research/decode/nv_predispatch_full_logits_qualification.py:50
*** NV        48 E_32_4_0fd8e427e9d1dbecd1dfa1010a8341575d43229d560da1084c9a2216cd00e715 arg  2 mem   5.03 GB tm      1.76us/  3155.35ms (      1 GFLOPS    0|0      GB/s) 
*** NV        49 E_32_4_29b9247cf1e2a1c060f0289ff695739b5006271ccc72adc77c39893969f68554 arg  2 mem   5.03 GB tm      1.54us/  3155.35ms (      0 GFLOPS    0|0      GB/s) 
scheduled     2 kernels in     1.56 ms |  cache hit b05eceb9 |   23727 uops in cache | /home/ubuntu/tinygrad-arkey/extra/llm_research/decode/nv_predispatch_full_logits_qualification.py:50
*** NV        50 E_32_32_4_8eeb0be1271d29e75036577a0f78604299ce04d3c87461b79b0e8e5b78f540f4 arg  2 mem   5.03 GB tm      2.18us/  3155.36ms (     13 GFLOPS   11|11     GB/s) 
*** NV        51 E_32_32_4_754efa125a4186de196d591a52274307faebf8f3b7cce694e5a62499996fa352 arg  2 mem   5.03 GB tm      1.54us/  3155.36ms (      0 GFLOPS   11|11     GB/s) 
scheduled     2 kernels in     1.54 ms |  cache hit b05eceb9 |   23730 uops in cache | /home/ubuntu/tinygrad-arkey/extra/llm_research/decode/nv_predispatch_full_logits_qualification.py:50
*** NV        52 E_32_32_4_8eeb0be1271d29e75036577a0f78604299ce04d3c87461b79b0e8e5b78f540f4 arg  2 mem   5.03 GB tm      2.11us/  3155.36ms (     14 GFLOPS   12|12     GB/s) 
*** NV        53 E_32_32_4_754efa125a4186de196d591a52274307faebf8f3b7cce694e5a62499996fa352 arg  2 mem   5.03 GB tm      1.50us/  3155.36ms (      0 GFLOPS   11|11     GB/s) 
scheduled     2 kernels in     1.56 ms |  cache hit 72521c2d |   23733 uops in cache | /home/ubuntu/tinygrad-arkey/extra/llm_research/decode/nv_predispatch_full_logits_qualification.py:50
*** NV        54 E_32_4_0fd8e427e9d1dbecd1dfa1010a8341575d43229d560da1084c9a2216cd00e715 arg  2 mem   5.03 GB tm      2.05us/  3155.36ms (      0 GFLOPS    0|0      GB/s) 
*** NV        55 E_32_4_29b9247cf1e2a1c060f0289ff695739b5006271ccc72adc77c39893969f68554 arg  2 mem   5.03 GB tm      1.50us/  3155.36ms (      0 GFLOPS    0|0      GB/s) 
scheduled     2 kernels in     1.58 ms |  cache hit 72521c2d |   23736 uops in cache | /home/ubuntu/tinygrad-arkey/extra/llm_research/decode/nv_predispatch_full_logits_qualification.py:50
*** NV        56 E_32_4_0fd8e427e9d1dbecd1dfa1010a8341575d43229d560da1084c9a2216cd00e715 arg  2 mem   5.03 GB tm      1.79us/  3155.37ms (      0 GFLOPS    0|0      GB/s) 
*** NV        57 E_32_4_29b9247cf1e2a1c060f0289ff695739b5006271ccc72adc77c39893969f68554 arg  2 mem   5.03 GB tm      1.47us/  3155.37ms (      0 GFLOPS    0|0      GB/s) 
scheduled     2 kernels in     1.52 ms |  cache hit b05eceb9 |   23739 uops in cache | /home/ubuntu/tinygrad-arkey/extra/llm_research/decode/nv_predispatch_full_logits_qualification.py:50
*** NV        58 E_32_32_4_8eeb0be1271d29e75036577a0f78604299ce04d3c87461b79b0e8e5b78f540f4 arg  2 mem   5.03 GB tm      2.11us/  3155.37ms (     14 GFLOPS   12|12     GB/s) 
*** NV        59 E_32_32_4_754efa125a4186de196d591a52274307faebf8f3b7cce694e5a62499996fa352 arg  2 mem   5.03 GB tm      1.57us/  3155.37ms (      0 GFLOPS   10|10     GB/s) 
scheduled     2 kernels in     1.52 ms |  cache hit b05eceb9 |   23742 uops in cache | /home/ubuntu/tinygrad-arkey/extra/llm_research/decode/nv_predispatch_full_logits_qualification.py:50
*** NV        60 E_32_32_4_8eeb0be1271d29e75036577a0f78604299ce04d3c87461b79b0e8e5b78f540f4 arg  2 mem   5.03 GB tm      2.21us/  3155.37ms (     13 GFLOPS   11|11     GB/s) 
*** NV        61 E_32_32_4_754efa125a4186de196d591a52274307faebf8f3b7cce694e5a62499996fa352 arg  2 mem   5.03 GB tm      1.57us/  3155.38ms (      0 GFLOPS   10|10     GB/s) 
scheduled     2 kernels in     1.56 ms |  cache hit 72521c2d |   23745 uops in cache | /home/ubuntu/tinygrad-arkey/extra/llm_research/decode/nv_predispatch_full_logits_qualification.py:50
*** NV        62 E_32_4_0fd8e427e9d1dbecd1dfa1010a8341575d43229d560da1084c9a2216cd00e715 arg  2 mem   5.03 GB tm      1.79us/  3155.38ms (      0 GFLOPS    0|0      GB/s) 
*** NV        63 E_32_4_29b9247cf1e2a1c060f0289ff695739b5006271ccc72adc77c39893969f68554 arg  2 mem   5.03 GB tm      1.54us/  3155.38ms (      0 GFLOPS    0|0      GB/s) 
scheduled     2 kernels in     1.59 ms |  cache hit 72521c2d |   23748 uops in cache | /home/ubuntu/tinygrad-arkey/extra/llm_research/decode/nv_predispatch_full_logits_qualification.py:50
*** NV        64 E_32_4_0fd8e427e9d1dbecd1dfa1010a8341575d43229d560da1084c9a2216cd00e715 arg  2 mem   5.03 GB tm      1.79us/  3155.38ms (      0 GFLOPS    0|0      GB/s) 
*** NV        65 E_32_4_29b9247cf1e2a1c060f0289ff695739b5006271ccc72adc77c39893969f68554 arg  2 mem   5.03 GB tm      1.54us/  3155.38ms (      0 GFLOPS    0|0      GB/s) 
scheduled     2 kernels in     1.58 ms |  cache hit b05eceb9 |   23751 uops in cache | /home/ubuntu/tinygrad-arkey/extra/llm_research/decode/nv_predispatch_full_logits_qualification.py:50
*** NV        66 E_32_32_4_8eeb0be1271d29e75036577a0f78604299ce04d3c87461b79b0e8e5b78f540f4 arg  2 mem   5.03 GB tm      2.30us/  3155.38ms (     12 GFLOPS   11|11     GB/s) 
*** NV        67 E_32_32_4_754efa125a4186de196d591a52274307faebf8f3b7cce694e5a62499996fa352 arg  2 mem   5.03 GB tm      1.54us/  3155.39ms (      0 GFLOPS   11|11     GB/s) 
scheduled     2 kernels in     1.59 ms |  cache hit b05eceb9 |   23754 uops in cache | /home/ubuntu/tinygrad-arkey/extra/llm_research/decode/nv_predispatch_full_logits_qualification.py:50
*** NV        68 E_32_32_4_8eeb0be1271d29e75036577a0f78604299ce04d3c87461b79b0e8e5b78f540f4 arg  2 mem   5.03 GB tm      2.11us/  3155.39ms (     14 GFLOPS   12|12     GB/s) 
*** NV        69 E_32_32_4_754efa125a4186de196d591a52274307faebf8f3b7cce694e5a62499996fa352 arg  2 mem   5.03 GB tm      1.50us/  3155.39ms (      0 GFLOPS   11|11     GB/s) 
scheduled     2 kernels in     1.51 ms |  cache hit 72521c2d |   23757 uops in cache | /home/ubuntu/tinygrad-arkey/extra/llm_research/decode/nv_predispatch_full_logits_qualification.py:50
*** NV        70 E_32_4_0fd8e427e9d1dbecd1dfa1010a8341575d43229d560da1084c9a2216cd00e715 arg  2 mem   5.03 GB tm      1.79us/  3155.39ms (      0 GFLOPS    0|0      GB/s) 
*** NV        71 E_32_4_29b9247cf1e2a1c060f0289ff695739b5006271ccc72adc77c39893969f68554 arg  2 mem   5.03 GB tm      1.50us/  3155.39ms (      0 GFLOPS    0|0      GB/s) 
scheduled     2 kernels in     1.72 ms |  cache hit 72521c2d |   23760 uops in cache | /home/ubuntu/tinygrad-arkey/extra/llm_research/decode/nv_predispatch_full_logits_qualification.py:50
*** NV        72 E_32_4_0fd8e427e9d1dbecd1dfa1010a8341575d43229d560da1084c9a2216cd00e715 arg  2 mem   5.03 GB tm      1.79us/  3155.39ms (      0 GFLOPS    0|0      GB/s) 
*** NV        73 E_32_4_29b9247cf1e2a1c060f0289ff695739b5006271ccc72adc77c39893969f68554 arg  2 mem   5.03 GB tm      1.50us/  3155.40ms (      0 GFLOPS    0|0      GB/s) 
scheduled     2 kernels in     1.54 ms |  cache hit b05eceb9 |   23763 uops in cache | /home/ubuntu/tinygrad-arkey/extra/llm_research/decode/nv_predispatch_full_logits_qualification.py:50
*** NV        74 E_32_32_4_8eeb0be1271d29e75036577a0f78604299ce04d3c87461b79b0e8e5b78f540f4 arg  2 mem   5.03 GB tm      2.18us/  3155.40ms (     13 GFLOPS   11|11     GB/s) 
*** NV        75 E_32_32_4_754efa125a4186de196d591a52274307faebf8f3b7cce694e5a62499996fa352 arg  2 mem   5.03 GB tm      1.54us/  3155.40ms (      0 GFLOPS   11|11     GB/s) 
scheduled     2 kernels in     1.48 ms |  cache hit b05eceb9 |   23766 uops in cache | /home/ubuntu/tinygrad-arkey/extra/llm_research/decode/nv_predispatch_full_logits_qualification.py:50
*** NV        76 E_32_32_4_8eeb0be1271d29e75036577a0f78604299ce04d3c87461b79b0e8e5b78f540f4 arg  2 mem   5.03 GB tm      2.24us/  3155.40ms (     13 GFLOPS   11|11     GB/s) 
*** NV        77 E_32_32_4_754efa125a4186de196d591a52274307faebf8f3b7cce694e5a62499996fa352 arg  2 mem   5.03 GB tm      1.66us/  3155.40ms (      0 GFLOPS   10|10     GB/s) 
scheduled     2 kernels in     1.65 ms |  cache hit 72521c2d |   23769 uops in cache | /home/ubuntu/tinygrad-arkey/extra/llm_research/decode/nv_predispatch_full_logits_qualification.py:50
*** NV        78 E_32_4_0fd8e427e9d1dbecd1dfa1010a8341575d43229d560da1084c9a2216cd00e715 arg  2 mem   5.03 GB tm      2.02us/  3155.41ms (      0 GFLOPS    0|0      GB/s) 
*** NV        79 E_32_4_29b9247cf1e2a1c060f0289ff695739b5006271ccc72adc77c39893969f68554 arg  2 mem   5.03 GB tm      1.50us/  3155.41ms (      0 GFLOPS    0|0      GB/s) 
scheduled     2 kernels in     1.65 ms |  cache hit 72521c2d |   23772 uops in cache | /home/ubuntu/tinygrad-arkey/extra/llm_research/decode/nv_predispatch_full_logits_qualification.py:50
*** NV        80 E_32_4_0fd8e427e9d1dbecd1dfa1010a8341575d43229d560da1084c9a2216cd00e715 arg  2 mem   5.03 GB tm      1.79us/  3155.41ms (      0 GFLOPS    0|0      GB/s) 
*** NV        81 E_32_4_29b9247cf1e2a1c060f0289ff695739b5006271ccc72adc77c39893969f68554 arg  2 mem   5.03 GB tm      1.50us/  3155.41ms (      0 GFLOPS    0|0      GB/s) 
scheduled     2 kernels in     1.51 ms |  cache hit b05eceb9 |   23775 uops in cache | /home/ubuntu/tinygrad-arkey/extra/llm_research/decode/nv_predispatch_full_logits_qualification.py:50
*** NV        82 E_32_32_4_8eeb0be1271d29e75036577a0f78604299ce04d3c87461b79b0e8e5b78f540f4 arg  2 mem   5.03 GB tm      2.24us/  3155.41ms (     13 GFLOPS   11|11     GB/s) 
*** NV        83 E_32_32_4_754efa125a4186de196d591a52274307faebf8f3b7cce694e5a62499996fa352 arg  2 mem   5.03 GB tm      1.54us/  3155.41ms (      0 GFLOPS   11|11     GB/s) 
scheduled     2 kernels in     1.57 ms |  cache hit b05eceb9 |   23778 uops in cache | /home/ubuntu/tinygrad-arkey/extra/llm_research/decode/nv_predispatch_full_logits_qualification.py:50
*** NV        84 E_32_32_4_8eeb0be1271d29e75036577a0f78604299ce04d3c87461b79b0e8e5b78f540f4 arg  2 mem   5.03 GB tm      2.05us/  3155.42ms (     14 GFLOPS   12|12     GB/s) 
*** NV        85 E_32_32_4_754efa125a4186de196d591a52274307faebf8f3b7cce694e5a62499996fa352 arg  2 mem   5.03 GB tm      1.54us/  3155.42ms (      0 GFLOPS   11|11     GB/s) 
scheduled     2 kernels in     1.54 ms |  cache hit 72521c2d |   23781 uops in cache | /home/ubuntu/tinygrad-arkey/extra/llm_research/decode/nv_predispatch_full_logits_qualification.py:50
*** NV        86 E_32_4_0fd8e427e9d1dbecd1dfa1010a8341575d43229d560da1084c9a2216cd00e715 arg  2 mem   5.03 GB tm      1.86us/  3155.42ms (      0 GFLOPS    0|0      GB/s) 
*** NV        87 E_32_4_29b9247cf1e2a1c060f0289ff695739b5006271ccc72adc77c39893969f68554 arg  2 mem   5.03 GB tm      1.73us/  3155.42ms (      0 GFLOPS    0|0      GB/s) 
scheduled     2 kernels in     1.54 ms |  cache hit 72521c2d |   23784 uops in cache | /home/ubuntu/tinygrad-arkey/extra/llm_research/decode/nv_predispatch_full_logits_qualification.py:50
*** NV        88 E_32_4_0fd8e427e9d1dbecd1dfa1010a8341575d43229d560da1084c9a2216cd00e715 arg  2 mem   5.03 GB tm      1.76us/  3155.42ms (      1 GFLOPS    0|0      GB/s) 
*** NV        89 E_32_4_29b9247cf1e2a1c060f0289ff695739b5006271ccc72adc77c39893969f68554 arg  2 mem   5.03 GB tm      1.50us/  3155.42ms (      0 GFLOPS    0|0      GB/s) 
scheduled     2 kernels in     1.58 ms |  cache hit b05eceb9 |   23787 uops in cache | /home/ubuntu/tinygrad-arkey/extra/llm_research/decode/nv_predispatch_full_logits_qualification.py:50
*** NV        90 E_32_32_4_8eeb0be1271d29e75036577a0f78604299ce04d3c87461b79b0e8e5b78f540f4 arg  2 mem   5.03 GB tm      2.05us/  3155.43ms (     14 GFLOPS   12|12     GB/s) 
*** NV        91 E_32_32_4_754efa125a4186de196d591a52274307faebf8f3b7cce694e5a62499996fa352 arg  2 mem   5.03 GB tm      1.47us/  3155.43ms (      0 GFLOPS   11|11     GB/s) 
scheduled     2 kernels in     1.56 ms |  cache hit b05eceb9 |   23790 uops in cache | /home/ubuntu/tinygrad-arkey/extra/llm_research/decode/nv_predispatch_full_logits_qualification.py:50
*** NV        92 E_32_32_4_8eeb0be1271d29e75036577a0f78604299ce04d3c87461b79b0e8e5b78f540f4 arg  2 mem   5.03 GB tm      2.08us/  3155.43ms (     14 GFLOPS   12|12     GB/s) 
*** NV        93 E_32_32_4_754efa125a4186de196d591a52274307faebf8f3b7cce694e5a62499996fa352 arg  2 mem   5.03 GB tm      1.50us/  3155.43ms (      0 GFLOPS   11|11     GB/s) 
scheduled     2 kernels in     1.55 ms |  cache hit 72521c2d |   23793 uops in cache | /home/ubuntu/tinygrad-arkey/extra/llm_research/decode/nv_predispatch_full_logits_qualification.py:50
*** NV        94 E_32_4_0fd8e427e9d1dbecd1dfa1010a8341575d43229d560da1084c9a2216cd00e715 arg  2 mem   5.03 GB tm      1.98us/  3155.43ms (      0 GFLOPS    0|0      GB/s) 
*** NV        95 E_32_4_29b9247cf1e2a1c060f0289ff695739b5006271ccc72adc77c39893969f68554 arg  2 mem   5.03 GB tm      1.63us/  3155.44ms (      0 GFLOPS    0|0      GB/s) 
scheduled     2 kernels in     1.58 ms |  cache hit 72521c2d |   23796 uops in cache | /home/ubuntu/tinygrad-arkey/extra/llm_research/decode/nv_predispatch_full_logits_qualification.py:50
*** NV        96 E_32_4_0fd8e427e9d1dbecd1dfa1010a8341575d43229d560da1084c9a2216cd00e715 arg  2 mem   5.03 GB tm      1.86us/  3155.44ms (      0 GFLOPS    0|0      GB/s) 
*** NV        97 E_32_4_29b9247cf1e2a1c060f0289ff695739b5006271ccc72adc77c39893969f68554 arg  2 mem   5.03 GB tm      1.50us/  3155.44ms (      0 GFLOPS    0|0      GB/s) 
scheduled     2 kernels in     1.68 ms |  cache hit b05eceb9 |   23799 uops in cache | /home/ubuntu/tinygrad-arkey/extra/llm_research/decode/nv_predispatch_full_logits_qualification.py:50
*** NV        98 E_32_32_4_8eeb0be1271d29e75036577a0f78604299ce04d3c87461b79b0e8e5b78f540f4 arg  2 mem   5.03 GB tm      2.11us/  3155.44ms (     14 GFLOPS   12|12     GB/s) 
*** NV        99 E_32_32_4_754efa125a4186de196d591a52274307faebf8f3b7cce694e5a62499996fa352 arg  2 mem   5.03 GB tm      1.54us/  3155.44ms (      0 GFLOPS   11|11     GB/s) 
scheduled     2 kernels in     1.56 ms |  cache hit b05eceb9 |   23802 uops in cache | /home/ubuntu/tinygrad-arkey/extra/llm_research/decode/nv_predispatch_full_logits_qualification.py:50
*** NV       100 E_32_32_4_8eeb0be1271d29e75036577a0f78604299ce04d3c87461b79b0e8e5b78f540f4 arg  2 mem   5.03 GB tm      2.18us/  3155.44ms (     13 GFLOPS   11|11     GB/s) 
*** NV       101 E_32_32_4_754efa125a4186de196d591a52274307faebf8f3b7cce694e5a62499996fa352 arg  2 mem   5.03 GB tm      1.54us/  3155.45ms (      0 GFLOPS   11|11     GB/s) 
scheduled     2 kernels in     1.57 ms |  cache hit 72521c2d |   23805 uops in cache | /home/ubuntu/tinygrad-arkey/extra/llm_research/decode/nv_predispatch_full_logits_qualification.py:50
*** NV       102 E_32_4_0fd8e427e9d1dbecd1dfa1010a8341575d43229d560da1084c9a2216cd00e715 arg  2 mem   5.03 GB tm      1.95us/  3155.45ms (      0 GFLOPS    0|0      GB/s) 
*** NV       103 E_32_4_29b9247cf1e2a1c060f0289ff695739b5006271ccc72adc77c39893969f68554 arg  2 mem   5.03 GB tm      1.47us/  3155.45ms (      0 GFLOPS    0|0      GB/s) 
scheduled     2 kernels in     1.67 ms |  cache hit 72521c2d |   23808 uops in cache | /home/ubuntu/tinygrad-arkey/extra/llm_research/decode/nv_predispatch_full_logits_qualification.py:50
*** NV       104 E_32_4_0fd8e427e9d1dbecd1dfa1010a8341575d43229d560da1084c9a2216cd00e715 arg  2 mem   5.03 GB tm      1.76us/  3155.45ms (      1 GFLOPS    0|0      GB/s) 
*** NV       105 E_32_4_29b9247cf1e2a1c060f0289ff695739b5006271ccc72adc77c39893969f68554 arg  2 mem   5.03 GB tm      1.47us/  3155.45ms (      0 GFLOPS    0|0      GB/s) 
scheduled     2 kernels in     1.56 ms |  cache hit b05eceb9 |   23811 uops in cache | /home/ubuntu/tinygrad-arkey/extra/llm_research/decode/nv_predispatch_full_logits_qualification.py:50
*** NV       106 E_32_32_4_8eeb0be1271d29e75036577a0f78604299ce04d3c87461b79b0e8e5b78f540f4 arg  2 mem   5.03 GB tm      2.18us/  3155.45ms (     13 GFLOPS   11|11     GB/s) 
*** NV       107 E_32_32_4_754efa125a4186de196d591a52274307faebf8f3b7cce694e5a62499996fa352 arg  2 mem   5.03 GB tm      1.57us/  3155.46ms (      0 GFLOPS   10|10     GB/s) 
scheduled     2 kernels in     1.58 ms |  cache hit b05eceb9 |   23814 uops in cache | /home/ubuntu/tinygrad-arkey/extra/llm_research/decode/nv_predispatch_full_logits_qualification.py:50
*** NV       108 E_32_32_4_8eeb0be1271d29e75036577a0f78604299ce04d3c87461b79b0e8e5b78f540f4 arg  2 mem   5.03 GB tm      2.18us/  3155.46ms (     13 GFLOPS   11|11     GB/s) 
*** NV       109 E_32_32_4_754efa125a4186de196d591a52274307faebf8f3b7cce694e5a62499996fa352 arg  2 mem   5.03 GB tm      1.50us/  3155.46ms (      0 GFLOPS   11|11     GB/s) 
scheduled     2 kernels in     1.55 ms |  cache hit 72521c2d |   23817 uops in cache | /home/ubuntu/tinygrad-arkey/extra/llm_research/decode/nv_predispatch_full_logits_qualification.py:50
*** NV       110 E_32_4_0fd8e427e9d1dbecd1dfa1010a8341575d43229d560da1084c9a2216cd00e715 arg  2 mem   5.03 GB tm      1.79us/  3155.46ms (      0 GFLOPS    0|0      GB/s) 
*** NV       111 E_32_4_29b9247cf1e2a1c060f0289ff695739b5006271ccc72adc77c39893969f68554 arg  2 mem   5.03 GB tm      1.54us/  3155.46ms (      0 GFLOPS    0|0      GB/s) 
scheduled     2 kernels in     1.56 ms |  cache hit 72521c2d |   23820 uops in cache | /home/ubuntu/tinygrad-arkey/extra/llm_research/decode/nv_predispatch_full_logits_qualification.py:50
*** NV       112 E_32_4_0fd8e427e9d1dbecd1dfa1010a8341575d43229d560da1084c9a2216cd00e715 arg  2 mem   5.03 GB tm      1.82us/  3155.47ms (      0 GFLOPS    0|0      GB/s) 
*** NV       113 E_32_4_29b9247cf1e2a1c060f0289ff695739b5006271ccc72adc77c39893969f68554 arg  2 mem   5.03 GB tm      1.50us/  3155.47ms (      0 GFLOPS    0|0      GB/s) 
scheduled     2 kernels in     1.54 ms |  cache hit b05eceb9 |   23823 uops in cache | /home/ubuntu/tinygrad-arkey/extra/llm_research/decode/nv_predispatch_full_logits_qualification.py:50
*** NV       114 E_32_32_4_8eeb0be1271d29e75036577a0f78604299ce04d3c87461b79b0e8e5b78f540f4 arg  2 mem   5.03 GB tm      2.08us/  3155.47ms (     14 GFLOPS   12|12     GB/s) 
*** NV       115 E_32_32_4_754efa125a4186de196d591a52274307faebf8f3b7cce694e5a62499996fa352 arg  2 mem   5.03 GB tm      1.57us/  3155.47ms (      0 GFLOPS   10|10     GB/s) 
scheduled     2 kernels in     1.54 ms |  cache hit b05eceb9 |   23826 uops in cache | /home/ubuntu/tinygrad-arkey/extra/llm_research/decode/nv_predispatch_full_logits_qualification.py:50
*** NV       116 E_32_32_4_8eeb0be1271d29e75036577a0f78604299ce04d3c87461b79b0e8e5b78f540f4 arg  2 mem   5.03 GB tm      2.14us/  3155.47ms (     13 GFLOPS   11|11     GB/s) 
*** NV       117 E_32_32_4_754efa125a4186de196d591a52274307faebf8f3b7cce694e5a62499996fa352 arg  2 mem   5.03 GB tm      1.50us/  3155.47ms (      0 GFLOPS   11|11     GB/s) 
scheduled     2 kernels in     1.54 ms |  cache hit 72521c2d |   23829 uops in cache | /home/ubuntu/tinygrad-arkey/extra/llm_research/decode/nv_predispatch_full_logits_qualification.py:50
*** NV       118 E_32_4_0fd8e427e9d1dbecd1dfa1010a8341575d43229d560da1084c9a2216cd00e715 arg  2 mem   5.03 GB tm      2.02us/  3155.48ms (      0 GFLOPS    0|0      GB/s) 
*** NV       119 E_32_4_29b9247cf1e2a1c060f0289ff695739b5006271ccc72adc77c39893969f68554 arg  2 mem   5.03 GB tm      1.47us/  3155.48ms (      0 GFLOPS    0|0      GB/s) 
scheduled     2 kernels in     1.58 ms |  cache hit 72521c2d |   23832 uops in cache | /home/ubuntu/tinygrad-arkey/extra/llm_research/decode/nv_predispatch_full_logits_qualification.py:50
*** NV       120 E_32_4_0fd8e427e9d1dbecd1dfa1010a8341575d43229d560da1084c9a2216cd00e715 arg  2 mem   5.03 GB tm      1.79us/  3155.48ms (      0 GFLOPS    0|0      GB/s) 
*** NV       121 E_32_4_29b9247cf1e2a1c060f0289ff695739b5006271ccc72adc77c39893969f68554 arg  2 mem   5.03 GB tm      1.57us/  3155.48ms (      0 GFLOPS    0|0      GB/s) 
scheduled     2 kernels in     1.55 ms |  cache hit b05eceb9 |   23835 uops in cache | /home/ubuntu/tinygrad-arkey/extra/llm_research/decode/nv_predispatch_full_logits_qualification.py:50
*** NV       122 E_32_32_4_8eeb0be1271d29e75036577a0f78604299ce04d3c87461b79b0e8e5b78f540f4 arg  2 mem   5.03 GB tm      2.40us/  3155.48ms (     12 GFLOPS   10|10     GB/s) 
*** NV       123 E_32_32_4_754efa125a4186de196d591a52274307faebf8f3b7cce694e5a62499996fa352 arg  2 mem   5.03 GB tm      1.57us/  3155.48ms (      0 GFLOPS   10|10     GB/s) 
scheduled     2 kernels in     1.59 ms |  cache hit b05eceb9 |   23838 uops in cache | /home/ubuntu/tinygrad-arkey/extra/llm_research/decode/nv_predispatch_full_logits_qualification.py:50
*** NV       124 E_32_32_4_8eeb0be1271d29e75036577a0f78604299ce04d3c87461b79b0e8e5b78f540f4 arg  2 mem   5.03 GB tm      2.11us/  3155.49ms (     14 GFLOPS   12|12     GB/s) 
*** NV       125 E_32_32_4_754efa125a4186de196d591a52274307faebf8f3b7cce694e5a62499996fa352 arg  2 mem   5.03 GB tm      1.50us/  3155.49ms (      0 GFLOPS   11|11     GB/s) 
scheduled     2 kernels in     1.60 ms |  cache hit 72521c2d |   23841 uops in cache | /home/ubuntu/tinygrad-arkey/extra/llm_research/decode/nv_predispatch_full_logits_qualification.py:50
*** NV       126 E_32_4_0fd8e427e9d1dbecd1dfa1010a8341575d43229d560da1084c9a2216cd00e715 arg  2 mem   5.03 GB tm      2.18us/  3155.49ms (      0 GFLOPS    0|0      GB/s) 
*** NV       127 E_32_4_29b9247cf1e2a1c060f0289ff695739b5006271ccc72adc77c39893969f68554 arg  2 mem   5.03 GB tm      1.63us/  3155.49ms (      0 GFLOPS    0|0      GB/s) 
scheduled     2 kernels in     1.56 ms |  cache hit 72521c2d |   23844 uops in cache | /home/ubuntu/tinygrad-arkey/extra/llm_research/decode/nv_predispatch_full_logits_qualification.py:50
*** NV       128 E_32_4_0fd8e427e9d1dbecd1dfa1010a8341575d43229d560da1084c9a2216cd00e715 arg  2 mem   5.03 GB tm      1.82us/  3155.49ms (      0 GFLOPS    0|0      GB/s) 
*** NV       129 E_32_4_29b9247cf1e2a1c060f0289ff695739b5006271ccc72adc77c39893969f68554 arg  2 mem   5.03 GB tm      1.50us/  3155.50ms (      0 GFLOPS    0|0      GB/s) 
scheduled     2 kernels in     1.54 ms |  cache hit b05eceb9 |   23847 uops in cache | /home/ubuntu/tinygrad-arkey/extra/llm_research/decode/nv_predispatch_full_logits_qualification.py:50
*** NV       130 E_32_32_4_8eeb0be1271d29e75036577a0f78604299ce04d3c87461b79b0e8e5b78f540f4 arg  2 mem   5.03 GB tm      2.43us/  3155.50ms (     12 GFLOPS   10|10     GB/s) 
*** NV       131 E_32_32_4_754efa125a4186de196d591a52274307faebf8f3b7cce694e5a62499996fa352 arg  2 mem   5.03 GB tm      1.50us/  3155.50ms (      0 GFLOPS   11|11     GB/s) 
scheduled     2 kernels in     1.63 ms |  cache hit b05eceb9 |   23850 uops in cache | /home/ubuntu/tinygrad-arkey/extra/llm_research/decode/nv_predispatch_full_logits_qualification.py:50
*** NV       132 E_32_32_4_8eeb0be1271d29e75036577a0f78604299ce04d3c87461b79b0e8e5b78f540f4 arg  2 mem   5.03 GB tm      2.14us/  3155.50ms (     13 GFLOPS   11|11     GB/s) 
*** NV       133 E_32_32_4_754efa125a4186de196d591a52274307faebf8f3b7cce694e5a62499996fa352 arg  2 mem   5.03 GB tm      1.57us/  3155.50ms (      0 GFLOPS   10|10     GB/s) 
scheduled     2 kernels in     1.63 ms |  cache hit 72521c2d |   23853 uops in cache | /home/ubuntu/tinygrad-arkey/extra/llm_research/decode/nv_predispatch_full_logits_qualification.py:50
*** NV       134 E_32_4_0fd8e427e9d1dbecd1dfa1010a8341575d43229d560da1084c9a2216cd00e715 arg  2 mem   5.03 GB tm      2.02us/  3155.51ms (      0 GFLOPS    0|0      GB/s) 
*** NV       135 E_32_4_29b9247cf1e2a1c060f0289ff695739b5006271ccc72adc77c39893969f68554 arg  2 mem   5.03 GB tm      1.50us/  3155.51ms (      0 GFLOPS    0|0      GB/s) 
scheduled     2 kernels in     1.54 ms |  cache hit 72521c2d |   23856 uops in cache | /home/ubuntu/tinygrad-arkey/extra/llm_research/decode/nv_predispatch_full_logits_qualification.py:50
*** NV       136 E_32_4_0fd8e427e9d1dbecd1dfa1010a8341575d43229d560da1084c9a2216cd00e715 arg  2 mem   5.03 GB tm      1.79us/  3155.51ms (      0 GFLOPS    0|0      GB/s) 
*** NV       137 E_32_4_29b9247cf1e2a1c060f0289ff695739b5006271ccc72adc77c39893969f68554 arg  2 mem   5.03 GB tm      1.54us/  3155.51ms (      0 GFLOPS    0|0      GB/s) 
scheduled     2 kernels in     1.55 ms |  cache hit b05eceb9 |   23859 uops in cache | /home/ubuntu/tinygrad-arkey/extra/llm_research/decode/nv_predispatch_full_logits_qualification.py:50
*** NV       138 E_32_32_4_8eeb0be1271d29e75036577a0f78604299ce04d3c87461b79b0e8e5b78f540f4 arg  2 mem   5.03 GB tm      2.08us/  3155.51ms (     14 GFLOPS   12|12     GB/s) 
*** NV       139 E_32_32_4_754efa125a4186de196d591a52274307faebf8f3b7cce694e5a62499996fa352 arg  2 mem   5.03 GB tm      1.54us/  3155.51ms (      0 GFLOPS   11|11     GB/s) 
scheduled     2 kernels in     1.65 ms |  cache hit b05eceb9 |   23862 uops in cache | /home/ubuntu/tinygrad-arkey/extra/llm_research/decode/nv_predispatch_full_logits_qualification.py:50
*** NV       140 E_32_32_4_8eeb0be1271d29e75036577a0f78604299ce04d3c87461b79b0e8e5b78f540f4 arg  2 mem   5.03 GB tm      2.14us/  3155.52ms (     13 GFLOPS   11|11     GB/s) 
*** NV       141 E_32_32_4_754efa125a4186de196d591a52274307faebf8f3b7cce694e5a62499996fa352 arg  2 mem   5.03 GB tm      1.50us/  3155.52ms (      0 GFLOPS   11|11     GB/s) 
scheduled     2 kernels in     1.57 ms |  cache hit 72521c2d |   23865 uops in cache | /home/ubuntu/tinygrad-arkey/extra/llm_research/decode/nv_predispatch_full_logits_qualification.py:50
*** NV       142 E_32_4_0fd8e427e9d1dbecd1dfa1010a8341575d43229d560da1084c9a2216cd00e715 arg  2 mem   5.03 GB tm      1.98us/  3155.52ms (      0 GFLOPS    0|0      GB/s) 
*** NV       143 E_32_4_29b9247cf1e2a1c060f0289ff695739b5006271ccc72adc77c39893969f68554 arg  2 mem   5.03 GB tm      1.57us/  3155.52ms (      0 GFLOPS    0|0      GB/s) 
scheduled     2 kernels in     1.54 ms |  cache hit 72521c2d |   23868 uops in cache | /home/ubuntu/tinygrad-arkey/extra/llm_research/decode/nv_predispatch_full_logits_qualification.py:50
*** NV       144 E_32_4_0fd8e427e9d1dbecd1dfa1010a8341575d43229d560da1084c9a2216cd00e715 arg  2 mem   5.03 GB tm      1.82us/  3155.52ms (      0 GFLOPS    0|0      GB/s) 
*** NV       145 E_32_4_29b9247cf1e2a1c060f0289ff695739b5006271ccc72adc77c39893969f68554 arg  2 mem   5.03 GB tm      1.63us/  3155.52ms (      0 GFLOPS    0|0      GB/s) 
scheduled     2 kernels in     1.55 ms |  cache hit b05eceb9 |   23871 uops in cache | /home/ubuntu/tinygrad-arkey/extra/llm_research/decode/nv_predispatch_full_logits_qualification.py:50
*** NV       146 E_32_32_4_8eeb0be1271d29e75036577a0f78604299ce04d3c87461b79b0e8e5b78f540f4 arg  2 mem   5.03 GB tm      1.92us/  3155.53ms (     15 GFLOPS   13|13     GB/s) 
*** NV       147 E_32_32_4_754efa125a4186de196d591a52274307faebf8f3b7cce694e5a62499996fa352 arg  2 mem   5.03 GB tm      1.54us/  3155.53ms (      0 GFLOPS   11|11     GB/s) 
scheduled     2 kernels in     1.61 ms |  cache hit b05eceb9 |   23874 uops in cache | /home/ubuntu/tinygrad-arkey/extra/llm_research/decode/nv_predispatch_full_logits_qualification.py:50
*** NV       148 E_32_32_4_8eeb0be1271d29e75036577a0f78604299ce04d3c87461b79b0e8e5b78f540f4 arg  2 mem   5.03 GB tm      2.14us/  3155.53ms (     13 GFLOPS   11|11     GB/s) 
*** NV       149 E_32_32_4_754efa125a4186de196d591a52274307faebf8f3b7cce694e5a62499996fa352 arg  2 mem   5.03 GB tm      1.50us/  3155.53ms (      0 GFLOPS   11|11     GB/s) 
scheduled     2 kernels in     1.55 ms |  cache hit 72521c2d |   23877 uops in cache | /home/ubuntu/tinygrad-arkey/extra/llm_research/decode/nv_predispatch_full_logits_qualification.py:50
*** NV       150 E_32_4_0fd8e427e9d1dbecd1dfa1010a8341575d43229d560da1084c9a2216cd00e715 arg  2 mem   5.03 GB tm      1.98us/  3155.53ms (      0 GFLOPS    0|0      GB/s) 
*** NV       151 E_32_4_29b9247cf1e2a1c060f0289ff695739b5006271ccc72adc77c39893969f68554 arg  2 mem   5.03 GB tm      1.50us/  3155.53ms (      0 GFLOPS    0|0      GB/s) 
scheduled     2 kernels in     1.57 ms |  cache hit 72521c2d |   23880 uops in cache | /home/ubuntu/tinygrad-arkey/extra/llm_research/decode/nv_predispatch_full_logits_qualification.py:50
*** NV       152 E_32_4_0fd8e427e9d1dbecd1dfa1010a8341575d43229d560da1084c9a2216cd00e715 arg  2 mem   5.03 GB tm      1.76us/  3155.54ms (      1 GFLOPS    0|0      GB/s) 
*** NV       153 E_32_4_29b9247cf1e2a1c060f0289ff695739b5006271ccc72adc77c39893969f68554 arg  2 mem   5.03 GB tm      1.54us/  3155.54ms (      0 GFLOPS    0|0      GB/s) 
scheduled     2 kernels in     1.57 ms |  cache hit b05eceb9 |   23883 uops in cache | /home/ubuntu/tinygrad-arkey/extra/llm_research/decode/nv_predispatch_full_logits_qualification.py:50
*** NV       154 E_32_32_4_8eeb0be1271d29e75036577a0f78604299ce04d3c87461b79b0e8e5b78f540f4 arg  2 mem   5.03 GB tm      2.11us/  3155.54ms (     14 GFLOPS   12|12     GB/s) 
*** NV       155 E_32_32_4_754efa125a4186de196d591a52274307faebf8f3b7cce694e5a62499996fa352 arg  2 mem   5.03 GB tm      1.63us/  3155.54ms (      0 GFLOPS   10|10     GB/s) 
scheduled     2 kernels in     1.54 ms |  cache hit b05eceb9 |   23886 uops in cache | /home/ubuntu/tinygrad-arkey/extra/llm_research/decode/nv_predispatch_full_logits_qualification.py:50
*** NV       156 E_32_32_4_8eeb0be1271d29e75036577a0f78604299ce04d3c87461b79b0e8e5b78f540f4 arg  2 mem   5.03 GB tm      2.21us/  3155.54ms (     13 GFLOPS   11|11     GB/s) 
*** NV       157 E_32_32_4_754efa125a4186de196d591a52274307faebf8f3b7cce694e5a62499996fa352 arg  2 mem   5.03 GB tm      1.50us/  3155.55ms (      0 GFLOPS   11|11     GB/s) 
scheduled     2 kernels in     1.53 ms |  cache hit 72521c2d |   23889 uops in cache | /home/ubuntu/tinygrad-arkey/extra/llm_research/decode/nv_predispatch_full_logits_qualification.py:50
*** NV       158 E_32_4_0fd8e427e9d1dbecd1dfa1010a8341575d43229d560da1084c9a2216cd00e715 arg  2 mem   5.03 GB tm      1.98us/  3155.55ms (      0 GFLOPS    0|0      GB/s) 
*** NV       159 E_32_4_29b9247cf1e2a1c060f0289ff695739b5006271ccc72adc77c39893969f68554 arg  2 mem   5.03 GB tm      1.54us/  3155.55ms (      0 GFLOPS    0|0      GB/s) 
scheduled     2 kernels in     1.68 ms |  cache hit 72521c2d |   23892 uops in cache | /home/ubuntu/tinygrad-arkey/extra/llm_research/decode/nv_predispatch_full_logits_qualification.py:50
*** NV       160 E_32_4_0fd8e427e9d1dbecd1dfa1010a8341575d43229d560da1084c9a2216cd00e715 arg  2 mem   5.03 GB tm      1.86us/  3155.55ms (      0 GFLOPS    0|0      GB/s) 
*** NV       161 E_32_4_29b9247cf1e2a1c060f0289ff695739b5006271ccc72adc77c39893969f68554 arg  2 mem   5.03 GB tm      1.50us/  3155.55ms (      0 GFLOPS    0|0      GB/s) 
scheduled     2 kernels in     1.59 ms |  cache hit b05eceb9 |   23895 uops in cache | /home/ubuntu/tinygrad-arkey/extra/llm_research/decode/nv_predispatch_full_logits_qualification.py:50
*** NV       162 E_32_32_4_8eeb0be1271d29e75036577a0f78604299ce04d3c87461b79b0e8e5b78f540f4 arg  2 mem   5.03 GB tm      2.08us/  3155.55ms (     14 GFLOPS   12|12     GB/s) 
*** NV       163 E_32_32_4_754efa125a4186de196d591a52274307faebf8f3b7cce694e5a62499996fa352 arg  2 mem   5.03 GB tm      1.63us/  3155.56ms (      0 GFLOPS   10|10     GB/s) 
scheduled     2 kernels in     1.56 ms |  cache hit b05eceb9 |   23898 uops in cache | /home/ubuntu/tinygrad-arkey/extra/llm_research/decode/nv_predispatch_full_logits_qualification.py:50
*** NV       164 E_32_32_4_8eeb0be1271d29e75036577a0f78604299ce04d3c87461b79b0e8e5b78f540f4 arg  2 mem   5.03 GB tm      2.34us/  3155.56ms (     12 GFLOPS   11|11     GB/s) 
*** NV       165 E_32_32_4_754efa125a4186de196d591a52274307faebf8f3b7cce694e5a62499996fa352 arg  2 mem   5.03 GB tm      1.50us/  3155.56ms (      0 GFLOPS   11|11     GB/s) 
scheduled     2 kernels in     1.59 ms |  cache hit 72521c2d |   23901 uops in cache | /home/ubuntu/tinygrad-arkey/extra/llm_research/decode/nv_predispatch_full_logits_qualification.py:50
*** NV       166 E_32_4_0fd8e427e9d1dbecd1dfa1010a8341575d43229d560da1084c9a2216cd00e715 arg  2 mem   5.03 GB tm      2.08us/  3155.56ms (      0 GFLOPS    0|0      GB/s) 
*** NV       167 E_32_4_29b9247cf1e2a1c060f0289ff695739b5006271ccc72adc77c39893969f68554 arg  2 mem   5.03 GB tm      1.50us/  3155.56ms (      0 GFLOPS    0|0      GB/s) 
scheduled     2 kernels in     1.52 ms |  cache hit 72521c2d |   23904 uops in cache | /home/ubuntu/tinygrad-arkey/extra/llm_research/decode/nv_predispatch_full_logits_qualification.py:50
*** NV       168 E_32_4_0fd8e427e9d1dbecd1dfa1010a8341575d43229d560da1084c9a2216cd00e715 arg  2 mem   5.03 GB tm      1.82us/  3155.57ms (      0 GFLOPS    0|0      GB/s) 
*** NV       169 E_32_4_29b9247cf1e2a1c060f0289ff695739b5006271ccc72adc77c39893969f68554 arg  2 mem   5.03 GB tm      1.50us/  3155.57ms (      0 GFLOPS    0|0      GB/s) 
scheduled     2 kernels in     1.55 ms |  cache hit b05eceb9 |   23907 uops in cache | /home/ubuntu/tinygrad-arkey/extra/llm_research/decode/nv_predispatch_full_logits_qualification.py:50
*** NV       170 E_32_32_4_8eeb0be1271d29e75036577a0f78604299ce04d3c87461b79b0e8e5b78f540f4 arg  2 mem   5.03 GB tm      2.14us/  3155.57ms (     13 GFLOPS   11|11     GB/s) 
*** NV       171 E_32_32_4_754efa125a4186de196d591a52274307faebf8f3b7cce694e5a62499996fa352 arg  2 mem   5.03 GB tm      1.54us/  3155.57ms (      0 GFLOPS   11|11     GB/s) 
scheduled     2 kernels in     1.60 ms |  cache hit b05eceb9 |   23910 uops in cache | /home/ubuntu/tinygrad-arkey/extra/llm_research/decode/nv_predispatch_full_logits_qualification.py:50
*** NV       172 E_32_32_4_8eeb0be1271d29e75036577a0f78604299ce04d3c87461b79b0e8e5b78f540f4 arg  2 mem   5.03 GB tm      2.14us/  3155.57ms (     13 GFLOPS   11|11     GB/s) 
*** NV       173 E_32_32_4_754efa125a4186de196d591a52274307faebf8f3b7cce694e5a62499996fa352 arg  2 mem   5.03 GB tm      1.54us/  3155.57ms (      0 GFLOPS   11|11     GB/s) 
scheduled     2 kernels in     1.51 ms |  cache hit 72521c2d |   23913 uops in cache | /home/ubuntu/tinygrad-arkey/extra/llm_research/decode/nv_predispatch_full_logits_qualification.py:50
*** NV       174 E_32_4_0fd8e427e9d1dbecd1dfa1010a8341575d43229d560da1084c9a2216cd00e715 arg  2 mem   5.03 GB tm      1.86us/  3155.58ms (      0 GFLOPS    0|0      GB/s) 
*** NV       175 E_32_4_29b9247cf1e2a1c060f0289ff695739b5006271ccc72adc77c39893969f68554 arg  2 mem   5.03 GB tm      1.54us/  3155.58ms (      0 GFLOPS    0|0      GB/s) 
scheduled     2 kernels in     1.53 ms |  cache hit 72521c2d |   23916 uops in cache | /home/ubuntu/tinygrad-arkey/extra/llm_research/decode/nv_predispatch_full_logits_qualification.py:50
*** NV       176 E_32_4_0fd8e427e9d1dbecd1dfa1010a8341575d43229d560da1084c9a2216cd00e715 arg  2 mem   5.03 GB tm      1.79us/  3155.58ms (      0 GFLOPS    0|0      GB/s) 
*** NV       177 E_32_4_29b9247cf1e2a1c060f0289ff695739b5006271ccc72adc77c39893969f68554 arg  2 mem   5.03 GB tm      1.50us/  3155.58ms (      0 GFLOPS    0|0      GB/s) 
scheduled     2 kernels in     1.59 ms |  cache hit b05eceb9 |   23919 uops in cache | /home/ubuntu/tinygrad-arkey/extra/llm_research/decode/nv_predispatch_full_logits_qualification.py:50
*** NV       178 E_32_32_4_8eeb0be1271d29e75036577a0f78604299ce04d3c87461b79b0e8e5b78f540f4 arg  2 mem   5.03 GB tm      2.05us/  3155.58ms (     14 GFLOPS   12|12     GB/s) 
*** NV       179 E_32_32_4_754efa125a4186de196d591a52274307faebf8f3b7cce694e5a62499996fa352 arg  2 mem   5.03 GB tm      1.54us/  3155.58ms (      0 GFLOPS   11|11     GB/s) 
scheduled     2 kernels in     1.53 ms |  cache hit b05eceb9 |   23922 uops in cache | /home/ubuntu/tinygrad-arkey/extra/llm_research/decode/nv_predispatch_full_logits_qualification.py:50
*** NV       180 E_32_32_4_8eeb0be1271d29e75036577a0f78604299ce04d3c87461b79b0e8e5b78f540f4 arg  2 mem   5.03 GB tm      2.14us/  3155.59ms (     13 GFLOPS   11|11     GB/s) 
*** NV       181 E_32_32_4_754efa125a4186de196d591a52274307faebf8f3b7cce694e5a62499996fa352 arg  2 mem   5.03 GB tm      1.57us/  3155.59ms (      0 GFLOPS   10|10     GB/s) 
scheduled     2 kernels in     1.57 ms |  cache hit 72521c2d |   23925 uops in cache | /home/ubuntu/tinygrad-arkey/extra/llm_research/decode/nv_predispatch_full_logits_qualification.py:50
*** NV       182 E_32_4_0fd8e427e9d1dbecd1dfa1010a8341575d43229d560da1084c9a2216cd00e715 arg  2 mem   5.03 GB tm      2.02us/  3155.59ms (      0 GFLOPS    0|0      GB/s) 
*** NV       183 E_32_4_29b9247cf1e2a1c060f0289ff695739b5006271ccc72adc77c39893969f68554 arg  2 mem   5.03 GB tm      1.50us/  3155.59ms (      0 GFLOPS    0|0      GB/s) 
scheduled     2 kernels in     1.56 ms |  cache hit 72521c2d |   23928 uops in cache | /home/ubuntu/tinygrad-arkey/extra/llm_research/decode/nv_predispatch_full_logits_qualification.py:50
*** NV       184 E_32_4_0fd8e427e9d1dbecd1dfa1010a8341575d43229d560da1084c9a2216cd00e715 arg  2 mem   5.03 GB tm      1.89us/  3155.59ms (      0 GFLOPS    0|0      GB/s) 
*** NV       185 E_32_4_29b9247cf1e2a1c060f0289ff695739b5006271ccc72adc77c39893969f68554 arg  2 mem   5.03 GB tm      1.57us/  3155.60ms (      0 GFLOPS    0|0      GB/s) 
scheduled     2 kernels in     1.55 ms |  cache hit b05eceb9 |   23931 uops in cache | /home/ubuntu/tinygrad-arkey/extra/llm_research/decode/nv_predispatch_full_logits_qualification.py:50
*** NV       186 E_32_32_4_8eeb0be1271d29e75036577a0f78604299ce04d3c87461b79b0e8e5b78f540f4 arg  2 mem   5.03 GB tm      2.02us/  3155.60ms (     14 GFLOPS   12|12     GB/s) 
*** NV       187 E_32_32_4_754efa125a4186de196d591a52274307faebf8f3b7cce694e5a62499996fa352 arg  2 mem   5.03 GB tm      1.50us/  3155.60ms (      0 GFLOPS   11|11     GB/s) 
scheduled     2 kernels in     1.56 ms |  cache hit b05eceb9 |   23934 uops in cache | /home/ubuntu/tinygrad-arkey/extra/llm_research/decode/nv_predispatch_full_logits_qualification.py:50
*** NV       188 E_32_32_4_8eeb0be1271d29e75036577a0f78604299ce04d3c87461b79b0e8e5b78f540f4 arg  2 mem   5.03 GB tm      2.24us/  3155.60ms (     13 GFLOPS   11|11     GB/s) 
*** NV       189 E_32_32_4_754efa125a4186de196d591a52274307faebf8f3b7cce694e5a62499996fa352 arg  2 mem   5.03 GB tm      1.57us/  3155.60ms (      0 GFLOPS   10|10     GB/s) 
scheduled     2 kernels in     1.57 ms |  cache hit 72521c2d |   23937 uops in cache | /home/ubuntu/tinygrad-arkey/extra/llm_research/decode/nv_predispatch_full_logits_qualification.py:50
*** NV       190 E_32_4_0fd8e427e9d1dbecd1dfa1010a8341575d43229d560da1084c9a2216cd00e715 arg  2 mem   5.03 GB tm      1.98us/  3155.60ms (      0 GFLOPS    0|0      GB/s) 
*** NV       191 E_32_4_29b9247cf1e2a1c060f0289ff695739b5006271ccc72adc77c39893969f68554 arg  2 mem   5.03 GB tm      1.54us/  3155.61ms (      0 GFLOPS    0|0      GB/s) 
scheduled     2 kernels in     1.50 ms |  cache hit 72521c2d |   23940 uops in cache | /home/ubuntu/tinygrad-arkey/extra/llm_research/decode/nv_predispatch_full_logits_qualification.py:50
*** NV       192 E_32_4_0fd8e427e9d1dbecd1dfa1010a8341575d43229d560da1084c9a2216cd00e715 arg  2 mem   5.03 GB tm      1.86us/  3155.61ms (      0 GFLOPS    0|0      GB/s) 
*** NV       193 E_32_4_29b9247cf1e2a1c060f0289ff695739b5006271ccc72adc77c39893969f68554 arg  2 mem   5.03 GB tm      1.54us/  3155.61ms (      0 GFLOPS    0|0      GB/s) 
scheduled     2 kernels in     1.58 ms |  cache hit b05eceb9 |   23943 uops in cache | /home/ubuntu/tinygrad-arkey/extra/llm_research/decode/nv_predispatch_full_logits_qualification.py:50
*** NV       194 E_32_32_4_8eeb0be1271d29e75036577a0f78604299ce04d3c87461b79b0e8e5b78f540f4 arg  2 mem   5.03 GB tm      2.08us/  3155.61ms (     14 GFLOPS   12|12     GB/s) 
*** NV       195 E_32_32_4_754efa125a4186de196d591a52274307faebf8f3b7cce694e5a62499996fa352 arg  2 mem   5.03 GB tm      1.54us/  3155.61ms (      0 GFLOPS   11|11     GB/s) 
scheduled     2 kernels in     1.54 ms |  cache hit b05eceb9 |   23946 uops in cache | /home/ubuntu/tinygrad-arkey/extra/llm_research/decode/nv_predispatch_full_logits_qualification.py:50
*** NV       196 E_32_32_4_8eeb0be1271d29e75036577a0f78604299ce04d3c87461b79b0e8e5b78f540f4 arg  2 mem   5.03 GB tm      2.11us/  3155.62ms (     14 GFLOPS   12|12     GB/s) 
*** NV       197 E_32_32_4_754efa125a4186de196d591a52274307faebf8f3b7cce694e5a62499996fa352 arg  2 mem   5.03 GB tm      1.57us/  3155.62ms (      0 GFLOPS   10|10     GB/s) 
scheduled     2 kernels in     1.51 ms |  cache hit 72521c2d |   23949 uops in cache | /home/ubuntu/tinygrad-arkey/extra/llm_research/decode/nv_predispatch_full_logits_qualification.py:50
*** NV       198 E_32_4_0fd8e427e9d1dbecd1dfa1010a8341575d43229d560da1084c9a2216cd00e715 arg  2 mem   5.03 GB tm      1.79us/  3155.62ms (      0 GFLOPS    0|0      GB/s) 
*** NV       199 E_32_4_29b9247cf1e2a1c060f0289ff695739b5006271ccc72adc77c39893969f68554 arg  2 mem   5.03 GB tm      1.50us/  3155.62ms (      0 GFLOPS    0|0      GB/s) 
scheduled     2 kernels in     1.57 ms |  cache hit 72521c2d |   23952 uops in cache | /home/ubuntu/tinygrad-arkey/extra/llm_research/decode/nv_predispatch_full_logits_qualification.py:50
*** NV       200 E_32_4_0fd8e427e9d1dbecd1dfa1010a8341575d43229d560da1084c9a2216cd00e715 arg  2 mem   5.03 GB tm      1.76us/  3155.62ms (      1 GFLOPS    0|0      GB/s) 
*** NV       201 E_32_4_29b9247cf1e2a1c060f0289ff695739b5006271ccc72adc77c39893969f68554 arg  2 mem   5.03 GB tm      1.54us/  3155.62ms (      0 GFLOPS    0|0      GB/s) 
scheduled     2 kernels in     1.56 ms |  cache hit b05eceb9 |   23955 uops in cache | /home/ubuntu/tinygrad-arkey/extra/llm_research/decode/nv_predispatch_full_logits_qualification.py:50
*** NV       202 E_32_32_4_8eeb0be1271d29e75036577a0f78604299ce04d3c87461b79b0e8e5b78f540f4 arg  2 mem   5.03 GB tm      2.11us/  3155.63ms (     14 GFLOPS   12|12     GB/s) 
*** NV       203 E_32_32_4_754efa125a4186de196d591a52274307faebf8f3b7cce694e5a62499996fa352 arg  2 mem   5.03 GB tm      1.66us/  3155.63ms (      0 GFLOPS   10|10     GB/s) 
scheduled     2 kernels in     1.53 ms |  cache hit b05eceb9 |   23958 uops in cache | /home/ubuntu/tinygrad-arkey/extra/llm_research/decode/nv_predispatch_full_logits_qualification.py:50
*** NV       204 E_32_32_4_8eeb0be1271d29e75036577a0f78604299ce04d3c87461b79b0e8e5b78f540f4 arg  2 mem   5.03 GB tm      2.21us/  3155.63ms (     13 GFLOPS   11|11     GB/s) 
*** NV       205 E_32_32_4_754efa125a4186de196d591a52274307faebf8f3b7cce694e5a62499996fa352 arg  2 mem   5.03 GB tm      1.54us/  3155.63ms (      0 GFLOPS   11|11     GB/s) 
scheduled     2 kernels in     1.55 ms |  cache hit 72521c2d |   23961 uops in cache | /home/ubuntu/tinygrad-arkey/extra/llm_research/decode/nv_predispatch_full_logits_qualification.py:50
*** NV       206 E_32_4_0fd8e427e9d1dbecd1dfa1010a8341575d43229d560da1084c9a2216cd00e715 arg  2 mem   5.03 GB tm      2.02us/  3155.63ms (      0 GFLOPS    0|0      GB/s) 
*** NV       207 E_32_4_29b9247cf1e2a1c060f0289ff695739b5006271ccc72adc77c39893969f68554 arg  2 mem   5.03 GB tm      1.50us/  3155.63ms (      0 GFLOPS    0|0      GB/s) 
scheduled     2 kernels in     1.58 ms |  cache hit 72521c2d |   23964 uops in cache | /home/ubuntu/tinygrad-arkey/extra/llm_research/decode/nv_predispatch_full_logits_qualification.py:50
*** NV       208 E_32_4_0fd8e427e9d1dbecd1dfa1010a8341575d43229d560da1084c9a2216cd00e715 arg  2 mem   5.03 GB tm      1.92us/  3155.64ms (      0 GFLOPS    0|0      GB/s) 
*** NV       209 E_32_4_29b9247cf1e2a1c060f0289ff695739b5006271ccc72adc77c39893969f68554 arg  2 mem   5.03 GB tm      1.50us/  3155.64ms (      0 GFLOPS    0|0      GB/s) 
scheduled     2 kernels in     1.56 ms |  cache hit b05eceb9 |   23967 uops in cache | /home/ubuntu/tinygrad-arkey/extra/llm_research/decode/nv_predispatch_full_logits_qualification.py:50
*** NV       210 E_32_32_4_8eeb0be1271d29e75036577a0f78604299ce04d3c87461b79b0e8e5b78f540f4 arg  2 mem   5.03 GB tm      2.11us/  3155.64ms (     14 GFLOPS   12|12     GB/s) 
*** NV       211 E_32_32_4_754efa125a4186de196d591a52274307faebf8f3b7cce694e5a62499996fa352 arg  2 mem   5.03 GB tm      1.57us/  3155.64ms (      0 GFLOPS   10|10     GB/s) 
scheduled     2 kernels in     1.55 ms |  cache hit b05eceb9 |   23970 uops in cache | /home/ubuntu/tinygrad-arkey/extra/llm_research/decode/nv_predispatch_full_logits_qualification.py:50
*** NV       212 E_32_32_4_8eeb0be1271d29e75036577a0f78604299ce04d3c87461b79b0e8e5b78f540f4 arg  2 mem   5.03 GB tm      2.34us/  3155.64ms (     12 GFLOPS   11|11     GB/s) 
*** NV       213 E_32_32_4_754efa125a4186de196d591a52274307faebf8f3b7cce694e5a62499996fa352 arg  2 mem   5.03 GB tm      1.50us/  3155.65ms (      0 GFLOPS   11|11     GB/s) 
scheduled     2 kernels in     1.58 ms |  cache hit 72521c2d |   23973 uops in cache | /home/ubuntu/tinygrad-arkey/extra/llm_research/decode/nv_predispatch_full_logits_qualification.py:50
*** NV       214 E_32_4_0fd8e427e9d1dbecd1dfa1010a8341575d43229d560da1084c9a2216cd00e715 arg  2 mem   5.03 GB tm      1.79us/  3155.65ms (      0 GFLOPS    0|0      GB/s) 
*** NV       215 E_32_4_29b9247cf1e2a1c060f0289ff695739b5006271ccc72adc77c39893969f68554 arg  2 mem   5.03 GB tm      1.50us/  3155.65ms (      0 GFLOPS    0|0      GB/s) 
scheduled     2 kernels in     1.58 ms |  cache hit 72521c2d |   23976 uops in cache | /home/ubuntu/tinygrad-arkey/extra/llm_research/decode/nv_predispatch_full_logits_qualification.py:50
*** NV       216 E_32_4_0fd8e427e9d1dbecd1dfa1010a8341575d43229d560da1084c9a2216cd00e715 arg  2 mem   5.03 GB tm      1.76us/  3155.65ms (      1 GFLOPS    0|0      GB/s) 
*** NV       217 E_32_4_29b9247cf1e2a1c060f0289ff695739b5006271ccc72adc77c39893969f68554 arg  2 mem   5.03 GB tm      1.66us/  3155.65ms (      0 GFLOPS    0|0      GB/s) 
scheduled     2 kernels in     1.57 ms |  cache hit b05eceb9 |   23979 uops in cache | /home/ubuntu/tinygrad-arkey/extra/llm_research/decode/nv_predispatch_full_logits_qualification.py:50
*** NV       218 E_32_32_4_8eeb0be1271d29e75036577a0f78604299ce04d3c87461b79b0e8e5b78f540f4 arg  2 mem   5.03 GB tm      2.11us/  3155.65ms (     14 GFLOPS   12|12     GB/s) 
*** NV       219 E_32_32_4_754efa125a4186de196d591a52274307faebf8f3b7cce694e5a62499996fa352 arg  2 mem   5.03 GB tm      1.54us/  3155.66ms (      0 GFLOPS   11|11     GB/s) 
scheduled     2 kernels in     1.52 ms |  cache hit b05eceb9 |   23982 uops in cache | /home/ubuntu/tinygrad-arkey/extra/llm_research/decode/nv_predispatch_full_logits_qualification.py:50
*** NV       220 E_32_32_4_8eeb0be1271d29e75036577a0f78604299ce04d3c87461b79b0e8e5b78f540f4 arg  2 mem   5.03 GB tm      2.11us/  3155.66ms (     14 GFLOPS   12|12     GB/s) 
*** NV       221 E_32_32_4_754efa125a4186de196d591a52274307faebf8f3b7cce694e5a62499996fa352 arg  2 mem   5.03 GB tm      1.50us/  3155.66ms (      0 GFLOPS   11|11     GB/s) 
scheduled     2 kernels in     1.54 ms |  cache hit 72521c2d |   23985 uops in cache | /home/ubuntu/tinygrad-arkey/extra/llm_research/decode/nv_predispatch_full_logits_qualification.py:50
*** NV       222 E_32_4_0fd8e427e9d1dbecd1dfa1010a8341575d43229d560da1084c9a2216cd00e715 arg  2 mem   5.03 GB tm      1.86us/  3155.66ms (      0 GFLOPS    0|0      GB/s) 
*** NV       223 E_32_4_29b9247cf1e2a1c060f0289ff695739b5006271ccc72adc77c39893969f68554 arg  2 mem   5.03 GB tm      1.50us/  3155.66ms (      0 GFLOPS    0|0      GB/s) 
scheduled     2 kernels in     1.65 ms |  cache hit 72521c2d |   23988 uops in cache | /home/ubuntu/tinygrad-arkey/extra/llm_research/decode/nv_predispatch_full_logits_qualification.py:50
*** NV       224 E_32_4_0fd8e427e9d1dbecd1dfa1010a8341575d43229d560da1084c9a2216cd00e715 arg  2 mem   5.03 GB tm      1.73us/  3155.66ms (      1 GFLOPS    0|0      GB/s) 
*** NV       225 E_32_4_29b9247cf1e2a1c060f0289ff695739b5006271ccc72adc77c39893969f68554 arg  2 mem   5.03 GB tm      1.44us/  3155.67ms (      0 GFLOPS    0|0      GB/s) 
scheduled     2 kernels in     1.56 ms |  cache hit b05eceb9 |   23991 uops in cache | /home/ubuntu/tinygrad-arkey/extra/llm_research/decode/nv_predispatch_full_logits_qualification.py:50
*** NV       226 E_32_32_4_8eeb0be1271d29e75036577a0f78604299ce04d3c87461b79b0e8e5b78f540f4 arg  2 mem   5.03 GB tm      2.14us/  3155.67ms (     13 GFLOPS   11|11     GB/s) 
*** NV       227 E_32_32_4_754efa125a4186de196d591a52274307faebf8f3b7cce694e5a62499996fa352 arg  2 mem   5.03 GB tm      1.54us/  3155.67ms (      0 GFLOPS   11|11     GB/s) 
scheduled     2 kernels in     1.54 ms |  cache hit b05eceb9 |   23994 uops in cache | /home/ubuntu/tinygrad-arkey/extra/llm_research/decode/nv_predispatch_full_logits_qualification.py:50
*** NV       228 E_32_32_4_8eeb0be1271d29e75036577a0f78604299ce04d3c87461b79b0e8e5b78f540f4 arg  2 mem   5.03 GB tm      2.14us/  3155.67ms (     13 GFLOPS   11|11     GB/s) 
*** NV       229 E_32_32_4_754efa125a4186de196d591a52274307faebf8f3b7cce694e5a62499996fa352 arg  2 mem   5.03 GB tm      1.54us/  3155.67ms (      0 GFLOPS   11|11     GB/s) 
scheduled     2 kernels in     1.55 ms |  cache hit 72521c2d |   23997 uops in cache | /home/ubuntu/tinygrad-arkey/extra/llm_research/decode/nv_predispatch_full_logits_qualification.py:50
*** NV       230 E_32_4_0fd8e427e9d1dbecd1dfa1010a8341575d43229d560da1084c9a2216cd00e715 arg  2 mem   5.03 GB tm      1.86us/  3155.68ms (      0 GFLOPS    0|0      GB/s) 
*** NV       231 E_32_4_29b9247cf1e2a1c060f0289ff695739b5006271ccc72adc77c39893969f68554 arg  2 mem   5.03 GB tm      1.54us/  3155.68ms (      0 GFLOPS    0|0      GB/s) 
scheduled     2 kernels in     1.73 ms |  cache hit 72521c2d |   24000 uops in cache | /home/ubuntu/tinygrad-arkey/extra/llm_research/decode/nv_predispatch_full_logits_qualification.py:50
*** NV       232 E_32_4_0fd8e427e9d1dbecd1dfa1010a8341575d43229d560da1084c9a2216cd00e715 arg  2 mem   5.03 GB tm      1.76us/  3155.68ms (      1 GFLOPS    0|0      GB/s) 
*** NV       233 E_32_4_29b9247cf1e2a1c060f0289ff695739b5006271ccc72adc77c39893969f68554 arg  2 mem   5.03 GB tm      1.54us/  3155.68ms (      0 GFLOPS    0|0      GB/s) 
scheduled     2 kernels in     1.49 ms |  cache hit b05eceb9 |   24003 uops in cache | /home/ubuntu/tinygrad-arkey/extra/llm_research/decode/nv_predispatch_full_logits_qualification.py:50
*** NV       234 E_32_32_4_8eeb0be1271d29e75036577a0f78604299ce04d3c87461b79b0e8e5b78f540f4 arg  2 mem   5.03 GB tm      2.11us/  3155.68ms (     14 GFLOPS   12|12     GB/s) 
*** NV       235 E_32_32_4_754efa125a4186de196d591a52274307faebf8f3b7cce694e5a62499996fa352 arg  2 mem   5.03 GB tm      1.50us/  3155.68ms (      0 GFLOPS   11|11     GB/s) 
scheduled     2 kernels in     1.59 ms |  cache hit b05eceb9 |   24006 uops in cache | /home/ubuntu/tinygrad-arkey/extra/llm_research/decode/nv_predispatch_full_logits_qualification.py:50
*** NV       236 E_32_32_4_8eeb0be1271d29e75036577a0f78604299ce04d3c87461b79b0e8e5b78f540f4 arg  2 mem   5.03 GB tm      2.08us/  3155.69ms (     14 GFLOPS   12|12     GB/s) 
*** NV       237 E_32_32_4_754efa125a4186de196d591a52274307faebf8f3b7cce694e5a62499996fa352 arg  2 mem   5.03 GB tm      1.54us/  3155.69ms (      0 GFLOPS   11|11     GB/s) 
scheduled     2 kernels in     1.62 ms |  cache hit 72521c2d |   24009 uops in cache | /home/ubuntu/tinygrad-arkey/extra/llm_research/decode/nv_predispatch_full_logits_qualification.py:50
*** NV       238 E_32_4_0fd8e427e9d1dbecd1dfa1010a8341575d43229d560da1084c9a2216cd00e715 arg  2 mem   5.03 GB tm      2.08us/  3155.69ms (      0 GFLOPS    0|0      GB/s) 
*** NV       239 E_32_4_29b9247cf1e2a1c060f0289ff695739b5006271ccc72adc77c39893969f68554 arg  2 mem   5.03 GB tm      1.50us/  3155.69ms (      0 GFLOPS    0|0      GB/s) 
scheduled     2 kernels in     1.53 ms |  cache hit 72521c2d |   24012 uops in cache | /home/ubuntu/tinygrad-arkey/extra/llm_research/decode/nv_predispatch_full_logits_qualification.py:50
*** NV       240 E_32_4_0fd8e427e9d1dbecd1dfa1010a8341575d43229d560da1084c9a2216cd00e715 arg  2 mem   5.03 GB tm      1.79us/  3155.69ms (      0 GFLOPS    0|0      GB/s) 
*** NV       241 E_32_4_29b9247cf1e2a1c060f0289ff695739b5006271ccc72adc77c39893969f68554 arg  2 mem   5.03 GB tm      1.57us/  3155.69ms (      0 GFLOPS    0|0      GB/s) 
scheduled     2 kernels in     1.58 ms |  cache hit b05eceb9 |   24015 uops in cache | /home/ubuntu/tinygrad-arkey/extra/llm_research/decode/nv_predispatch_full_logits_qualification.py:50
*** NV       242 E_32_32_4_8eeb0be1271d29e75036577a0f78604299ce04d3c87461b79b0e8e5b78f540f4 arg  2 mem   5.03 GB tm      2.14us/  3155.70ms (     13 GFLOPS   11|11     GB/s) 
*** NV       243 E_32_32_4_754efa125a4186de196d591a52274307faebf8f3b7cce694e5a62499996fa352 arg  2 mem   5.03 GB tm      1.54us/  3155.70ms (      0 GFLOPS   11|11     GB/s) 
scheduled     2 kernels in     1.57 ms |  cache hit b05eceb9 |   24018 uops in cache | /home/ubuntu/tinygrad-arkey/extra/llm_research/decode/nv_predispatch_full_logits_qualification.py:50
*** NV       244 E_32_32_4_8eeb0be1271d29e75036577a0f78604299ce04d3c87461b79b0e8e5b78f540f4 arg  2 mem   5.03 GB tm      2.05us/  3155.70ms (     14 GFLOPS   12|12     GB/s) 
*** NV       245 E_32_32_4_754efa125a4186de196d591a52274307faebf8f3b7cce694e5a62499996fa352 arg  2 mem   5.03 GB tm      1.57us/  3155.70ms (      0 GFLOPS   10|10     GB/s) 
scheduled     2 kernels in     1.56 ms |  cache hit 72521c2d |   24021 uops in cache | /home/ubuntu/tinygrad-arkey/extra/llm_research/decode/nv_predispatch_full_logits_qualification.py:50
*** NV       246 E_32_4_0fd8e427e9d1dbecd1dfa1010a8341575d43229d560da1084c9a2216cd00e715 arg  2 mem   5.03 GB tm      2.02us/  3155.70ms (      0 GFLOPS    0|0      GB/s) 
*** NV       247 E_32_4_29b9247cf1e2a1c060f0289ff695739b5006271ccc72adc77c39893969f68554 arg  2 mem   5.03 GB tm      1.57us/  3155.71ms (      0 GFLOPS    0|0      GB/s) 
scheduled     2 kernels in     1.56 ms |  cache hit 72521c2d |   24024 uops in cache | /home/ubuntu/tinygrad-arkey/extra/llm_research/decode/nv_predispatch_full_logits_qualification.py:50
*** NV       248 E_32_4_0fd8e427e9d1dbecd1dfa1010a8341575d43229d560da1084c9a2216cd00e715 arg  2 mem   5.03 GB tm      1.79us/  3155.71ms (      0 GFLOPS    0|0      GB/s) 
*** NV       249 E_32_4_29b9247cf1e2a1c060f0289ff695739b5006271ccc72adc77c39893969f68554 arg  2 mem   5.03 GB tm      1.54us/  3155.71ms (      0 GFLOPS    0|0      GB/s) 
scheduled     2 kernels in     1.56 ms |  cache hit b05eceb9 |   24027 uops in cache | /home/ubuntu/tinygrad-arkey/extra/llm_research/decode/nv_predispatch_full_logits_qualification.py:50
*** NV       250 E_32_32_4_8eeb0be1271d29e75036577a0f78604299ce04d3c87461b79b0e8e5b78f540f4 arg  2 mem   5.03 GB tm      2.08us/  3155.71ms (     14 GFLOPS   12|12     GB/s) 
*** NV       251 E_32_32_4_754efa125a4186de196d591a52274307faebf8f3b7cce694e5a62499996fa352 arg  2 mem   5.03 GB tm      1.54us/  3155.71ms (      0 GFLOPS   11|11     GB/s) 
scheduled     2 kernels in     1.62 ms |  cache hit b05eceb9 |   24030 uops in cache | /home/ubuntu/tinygrad-arkey/extra/llm_research/decode/nv_predispatch_full_logits_qualification.py:50
*** NV       252 E_32_32_4_8eeb0be1271d29e75036577a0f78604299ce04d3c87461b79b0e8e5b78f540f4 arg  2 mem   5.03 GB tm      2.05us/  3155.71ms (     14 GFLOPS   12|12     GB/s) 
*** NV       253 E_32_32_4_754efa125a4186de196d591a52274307faebf8f3b7cce694e5a62499996fa352 arg  2 mem   5.03 GB tm      1.50us/  3155.72ms (      0 GFLOPS   11|11     GB/s) 
scheduled     2 kernels in     1.62 ms |  cache hit 72521c2d |   24033 uops in cache | /home/ubuntu/tinygrad-arkey/extra/llm_research/decode/nv_predispatch_full_logits_qualification.py:50
*** NV       254 E_32_4_0fd8e427e9d1dbecd1dfa1010a8341575d43229d560da1084c9a2216cd00e715 arg  2 mem   5.03 GB tm      1.79us/  3155.72ms (      0 GFLOPS    0|0      GB/s) 
*** NV       255 E_32_4_29b9247cf1e2a1c060f0289ff695739b5006271ccc72adc77c39893969f68554 arg  2 mem   5.03 GB tm      1.50us/  3155.72ms (      0 GFLOPS    0|0      GB/s) 
scheduled     2 kernels in     1.55 ms |  cache hit 72521c2d |   24036 uops in cache | /home/ubuntu/tinygrad-arkey/extra/llm_research/decode/nv_predispatch_full_logits_qualification.py:50
*** NV       256 E_32_4_0fd8e427e9d1dbecd1dfa1010a8341575d43229d560da1084c9a2216cd00e715 arg  2 mem   5.03 GB tm      1.79us/  3155.72ms (      0 GFLOPS    0|0      GB/s) 
*** NV       257 E_32_4_29b9247cf1e2a1c060f0289ff695739b5006271ccc72adc77c39893969f68554 arg  2 mem   5.03 GB tm      1.50us/  3155.72ms (      0 GFLOPS    0|0      GB/s) 
scheduled     2 kernels in     1.56 ms |  cache hit b05eceb9 |   24039 uops in cache | /home/ubuntu/tinygrad-arkey/extra/llm_research/decode/nv_predispatch_full_logits_qualification.py:50
*** NV       258 E_32_32_4_8eeb0be1271d29e75036577a0f78604299ce04d3c87461b79b0e8e5b78f540f4 arg  2 mem   5.03 GB tm      2.11us/  3155.72ms (     14 GFLOPS   12|12     GB/s) 
*** NV       259 E_32_32_4_754efa125a4186de196d591a52274307faebf8f3b7cce694e5a62499996fa352 arg  2 mem   5.03 GB tm      1.54us/  3155.73ms (      0 GFLOPS   11|11     GB/s) 
scheduled     2 kernels in     1.60 ms |  cache hit b05eceb9 |   24042 uops in cache | /home/ubuntu/tinygrad-arkey/extra/llm_research/decode/nv_predispatch_full_logits_qualification.py:50
*** NV       260 E_32_32_4_8eeb0be1271d29e75036577a0f78604299ce04d3c87461b79b0e8e5b78f540f4 arg  2 mem   5.03 GB tm      2.30us/  3155.73ms (     12 GFLOPS   11|11     GB/s) 
*** NV       261 E_32_32_4_754efa125a4186de196d591a52274307faebf8f3b7cce694e5a62499996fa352 arg  2 mem   5.03 GB tm      1.50us/  3155.73ms (      0 GFLOPS   11|11     GB/s) 
scheduled     2 kernels in     1.61 ms |  cache hit 72521c2d |   24045 uops in cache | /home/ubuntu/tinygrad-arkey/extra/llm_research/decode/nv_predispatch_full_logits_qualification.py:50
*** NV       262 E_32_4_0fd8e427e9d1dbecd1dfa1010a8341575d43229d560da1084c9a2216cd00e715 arg  2 mem   5.03 GB tm      1.98us/  3155.73ms (      0 GFLOPS    0|0      GB/s) 
*** NV       263 E_32_4_29b9247cf1e2a1c060f0289ff695739b5006271ccc72adc77c39893969f68554 arg  2 mem   5.03 GB tm      1.50us/  3155.73ms (      0 GFLOPS    0|0      GB/s) 
scheduled     2 kernels in     1.53 ms |  cache hit 72521c2d |   24048 uops in cache | /home/ubuntu/tinygrad-arkey/extra/llm_research/decode/nv_predispatch_full_logits_qualification.py:50
*** NV       264 E_32_4_0fd8e427e9d1dbecd1dfa1010a8341575d43229d560da1084c9a2216cd00e715 arg  2 mem   5.03 GB tm      1.89us/  3155.73ms (      0 GFLOPS    0|0      GB/s) 
*** NV       265 E_32_4_29b9247cf1e2a1c060f0289ff695739b5006271ccc72adc77c39893969f68554 arg  2 mem   5.03 GB tm      1.50us/  3155.74ms (      0 GFLOPS    0|0      GB/s) 
scheduled     2 kernels in     1.54 ms |  cache hit b05eceb9 |   24051 uops in cache | /home/ubuntu/tinygrad-arkey/extra/llm_research/decode/nv_predispatch_full_logits_qualification.py:50
*** NV       266 E_32_32_4_8eeb0be1271d29e75036577a0f78604299ce04d3c87461b79b0e8e5b78f540f4 arg  2 mem   5.03 GB tm      2.18us/  3155.74ms (     13 GFLOPS   11|11     GB/s) 
*** NV       267 E_32_32_4_754efa125a4186de196d591a52274307faebf8f3b7cce694e5a62499996fa352 arg  2 mem   5.03 GB tm      1.54us/  3155.74ms (      0 GFLOPS   11|11     GB/s) 
scheduled     2 kernels in     1.61 ms |  cache hit b05eceb9 |   24054 uops in cache | /home/ubuntu/tinygrad-arkey/extra/llm_research/decode/nv_predispatch_full_logits_qualification.py:50
*** NV       268 E_32_32_4_8eeb0be1271d29e75036577a0f78604299ce04d3c87461b79b0e8e5b78f540f4 arg  2 mem   5.03 GB tm      2.14us/  3155.74ms (     13 GFLOPS   11|11     GB/s) 
*** NV       269 E_32_32_4_754efa125a4186de196d591a52274307faebf8f3b7cce694e5a62499996fa352 arg  2 mem   5.03 GB tm      1.57us/  3155.74ms (      0 GFLOPS   10|10     GB/s) 
scheduled     2 kernels in     1.55 ms |  cache hit 72521c2d |   24057 uops in cache | /home/ubuntu/tinygrad-arkey/extra/llm_research/decode/nv_predispatch_full_logits_qualification.py:50
*** NV       270 E_32_4_0fd8e427e9d1dbecd1dfa1010a8341575d43229d560da1084c9a2216cd00e715 arg  2 mem   5.03 GB tm      2.02us/  3155.75ms (      0 GFLOPS    0|0      GB/s) 
*** NV       271 E_32_4_29b9247cf1e2a1c060f0289ff695739b5006271ccc72adc77c39893969f68554 arg  2 mem   5.03 GB tm      1.50us/  3155.75ms (      0 GFLOPS    0|0      GB/s) 
scheduled     2 kernels in     1.55 ms |  cache hit 72521c2d |   24060 uops in cache | /home/ubuntu/tinygrad-arkey/extra/llm_research/decode/nv_predispatch_full_logits_qualification.py:50
*** NV       272 E_32_4_0fd8e427e9d1dbecd1dfa1010a8341575d43229d560da1084c9a2216cd00e715 arg  2 mem   5.03 GB tm      1.79us/  3155.75ms (      0 GFLOPS    0|0      GB/s) 
*** NV       273 E_32_4_29b9247cf1e2a1c060f0289ff695739b5006271ccc72adc77c39893969f68554 arg  2 mem   5.03 GB tm      1.50us/  3155.75ms (      0 GFLOPS    0|0      GB/s) 
scheduled     2 kernels in     1.60 ms |  cache hit b05eceb9 |   24063 uops in cache | /home/ubuntu/tinygrad-arkey/extra/llm_research/decode/nv_predispatch_full_logits_qualification.py:50
*** NV       274 E_32_32_4_8eeb0be1271d29e75036577a0f78604299ce04d3c87461b79b0e8e5b78f540f4 arg  2 mem   5.03 GB tm      2.21us/  3155.75ms (     13 GFLOPS   11|11     GB/s) 
*** NV       275 E_32_32_4_754efa125a4186de196d591a52274307faebf8f3b7cce694e5a62499996fa352 arg  2 mem   5.03 GB tm      1.54us/  3155.75ms (      0 GFLOPS   11|11     GB/s) 
scheduled     2 kernels in     1.56 ms |  cache hit b05eceb9 |   24066 uops in cache | /home/ubuntu/tinygrad-arkey/extra/llm_research/decode/nv_predispatch_full_logits_qualification.py:50
*** NV       276 E_32_32_4_8eeb0be1271d29e75036577a0f78604299ce04d3c87461b79b0e8e5b78f540f4 arg  2 mem   5.03 GB tm      2.11us/  3155.76ms (     14 GFLOPS   12|12     GB/s) 
*** NV       277 E_32_32_4_754efa125a4186de196d591a52274307faebf8f3b7cce694e5a62499996fa352 arg  2 mem   5.03 GB tm      1.54us/  3155.76ms (      0 GFLOPS   11|11     GB/s) 
scheduled     2 kernels in     1.60 ms |  cache hit 72521c2d |   24069 uops in cache | /home/ubuntu/tinygrad-arkey/extra/llm_research/decode/nv_predispatch_full_logits_qualification.py:50
*** NV       278 E_32_4_0fd8e427e9d1dbecd1dfa1010a8341575d43229d560da1084c9a2216cd00e715 arg  2 mem   5.03 GB tm      1.86us/  3155.76ms (      0 GFLOPS    0|0      GB/s) 
*** NV       279 E_32_4_29b9247cf1e2a1c060f0289ff695739b5006271ccc72adc77c39893969f68554 arg  2 mem   5.03 GB tm      1.54us/  3155.76ms (      0 GFLOPS    0|0      GB/s) 
scheduled     2 kernels in     1.60 ms |  cache hit 72521c2d |   24072 uops in cache | /home/ubuntu/tinygrad-arkey/extra/llm_research/decode/nv_predispatch_full_logits_qualification.py:50
*** NV       280 E_32_4_0fd8e427e9d1dbecd1dfa1010a8341575d43229d560da1084c9a2216cd00e715 arg  2 mem   5.03 GB tm      1.73us/  3155.76ms (      1 GFLOPS    0|0      GB/s) 
*** NV       281 E_32_4_29b9247cf1e2a1c060f0289ff695739b5006271ccc72adc77c39893969f68554 arg  2 mem   5.03 GB tm      1.47us/  3155.76ms (      0 GFLOPS    0|0      GB/s) 
scheduled     2 kernels in     1.57 ms |  cache hit b05eceb9 |   24075 uops in cache | /home/ubuntu/tinygrad-arkey/extra/llm_research/decode/nv_predispatch_full_logits_qualification.py:50
*** NV       282 E_32_32_4_8eeb0be1271d29e75036577a0f78604299ce04d3c87461b79b0e8e5b78f540f4 arg  2 mem   5.03 GB tm      2.14us/  3155.77ms (     13 GFLOPS   11|11     GB/s) 
*** NV       283 E_32_32_4_754efa125a4186de196d591a52274307faebf8f3b7cce694e5a62499996fa352 arg  2 mem   5.03 GB tm      1.54us/  3155.77ms (      0 GFLOPS   11|11     GB/s) 
scheduled     2 kernels in     1.59 ms |  cache hit b05eceb9 |   24078 uops in cache | /home/ubuntu/tinygrad-arkey/extra/llm_research/decode/nv_predispatch_full_logits_qualification.py:50
*** NV       284 E_32_32_4_8eeb0be1271d29e75036577a0f78604299ce04d3c87461b79b0e8e5b78f540f4 arg  2 mem   5.03 GB tm      1.86us/  3155.77ms (     15 GFLOPS   13|13     GB/s) 
*** NV       285 E_32_32_4_754efa125a4186de196d591a52274307faebf8f3b7cce694e5a62499996fa352 arg  2 mem   5.03 GB tm      1.57us/  3155.77ms (      0 GFLOPS   10|10     GB/s) 
scheduled     2 kernels in     1.56 ms |  cache hit 72521c2d |   24081 uops in cache | /home/ubuntu/tinygrad-arkey/extra/llm_research/decode/nv_predispatch_full_logits_qualification.py:50
*** NV       286 E_32_4_0fd8e427e9d1dbecd1dfa1010a8341575d43229d560da1084c9a2216cd00e715 arg  2 mem   5.03 GB tm      2.02us/  3155.77ms (      0 GFLOPS    0|0      GB/s) 
*** NV       287 E_32_4_29b9247cf1e2a1c060f0289ff695739b5006271ccc72adc77c39893969f68554 arg  2 mem   5.03 GB tm      1.50us/  3155.78ms (      0 GFLOPS    0|0      GB/s) 
scheduled     2 kernels in     1.55 ms |  cache hit 72521c2d |   24084 uops in cache | /home/ubuntu/tinygrad-arkey/extra/llm_research/decode/nv_predispatch_full_logits_qualification.py:50
*** NV       288 E_32_4_0fd8e427e9d1dbecd1dfa1010a8341575d43229d560da1084c9a2216cd00e715 arg  2 mem   5.03 GB tm      1.82us/  3155.78ms (      0 GFLOPS    0|0      GB/s) 
*** NV       289 E_32_4_29b9247cf1e2a1c060f0289ff695739b5006271ccc72adc77c39893969f68554 arg  2 mem   5.03 GB tm      1.50us/  3155.78ms (      0 GFLOPS    0|0      GB/s) 
scheduled     2 kernels in     1.60 ms |  cache hit b05eceb9 |   24087 uops in cache | /home/ubuntu/tinygrad-arkey/extra/llm_research/decode/nv_predispatch_full_logits_qualification.py:50
*** NV       290 E_32_32_4_8eeb0be1271d29e75036577a0f78604299ce04d3c87461b79b0e8e5b78f540f4 arg  2 mem   5.03 GB tm      2.11us/  3155.78ms (     14 GFLOPS   12|12     GB/s) 
*** NV       291 E_32_32_4_754efa125a4186de196d591a52274307faebf8f3b7cce694e5a62499996fa352 arg  2 mem   5.03 GB tm      1.50us/  3155.78ms (      0 GFLOPS   11|11     GB/s) 
scheduled     2 kernels in     1.95 ms |  cache hit b05eceb9 |   25107 uops in cache | /home/ubuntu/tinygrad-arkey/extra/llm_research/decode/nv_predispatch_full_logits_qualification.py:50
*** NV       292 E_32_32_4_8eeb0be1271d29e75036577a0f78604299ce04d3c87461b79b0e8e5b78f540f4 arg  2 mem   5.03 GB tm      1.63us/  3155.78ms (     18 GFLOPS   15|15     GB/s) 
*** NV       293 E_32_32_4_754efa125a4186de196d591a52274307faebf8f3b7cce694e5a62499996fa352 arg  2 mem   5.03 GB tm      1.54us/  3155.79ms (      0 GFLOPS   11|11     GB/s) 
scheduled     2 kernels in     1.73 ms |  cache hit b05eceb9 |   25109 uops in cache | /home/ubuntu/tinygrad-arkey/extra/llm_research/decode/nv_predispatch_full_logits_qualification.py:50
*** NV       294 E_32_32_4_8eeb0be1271d29e75036577a0f78604299ce04d3c87461b79b0e8e5b78f540f4 arg  2 mem   5.03 GB tm      1.70us/  3155.79ms (     17 GFLOPS   14|14     GB/s) 
*** NV       295 E_32_32_4_754efa125a4186de196d591a52274307faebf8f3b7cce694e5a62499996fa352 arg  2 mem   5.03 GB tm      1.57us/  3155.79ms (      0 GFLOPS   10|10     GB/s) 
scheduled     2 kernels in     1.72 ms |  cache hit b05eceb9 |   25111 uops in cache | /home/ubuntu/tinygrad-arkey/extra/llm_research/decode/nv_predispatch_full_logits_qualification.py:50
*** NV       296 E_32_32_4_8eeb0be1271d29e75036577a0f78604299ce04d3c87461b79b0e8e5b78f540f4 arg  2 mem   5.03 GB tm      1.70us/  3155.79ms (     17 GFLOPS   14|14     GB/s) 
*** NV       297 E_32_32_4_754efa125a4186de196d591a52274307faebf8f3b7cce694e5a62499996fa352 arg  2 mem   5.03 GB tm      1.54us/  3155.79ms (      0 GFLOPS   11|11     GB/s) 
*** NV       298 E_12288_32_3_8a2a0c984371f888a1d58c8b8cc8d6257113c3a1ecd4bfd12315b5e73138ca4a arg  3 mem   5.03 GB tm      8.10us/  3155.80ms (    146 GFLOPS 1166|1748   GB/s) 
scheduled     2 kernels in     1.77 ms |  cache hit b05eceb9 |   25199 uops in cache | /home/ubuntu/tinygrad-arkey/extra/llm_research/decode/nv_predispatch_full_logits_qualification.py:50
*** NV       299 E_32_32_4_8eeb0be1271d29e75036577a0f78604299ce04d3c87461b79b0e8e5b78f540f4 arg  2 mem   5.03 GB tm      1.86us/  3155.80ms (     15 GFLOPS   13|13     GB/s) 
*** NV       300 E_32_32_4_754efa125a4186de196d591a52274307faebf8f3b7cce694e5a62499996fa352 arg  2 mem   5.03 GB tm      1.66us/  3155.80ms (      0 GFLOPS   10|10     GB/s) 
*** NV       301 E_12288_32_3_8a2a0c984371f888a1d58c8b8cc8d6257113c3a1ecd4bfd12315b5e73138ca4a arg  3 mem   5.04 GB tm      8.35us/  3155.81ms (    141 GFLOPS 1130|1695   GB/s) 
scheduled     2 kernels in     1.81 ms |  cache hit b05eceb9 |   25203 uops in cache | /home/ubuntu/tinygrad-arkey/extra/llm_research/decode/nv_predispatch_full_logits_qualification.py:50
*** NV       302 E_32_32_4_8eeb0be1271d29e75036577a0f78604299ce04d3c87461b79b0e8e5b78f540f4 arg  2 mem   5.04 GB tm      1.86us/  3155.81ms (     15 GFLOPS   13|13     GB/s) 
*** NV       303 E_32_32_4_754efa125a4186de196d591a52274307faebf8f3b7cce694e5a62499996fa352 arg  2 mem   5.04 GB tm      1.60us/  3155.82ms (      0 GFLOPS   10|10     GB/s) 
scheduled     2 kernels in     1.75 ms |  cache hit b05eceb9 |   25205 uops in cache | /home/ubuntu/tinygrad-arkey/extra/llm_research/decode/nv_predispatch_full_logits_qualification.py:50
*** NV       304 E_32_32_4_8eeb0be1271d29e75036577a0f78604299ce04d3c87461b79b0e8e5b78f540f4 arg  2 mem   5.04 GB tm      1.82us/  3155.82ms (     16 GFLOPS   13|13     GB/s) 
*** NV       305 E_32_32_4_754efa125a4186de196d591a52274307faebf8f3b7cce694e5a62499996fa352 arg  2 mem   5.04 GB tm      1.57us/  3155.82ms (      0 GFLOPS   10|10     GB/s) 
*** NV       306 E_12288_32_3_8a2a0c984371f888a1d58c8b8cc8d6257113c3a1ecd4bfd12315b5e73138ca4a arg  3 mem   5.04 GB tm      8.32us/  3155.83ms (    142 GFLOPS 1134|1701   GB/s) 
scheduled     2 kernels in     1.78 ms |  cache hit b05eceb9 |   25209 uops in cache | /home/ubuntu/tinygrad-arkey/extra/llm_research/decode/nv_predispatch_full_logits_qualification.py:50
*** NV       307 E_32_32_4_8eeb0be1271d29e75036577a0f78604299ce04d3c87461b79b0e8e5b78f540f4 arg  2 mem   5.04 GB tm      1.89us/  3155.83ms (     15 GFLOPS   13|13     GB/s) 
*** NV       308 E_32_32_4_754efa125a4186de196d591a52274307faebf8f3b7cce694e5a62499996fa352 arg  2 mem   5.04 GB tm      1.63us/  3155.83ms (      0 GFLOPS   10|10     GB/s) 
*** NV       309 E_12288_32_3_8a2a0c984371f888a1d58c8b8cc8d6257113c3a1ecd4bfd12315b5e73138ca4a arg  3 mem   5.05 GB tm      8.29us/  3155.84ms (    142 GFLOPS 1139|1708   GB/s) 
scheduled     2 kernels in     1.73 ms |  cache hit b05eceb9 |   25213 uops in cache | /home/ubuntu/tinygrad-arkey/extra/llm_research/decode/nv_predispatch_full_logits_qualification.py:50
*** NV       310 E_32_32_4_8eeb0be1271d29e75036577a0f78604299ce04d3c87461b79b0e8e5b78f540f4 arg  2 mem   5.05 GB tm      1.86us/  3155.84ms (     15 GFLOPS   13|13     GB/s) 
*** NV       311 E_32_32_4_754efa125a4186de196d591a52274307faebf8f3b7cce694e5a62499996fa352 arg  2 mem   5.05 GB tm      1.63us/  3155.84ms (      0 GFLOPS   10|10     GB/s) 
scheduled     2 kernels in     1.71 ms |  cache hit b05eceb9 |   25215 uops in cache | /home/ubuntu/tinygrad-arkey/extra/llm_research/decode/nv_predispatch_full_logits_qualification.py:50
*** NV       312 E_32_32_4_8eeb0be1271d29e75036577a0f78604299ce04d3c87461b79b0e8e5b78f540f4 arg  2 mem   5.05 GB tm      1.79us/  3155.84ms (     16 GFLOPS   14|14     GB/s) 
*** NV       313 E_32_32_4_754efa125a4186de196d591a52274307faebf8f3b7cce694e5a62499996fa352 arg  2 mem   5.05 GB tm      1.50us/  3155.85ms (      0 GFLOPS   11|11     GB/s) 
*** NV       314 E_12288_32_3_8a2a0c984371f888a1d58c8b8cc8d6257113c3a1ecd4bfd12315b5e73138ca4a arg  3 mem   5.05 GB tm      8.35us/  3155.85ms (    141 GFLOPS 1130|1695   GB/s) 
scheduled     2 kernels in     1.82 ms |  cache hit b05eceb9 |   25219 uops in cache | /home/ubuntu/tinygrad-arkey/extra/llm_research/decode/nv_predispatch_full_logits_qualification.py:50
*** NV       315 E_32_32_4_8eeb0be1271d29e75036577a0f78604299ce04d3c87461b79b0e8e5b78f540f4 arg  2 mem   5.05 GB tm      1.89us/  3155.86ms (     15 GFLOPS   13|13     GB/s) 
*** NV       316 E_32_32_4_754efa125a4186de196d591a52274307faebf8f3b7cce694e5a62499996fa352 arg  2 mem   5.05 GB tm      1.63us/  3155.86ms (      0 GFLOPS   10|10     GB/s) 
*** NV       317 E_12288_32_3_8a2a0c984371f888a1d58c8b8cc8d6257113c3a1ecd4bfd12315b5e73138ca4a arg  3 mem   5.06 GB tm      8.42us/  3155.87ms (    140 GFLOPS 1121|1682   GB/s) 
scheduled     2 kernels in     1.79 ms |  cache hit b05eceb9 |   25223 uops in cache | /home/ubuntu/tinygrad-arkey/extra/llm_research/decode/nv_predispatch_full_logits_qualification.py:50
*** NV       318 E_32_32_4_8eeb0be1271d29e75036577a0f78604299ce04d3c87461b79b0e8e5b78f540f4 arg  2 mem   5.06 GB tm      1.86us/  3155.87ms (     15 GFLOPS   13|13     GB/s) 
*** NV       319 E_32_32_4_754efa125a4186de196d591a52274307faebf8f3b7cce694e5a62499996fa352 arg  2 mem   5.06 GB tm      1.70us/  3155.87ms (      0 GFLOPS   10|10     GB/s) 
scheduled     2 kernels in     1.77 ms |  cache hit b05eceb9 |   25225 uops in cache | /home/ubuntu/tinygrad-arkey/extra/llm_research/decode/nv_predispatch_full_logits_qualification.py:50
*** NV       320 E_32_32_4_8eeb0be1271d29e75036577a0f78604299ce04d3c87461b79b0e8e5b78f540f4 arg  2 mem   5.06 GB tm      1.82us/  3155.87ms (     16 GFLOPS   13|13     GB/s) 
*** NV       321 E_32_32_4_754efa125a4186de196d591a52274307faebf8f3b7cce694e5a62499996fa352 arg  2 mem   5.06 GB tm      1.54us/  3155.87ms (      0 GFLOPS   11|11     GB/s) 
*** NV       322 E_12288_32_3_8a2a0c984371f888a1d58c8b8cc8d6257113c3a1ecd4bfd12315b5e73138ca4a arg  3 mem   5.06 GB tm      8.45us/  3155.88ms (    140 GFLOPS 1117|1676   GB/s) 
scheduled     2 kernels in     1.79 ms |  cache hit b05eceb9 |   25229 uops in cache | /home/ubuntu/tinygrad-arkey/extra/llm_research/decode/nv_predispatch_full_logits_qualification.py:50
*** NV       323 E_32_32_4_8eeb0be1271d29e75036577a0f78604299ce04d3c87461b79b0e8e5b78f540f4 arg  2 mem   5.06 GB tm      2.27us/  3155.88ms (     13 GFLOPS   11|11     GB/s) 
*** NV       324 E_32_32_4_754efa125a4186de196d591a52274307faebf8f3b7cce694e5a62499996fa352 arg  2 mem   5.06 GB tm      1.60us/  3155.89ms (      0 GFLOPS   10|10     GB/s) 
scheduled     2 kernels in     1.86 ms |  cache hit b05eceb9 |   25231 uops in cache | /home/ubuntu/tinygrad-arkey/extra/llm_research/decode/nv_predispatch_full_logits_qualification.py:50
*** NV       325 E_32_32_4_8eeb0be1271d29e75036577a0f78604299ce04d3c87461b79b0e8e5b78f540f4 arg  2 mem   5.06 GB tm      1.82us/  3155.89ms (     16 GFLOPS   13|13     GB/s) 
*** NV       326 E_32_32_4_754efa125a4186de196d591a52274307faebf8f3b7cce694e5a62499996fa352 arg  2 mem   5.06 GB tm      1.50us/  3155.89ms (      0 GFLOPS   11|11     GB/s) 
*** NV       327 E_12288_32_3_8a2a0c984371f888a1d58c8b8cc8d6257113c3a1ecd4bfd12315b5e73138ca4a arg  3 mem   5.07 GB tm      8.45us/  3155.90ms (    140 GFLOPS 1117|1676   GB/s) 
scheduled     2 kernels in     1.76 ms |  cache hit b05eceb9 |   25235 uops in cache | /home/ubuntu/tinygrad-arkey/extra/llm_research/decode/nv_predispatch_full_logits_qualification.py:50
*** NV       328 E_32_32_4_8eeb0be1271d29e75036577a0f78604299ce04d3c87461b79b0e8e5b78f540f4 arg  2 mem   5.07 GB tm      1.86us/  3155.90ms (     15 GFLOPS   13|13     GB/s) 
*** NV       329 E_32_32_4_754efa125a4186de196d591a52274307faebf8f3b7cce694e5a62499996fa352 arg  2 mem   5.07 GB tm      1.76us/  3155.90ms (      0 GFLOPS    9|9      GB/s) 
*** NV       330 E_12288_32_3_8a2a0c984371f888a1d58c8b8cc8d6257113c3a1ecd4bfd12315b5e73138ca4a arg  3 mem   5.07 GB tm      8.54us/  3155.91ms (    138 GFLOPS 1105|1657   GB/s) 
scheduled     2 kernels in     1.78 ms |  cache hit b05eceb9 |   25239 uops in cache | /home/ubuntu/tinygrad-arkey/extra/llm_research/decode/nv_predispatch_full_logits_qualification.py:50
*** NV       331 E_32_32_4_8eeb0be1271d29e75036577a0f78604299ce04d3c87461b79b0e8e5b78f540f4 arg  2 mem   5.07 GB tm      2.11us/  3155.91ms (     14 GFLOPS   12|12     GB/s) 
*** NV       332 E_32_32_4_754efa125a4186de196d591a52274307faebf8f3b7cce694e5a62499996fa352 arg  2 mem   5.07 GB tm      1.63us/  3155.91ms (      0 GFLOPS   10|10     GB/s) 
scheduled     2 kernels in     1.73 ms |  cache hit b05eceb9 |   25241 uops in cache | /home/ubuntu/tinygrad-arkey/extra/llm_research/decode/nv_predispatch_full_logits_qualification.py:50
*** NV       333 E_32_32_4_8eeb0be1271d29e75036577a0f78604299ce04d3c87461b79b0e8e5b78f540f4 arg  2 mem   5.07 GB tm      2.08us/  3155.91ms (     14 GFLOPS   12|12     GB/s) 
*** NV       334 E_32_32_4_754efa125a4186de196d591a52274307faebf8f3b7cce694e5a62499996fa352 arg  2 mem   5.07 GB tm      1.54us/  3155.92ms (      0 GFLOPS   11|11     GB/s) 
*** NV       335 E_12288_32_3_8a2a0c984371f888a1d58c8b8cc8d6257113c3a1ecd4bfd12315b5e73138ca4a arg  3 mem   5.08 GB tm      8.70us/  3155.93ms (    136 GFLOPS 1084|1626   GB/s) 
scheduled     2 kernels in     1.79 ms |  cache hit b05eceb9 |   25245 uops in cache | /home/ubuntu/tinygrad-arkey/extra/llm_research/decode/nv_predispatch_full_logits_qualification.py:50
*** NV       336 E_32_32_4_8eeb0be1271d29e75036577a0f78604299ce04d3c87461b79b0e8e5b78f540f4 arg  2 mem   5.08 GB tm      1.86us/  3155.93ms (     15 GFLOPS   13|13     GB/s) 
*** NV       337 E_32_32_4_754efa125a4186de196d591a52274307faebf8f3b7cce694e5a62499996fa352 arg  2 mem   5.08 GB tm      1.63us/  3155.93ms (      0 GFLOPS   10|10     GB/s) 
*** NV       338 E_12288_32_3_8a2a0c984371f888a1d58c8b8cc8d6257113c3a1ecd4bfd12315b5e73138ca4a arg  3 mem   5.08 GB tm      8.61us/  3155.94ms (    137 GFLOPS 1096|1644   GB/s) 
*** NV       339 E_12288_32_3_8a2a0c984371f888a1d58c8b8cc8d6257113c3a1ecd4bfd12315b5e73138ca4a arg  3 mem   5.09 GB tm      8.74us/  3155.95ms (    135 GFLOPS 1080|1620   GB/s) 
*** NV       340 E_12288_32_3_8a2a0c984371f888a1d58c8b8cc8d6257113c3a1ecd4bfd12315b5e73138ca4a arg  3 mem   5.09 GB tm      8.64us/  3155.95ms (    137 GFLOPS 1092|1638   GB/s) 
*** NV       341 E_12288_32_3_8a2a0c984371f888a1d58c8b8cc8d6257113c3a1ecd4bfd12315b5e73138ca4a arg  3 mem   5.09 GB tm      8.64us/  3155.96ms (    137 GFLOPS 1092|1638   GB/s) 
*** NV       342 E_12288_32_3_8a2a0c984371f888a1d58c8b8cc8d6257113c3a1ecd4bfd12315b5e73138ca4a arg  3 mem   5.10 GB tm      8.74us/  3155.97ms (    135 GFLOPS 1080|1620   GB/s) 
*** NV       343 E_12288_32_3_8a2a0c984371f888a1d58c8b8cc8d6257113c3a1ecd4bfd12315b5e73138ca4a arg  3 mem   5.10 GB tm      8.64us/  3155.98ms (    137 GFLOPS 1092|1638   GB/s) 
*** NV       344 E_12288_32_3_8a2a0c984371f888a1d58c8b8cc8d6257113c3a1ecd4bfd12315b5e73138ca4a arg  3 mem   5.11 GB tm      8.61us/  3155.99ms (    137 GFLOPS 1096|1644   GB/s) 
*** NV       345 E_12288_32_3_8a2a0c984371f888a1d58c8b8cc8d6257113c3a1ecd4bfd12315b5e73138ca4a arg  3 mem   5.11 GB tm      8.80us/  3156.00ms (    134 GFLOPS 1072|1609   GB/s) 
*** NV       346 E_12288_16_8_2_4_4_561014d2f4434d59935e29a2cd73def56f592de35318972b74b0cfdd3b744913 arg  2 mem   5.21 GB tm     81.70us/  3156.08ms (   3042 GFLOPS 1579|1848   GB/s) 
*** NV       347 E_12288_16_8_2_4_4_561014d2f4434d59935e29a2cd73def56f592de35318972b74b0cfdd3b744913 arg  2 mem   5.31 GB tm     88.38us/  3156.17ms (   2812 GFLOPS 1459|1708   GB/s) 
*** NV       348 E_4096_12_2_4_2_16_2_2_e337bc5dfd09d8d9554be3f57ba93911a63d71dbe98bf7c14c088fe52da4f351 arg  2 mem   5.42 GB tm    121.38us/  3156.29ms (   4043 GFLOPS 1170|1374   GB/s) 
*** NV       349 E_4096_16_8_2_4_4_6beb90360a4fcdd4c5ab44009cb100c7b4fdd04f06634d9288f850cf52fa1315 arg  2 mem   5.45 GB tm     32.00us/  3156.32ms (   2589 GFLOPS 1343|1573   GB/s) 
*** NV       350 E_1024_16_8_2_4_4_51888576de5ac5e45b7cac348fb3b295b4394241427cddd4011fa665ee004bf1 arg  2 mem   5.46 GB tm     10.18us/  3156.33ms (   2035 GFLOPS 1056|1237   GB/s) 
*** NV       351 E_1024_4_2_4_2_16_2_2_8df74aef2f56d04b968efa8776ccf550dfa7b1edad6440db2cf4ec2cca3ad4da arg  2 mem   5.47 GB tm     12.99us/  3156.34ms (   3148 GFLOPS  911|1069   GB/s) 
*** NV       352 E_4096_16_8_2_4_4_6beb90360a4fcdd4c5ab44009cb100c7b4fdd04f06634d9288f850cf52fa1315 arg  2 mem   5.50 GB tm     30.94us/  3156.38ms (   2677 GFLOPS 1389|1627   GB/s) 
*** NV       353 E_12288_16_8_2_4_4_561014d2f4434d59935e29a2cd73def56f592de35318972b74b0cfdd3b744913 arg  2 mem   5.60 GB tm     82.43us/  3156.46ms (   3015 GFLOPS 1565|1832   GB/s) 
*** NV       354 E_12288_16_8_2_4_4_561014d2f4434d59935e29a2cd73def56f592de35318972b74b0cfdd3b744913 arg  2 mem   5.70 GB tm     85.50us/  3156.54ms (   2906 GFLOPS 1508|1766   GB/s) 
*** NV       355 E_4096_12_2_4_2_16_2_2_e337bc5dfd09d8d9554be3f57ba93911a63d71dbe98bf7c14c088fe52da4f351 arg  2 mem   5.80 GB tm    122.82us/  3156.67ms (   3996 GFLOPS 1156|1358   GB/s) 
*** NV       356 E_4096_16_8_2_4_4_6beb90360a4fcdd4c5ab44009cb100c7b4fdd04f06634d9288f850cf52fa1315 arg  2 mem   5.83 GB tm     32.10us/  3156.70ms (   2581 GFLOPS 1339|1568   GB/s) 
*** NV       357 E_1024_16_8_2_4_4_51888576de5ac5e45b7cac348fb3b295b4394241427cddd4011fa665ee004bf1 arg  2 mem   5.84 GB tm     10.66us/  3156.71ms (   1943 GFLOPS 1009|1181   GB/s) 
*** NV       358 E_1024_4_2_4_2_16_2_2_8df74aef2f56d04b968efa8776ccf550dfa7b1edad6440db2cf4ec2cca3ad4da arg  2 mem   5.85 GB tm     13.34us/  3156.72ms (   3065 GFLOPS  886|1041   GB/s) 
*** NV       359 E_4096_16_8_2_4_4_6beb90360a4fcdd4c5ab44009cb100c7b4fdd04f06634d9288f850cf52fa1315 arg  2 mem   5.89 GB tm     31.23us/  3156.75ms (   2652 GFLOPS 1377|1612   GB/s) 
*** NV       360 E_12288_16_8_2_4_4_561014d2f4434d59935e29a2cd73def56f592de35318972b74b0cfdd3b744913 arg  2 mem   5.99 GB tm     84.77us/  3156.84ms (   2932 GFLOPS 1522|1781   GB/s) 
*** NV       361 E_12288_16_8_2_4_4_561014d2f4434d59935e29a2cd73def56f592de35318972b74b0cfdd3b744913 arg  2 mem   6.09 GB tm     80.93us/  3156.92ms (   3071 GFLOPS 1594|1866   GB/s) 
*** NV       362 E_4096_12_2_4_2_16_2_2_e337bc5dfd09d8d9554be3f57ba93911a63d71dbe98bf7c14c088fe52da4f351 arg  2 mem   6.19 GB tm    120.96us/  3157.04ms (   4057 GFLOPS 1174|1378   GB/s) 
*** NV       363 E_4096_16_8_2_4_4_6beb90360a4fcdd4c5ab44009cb100c7b4fdd04f06634d9288f850cf52fa1315 arg  2 mem   6.22 GB tm     32.54us/  3157.07ms (   2545 GFLOPS 1321|1547   GB/s) 
*** NV       364 E_1024_16_8_2_4_4_51888576de5ac5e45b7cac348fb3b295b4394241427cddd4011fa665ee004bf1 arg  2 mem   6.23 GB tm     10.34us/  3157.08ms (   2004 GFLOPS 1040|1217   GB/s) 
*** NV       365 E_1024_4_2_4_2_16_2_2_8df74aef2f56d04b968efa8776ccf550dfa7b1edad6440db2cf4ec2cca3ad4da arg  2 mem   6.24 GB tm     13.18us/  3157.10ms (   3102 GFLOPS  897|1054   GB/s) 
*** NV       366 E_4096_16_8_2_4_4_6beb90360a4fcdd4c5ab44009cb100c7b4fdd04f06634d9288f850cf52fa1315 arg  2 mem   6.27 GB tm     30.69us/  3157.13ms (   2699 GFLOPS 1401|1640   GB/s) 
*** NV       367 E_12288_16_8_2_4_4_561014d2f4434d59935e29a2cd73def56f592de35318972b74b0cfdd3b744913 arg  2 mem   6.37 GB tm     80.29us/  3157.21ms (   3095 GFLOPS 1606|1881   GB/s) 
*** NV       368 E_12288_16_8_2_4_4_561014d2f4434d59935e29a2cd73def56f592de35318972b74b0cfdd3b744913 arg  2 mem   6.47 GB tm     81.60us/  3157.29ms (   3045 GFLOPS 1581|1850   GB/s) 
*** NV       369 E_4096_12_2_4_2_16_2_2_e337bc5dfd09d8d9554be3f57ba93911a63d71dbe98bf7c14c088fe52da4f351 arg  2 mem   6.57 GB tm    121.18us/  3157.41ms (   4049 GFLOPS 1171|1376   GB/s) 
*** NV       370 E_4096_16_8_2_4_4_6beb90360a4fcdd4c5ab44009cb100c7b4fdd04f06634d9288f850cf52fa1315 arg  2 mem   6.61 GB tm     32.70us/  3157.44ms (   2533 GFLOPS 1315|1539   GB/s) 
*** NV       371 E_1024_16_8_2_4_4_51888576de5ac5e45b7cac348fb3b295b4394241427cddd4011fa665ee004bf1 arg  2 mem   6.62 GB tm     10.59us/  3157.45ms (   1955 GFLOPS 1015|1188   GB/s) 
*** NV       372 E_1024_4_2_4_2_16_2_2_8df74aef2f56d04b968efa8776ccf550dfa7b1edad6440db2cf4ec2cca3ad4da arg  2 mem   6.62 GB tm     13.22us/  3157.47ms (   3094 GFLOPS  895|1051   GB/s) 
*** NV       373 E_4096_16_8_2_4_4_6beb90360a4fcdd4c5ab44009cb100c7b4fdd04f06634d9288f850cf52fa1315 arg  2 mem   6.66 GB tm     31.26us/  3157.50ms (   2650 GFLOPS 1375|1610   GB/s) 
*** NV       374 E_12288_16_8_2_4_4_561014d2f4434d59935e29a2cd73def56f592de35318972b74b0cfdd3b744913 arg  2 mem   6.76 GB tm     83.74us/  3157.58ms (   2968 GFLOPS 1540|1803   GB/s) 
*** NV       375 E_12288_16_8_2_4_4_561014d2f4434d59935e29a2cd73def56f592de35318972b74b0cfdd3b744913 arg  2 mem   6.86 GB tm     81.25us/  3157.66ms (   3059 GFLOPS 1587|1858   GB/s) 
*** NV       376 E_4096_3_16_8_2_4_4_3567060cb99fca44712f70bc99e9dadd2ff2f638eeb139dd04b01a93c07718e0 arg  2 mem   6.96 GB tm     80.61us/  3157.74ms (   3083 GFLOPS 1600|1873   GB/s) 
*** NV       377 E_4096_16_8_2_4_4_6beb90360a4fcdd4c5ab44009cb100c7b4fdd04f06634d9288f850cf52fa1315 arg  2 mem   6.99 GB tm     32.32us/  3157.78ms (   2563 GFLOPS 1330|1557   GB/s) 
*** NV       378 E_1024_16_8_2_4_4_51888576de5ac5e45b7cac348fb3b295b4394241427cddd4011fa665ee004bf1 arg  2 mem   7.00 GB tm     10.53us/  3157.79ms (   1967 GFLOPS 1021|1195   GB/s) 
*** NV       379 E_1024_16_8_2_4_4_51888576de5ac5e45b7cac348fb3b295b4394241427cddd4011fa665ee004bf1 arg  2 mem   7.01 GB tm      9.73us/  3157.80ms (   2129 GFLOPS 1105|1293   GB/s) 
*** NV       380 E_4096_16_8_2_4_4_6beb90360a4fcdd4c5ab44009cb100c7b4fdd04f06634d9288f850cf52fa1315 arg  2 mem   7.04 GB tm     31.49us/  3157.83ms (   2631 GFLOPS 1365|1598   GB/s) 
*** NV       381 E_12288_16_8_2_4_4_561014d2f4434d59935e29a2cd73def56f592de35318972b74b0cfdd3b744913 arg  2 mem   7.14 GB tm     82.59us/  3157.91ms (   3009 GFLOPS 1562|1828   GB/s) 
*** NV       382 E_12288_16_8_2_4_4_561014d2f4434d59935e29a2cd73def56f592de35318972b74b0cfdd3b744913 arg  2 mem   7.24 GB tm     83.01us/  3157.99ms (   2994 GFLOPS 1554|1819   GB/s) 
*** NV       383 E_4096_3_16_8_2_4_4_3567060cb99fca44712f70bc99e9dadd2ff2f638eeb139dd04b01a93c07718e0 arg  2 mem   7.34 GB tm     80.45us/  3158.07ms (   3089 GFLOPS 1603|1877   GB/s) 
*** NV       384 E_4096_16_8_2_4_4_6beb90360a4fcdd4c5ab44009cb100c7b4fdd04f06634d9288f850cf52fa1315 arg  2 mem   7.38 GB tm     31.46us/  3158.11ms (   2633 GFLOPS 1367|1600   GB/s) 
*** NV       385 E_1024_16_8_2_4_4_51888576de5ac5e45b7cac348fb3b295b4394241427cddd4011fa665ee004bf1 arg  2 mem   7.39 GB tm     10.18us/  3158.12ms (   2035 GFLOPS 1056|1237   GB/s) 
*** NV       386 E_1024_16_8_2_4_4_51888576de5ac5e45b7cac348fb3b295b4394241427cddd4011fa665ee004bf1 arg  2 mem   7.40 GB tm      9.89us/  3158.13ms (   2094 GFLOPS 1087|1273   GB/s) 
*** NV       387 E_4096_16_8_2_4_4_6beb90360a4fcdd4c5ab44009cb100c7b4fdd04f06634d9288f850cf52fa1315 arg  2 mem   7.43 GB tm     31.90us/  3158.16ms (   2596 GFLOPS 1348|1578   GB/s) 
*** NV       388 E_12288_16_8_2_4_4_561014d2f4434d59935e29a2cd73def56f592de35318972b74b0cfdd3b744913 arg  2 mem   7.53 GB tm     83.42us/  3158.24ms (   2979 GFLOPS 1546|1810   GB/s) 
*** NV       389 E_12288_16_8_2_4_4_561014d2f4434d59935e29a2cd73def56f592de35318972b74b0cfdd3b744913 arg  2 mem   7.63 GB tm     79.87us/  3158.32ms (   3111 GFLOPS 1615|1890   GB/s) 
*** NV       390 E_4096_12_2_4_2_16_2_2_e337bc5dfd09d8d9554be3f57ba93911a63d71dbe98bf7c14c088fe52da4f351 arg  2 mem   7.73 GB tm    123.26us/  3158.44ms (   3981 GFLOPS 1152|1353   GB/s) 
*** NV       391 E_4096_16_8_2_4_4_6beb90360a4fcdd4c5ab44009cb100c7b4fdd04f06634d9288f850cf52fa1315 arg  2 mem   7.76 GB tm     32.48us/  3158.48ms (   2550 GFLOPS 1324|1550   GB/s) 
*** NV       392 E_1024_16_8_2_4_4_51888576de5ac5e45b7cac348fb3b295b4394241427cddd4011fa665ee004bf1 arg  2 mem   7.77 GB tm     10.43us/  3158.49ms (   1985 GFLOPS 1030|1206   GB/s) 
*** NV       393 E_1024_4_2_4_2_16_2_2_8df74aef2f56d04b968efa8776ccf550dfa7b1edad6440db2cf4ec2cca3ad4da arg  2 mem   7.78 GB tm     13.34us/  3158.50ms (   3065 GFLOPS  886|1041   GB/s) 
*** NV       394 E_4096_16_8_2_4_4_6beb90360a4fcdd4c5ab44009cb100c7b4fdd04f06634d9288f850cf52fa1315 arg  2 mem   7.81 GB tm     31.71us/  3158.53ms (   2612 GFLOPS 1356|1587   GB/s) 
*** NV       395 E_12288_16_8_2_4_4_561014d2f4434d59935e29a2cd73def56f592de35318972b74b0cfdd3b744913 arg  2 mem   7.92 GB tm     83.46us/  3158.62ms (   2978 GFLOPS 1545|1809   GB/s) 
*** NV       396 E_12288_16_8_2_4_4_561014d2f4434d59935e29a2cd73def56f592de35318972b74b0cfdd3b744913 arg  2 mem   8.02 GB tm     83.49us/  3158.70ms (   2977 GFLOPS 1545|1809   GB/s) 
*** NV       397 E_4096_3_16_8_2_4_4_3567060cb99fca44712f70bc99e9dadd2ff2f638eeb139dd04b01a93c07718e0 arg  2 mem   8.12 GB tm     81.66us/  3158.78ms (   3043 GFLOPS 1579|1849   GB/s) 
*** NV       398 E_4096_16_8_2_4_4_6beb90360a4fcdd4c5ab44009cb100c7b4fdd04f06634d9288f850cf52fa1315 arg  2 mem   8.15 GB tm     29.60us/  3158.81ms (   2799 GFLOPS 1452|1700   GB/s) 
*** NV       399 E_1024_16_8_2_4_4_51888576de5ac5e45b7cac348fb3b295b4394241427cddd4011fa665ee004bf1 arg  2 mem   8.16 GB tm     10.14us/  3158.82ms (   2042 GFLOPS 1060|1240   GB/s) 
*** NV       400 E_1024_16_8_2_4_4_51888576de5ac5e45b7cac348fb3b295b4394241427cddd4011fa665ee004bf1 arg  2 mem   8.17 GB tm     10.08us/  3158.83ms (   2055 GFLOPS 1066|1248   GB/s) 
*** NV       401 E_4096_16_8_2_4_4_6beb90360a4fcdd4c5ab44009cb100c7b4fdd04f06634d9288f850cf52fa1315 arg  2 mem   8.20 GB tm     30.18us/  3158.86ms (   2745 GFLOPS 1425|1668   GB/s) 
*** NV       402 E_12288_16_8_2_4_4_561014d2f4434d59935e29a2cd73def56f592de35318972b74b0cfdd3b744913 arg  2 mem   8.30 GB tm     83.07us/  3158.94ms (   2992 GFLOPS 1553|1818   GB/s) 
*** NV       403 E_12288_16_8_2_4_4_561014d2f4434d59935e29a2cd73def56f592de35318972b74b0cfdd3b744913 arg  2 mem   8.40 GB tm     83.36us/  3159.03ms (   2981 GFLOPS 1547|1811   GB/s) 
*** NV       404 E_4096_3_16_8_2_4_4_3567060cb99fca44712f70bc99e9dadd2ff2f638eeb139dd04b01a93c07718e0 arg  2 mem   8.50 GB tm     80.64us/  3159.11ms (   3082 GFLOPS 1599|1872   GB/s) 
*** NV       405 E_4096_16_8_2_4_4_6beb90360a4fcdd4c5ab44009cb100c7b4fdd04f06634d9288f850cf52fa1315 arg  2 mem   8.54 GB tm     30.88us/  3159.14ms (   2683 GFLOPS 1392|1630   GB/s) 
*** NV       406 E_1024_16_8_2_4_4_51888576de5ac5e45b7cac348fb3b295b4394241427cddd4011fa665ee004bf1 arg  2 mem   8.54 GB tm     10.37us/  3159.15ms (   1997 GFLOPS 1037|1214   GB/s) 
*** NV       407 E_1024_16_8_2_4_4_51888576de5ac5e45b7cac348fb3b295b4394241427cddd4011fa665ee004bf1 arg  2 mem   8.55 GB tm      9.86us/  3159.16ms (   2101 GFLOPS 1090|1277   GB/s) 
*** NV       408 E_4096_16_8_2_4_4_6beb90360a4fcdd4c5ab44009cb100c7b4fdd04f06634d9288f850cf52fa1315 arg  2 mem   8.59 GB tm     30.88us/  3159.19ms (   2683 GFLOPS 1392|1630   GB/s) 
*** NV       409 E_12288_16_8_2_4_4_561014d2f4434d59935e29a2cd73def56f592de35318972b74b0cfdd3b744913 arg  2 mem   8.69 GB tm     79.84us/  3159.27ms (   3113 GFLOPS 1615|1891   GB/s) 
*** NV       410 E_12288_16_8_2_4_4_561014d2f4434d59935e29a2cd73def56f592de35318972b74b0cfdd3b744913 arg  2 mem   8.79 GB tm     82.24us/  3159.35ms (   3022 GFLOPS 1568|1836   GB/s) 
*** NV       411 E_4096_12_2_4_2_16_2_2_e337bc5dfd09d8d9554be3f57ba93911a63d71dbe98bf7c14c088fe52da4f351 arg  2 mem   8.89 GB tm    122.91us/  3159.47ms (   3993 GFLOPS 1155|1356   GB/s) 
*** NV       412 E_4096_16_8_2_4_4_6beb90360a4fcdd4c5ab44009cb100c7b4fdd04f06634d9288f850cf52fa1315 arg  2 mem   8.92 GB tm     32.10us/  3159.51ms (   2581 GFLOPS 1339|1568   GB/s) 
*** NV       413 E_1024_16_8_2_4_4_51888576de5ac5e45b7cac348fb3b295b4394241427cddd4011fa665ee004bf1 arg  2 mem   8.93 GB tm     10.18us/  3159.52ms (   2035 GFLOPS 1056|1237   GB/s) 
*** NV       414 E_1024_4_2_4_2_16_2_2_8df74aef2f56d04b968efa8776ccf550dfa7b1edad6440db2cf4ec2cca3ad4da arg  2 mem   8.94 GB tm     13.09us/  3159.53ms (   3125 GFLOPS  904|1062   GB/s) 
*** NV       415 E_4096_16_8_2_4_4_6beb90360a4fcdd4c5ab44009cb100c7b4fdd04f06634d9288f850cf52fa1315 arg  2 mem   8.97 GB tm     28.03us/  3159.56ms (   2955 GFLOPS 1534|1796   GB/s) 
*** NV       416 E_12288_16_8_2_4_4_561014d2f4434d59935e29a2cd73def56f592de35318972b74b0cfdd3b744913 arg  2 mem   9.07 GB tm     81.92us/  3159.64ms (   3034 GFLOPS 1574|1843   GB/s) 
*** NV       417 E_12288_16_8_2_4_4_561014d2f4434d59935e29a2cd73def56f592de35318972b74b0cfdd3b744913 arg  2 mem   9.17 GB tm     83.26us/  3159.72ms (   2985 GFLOPS 1549|1813   GB/s) 
*** NV       418 E_4096_3_16_8_2_4_4_3567060cb99fca44712f70bc99e9dadd2ff2f638eeb139dd04b01a93c07718e0 arg  2 mem   9.27 GB tm     81.66us/  3159.80ms (   3043 GFLOPS 1579|1849   GB/s) 
*** NV       419 E_4096_16_8_2_4_4_6beb90360a4fcdd4c5ab44009cb100c7b4fdd04f06634d9288f850cf52fa1315 arg  2 mem   9.31 GB tm     32.64us/  3159.84ms (   2538 GFLOPS 1317|1542   GB/s) 
*** NV       420 E_1024_16_8_2_4_4_51888576de5ac5e45b7cac348fb3b295b4394241427cddd4011fa665ee004bf1 arg  2 mem   9.32 GB tm      9.95us/  3159.85ms (   2081 GFLOPS 1080|1264   GB/s) 
*** NV       421 E_1024_16_8_2_4_4_51888576de5ac5e45b7cac348fb3b295b4394241427cddd4011fa665ee004bf1 arg  2 mem   9.32 GB tm     10.08us/  3159.86ms (   2055 GFLOPS 1066|1248   GB/s) 
*** NV       422 E_4096_16_8_2_4_4_6beb90360a4fcdd4c5ab44009cb100c7b4fdd04f06634d9288f850cf52fa1315 arg  2 mem   9.36 GB tm     31.36us/  3159.89ms (   2642 GFLOPS 1371|1605   GB/s) 
*** NV       423 E_12288_16_8_2_4_4_561014d2f4434d59935e29a2cd73def56f592de35318972b74b0cfdd3b744913 arg  2 mem   9.46 GB tm     84.70us/  3159.97ms (   2934 GFLOPS 1523|1783   GB/s) 
*** NV       424 E_12288_16_8_2_4_4_561014d2f4434d59935e29a2cd73def56f592de35318972b74b0cfdd3b744913 arg  2 mem   9.56 GB tm     78.94us/  3160.05ms (   3148 GFLOPS 1634|1913   GB/s) 
*** NV       425 E_4096_3_16_8_2_4_4_3567060cb99fca44712f70bc99e9dadd2ff2f638eeb139dd04b01a93c07718e0 arg  2 mem   9.66 GB tm     83.78us/  3160.14ms (   2966 GFLOPS 1540|1802   GB/s) 
*** NV       426 E_4096_16_8_2_4_4_6beb90360a4fcdd4c5ab44009cb100c7b4fdd04f06634d9288f850cf52fa1315 arg  2 mem   9.69 GB tm     31.33us/  3160.17ms (   2644 GFLOPS 1372|1607   GB/s) 
*** NV       427 E_1024_16_8_2_4_4_51888576de5ac5e45b7cac348fb3b295b4394241427cddd4011fa665ee004bf1 arg  2 mem   9.70 GB tm     10.11us/  3160.18ms (   2048 GFLOPS 1063|1244   GB/s) 
*** NV       428 E_1024_16_8_2_4_4_51888576de5ac5e45b7cac348fb3b295b4394241427cddd4011fa665ee004bf1 arg  2 mem   9.71 GB tm      9.89us/  3160.19ms (   2094 GFLOPS 1087|1273   GB/s) 
*** NV       429 E_4096_16_8_2_4_4_6beb90360a4fcdd4c5ab44009cb100c7b4fdd04f06634d9288f850cf52fa1315 arg  2 mem   9.74 GB tm     31.52us/  3160.22ms (   2628 GFLOPS 1364|1597   GB/s) 
*** NV       430 E_12288_16_8_2_4_4_561014d2f4434d59935e29a2cd73def56f592de35318972b74b0cfdd3b744913 arg  2 mem   9.84 GB tm     86.08us/  3160.30ms (   2887 GFLOPS 1498|1754   GB/s) 
*** NV       431 E_12288_16_8_2_4_4_561014d2f4434d59935e29a2cd73def56f592de35318972b74b0cfdd3b744913 arg  2 mem   9.95 GB tm     80.64us/  3160.39ms (   3082 GFLOPS 1599|1872   GB/s) 
*** NV       432 E_4096_12_2_4_2_16_2_2_e337bc5dfd09d8d9554be3f57ba93911a63d71dbe98bf7c14c088fe52da4f351 arg  2 mem  10.05 GB tm    121.09us/  3160.51ms (   4053 GFLOPS 1172|1377   GB/s) 
*** NV       433 E_4096_16_8_2_4_4_6beb90360a4fcdd4c5ab44009cb100c7b4fdd04f06634d9288f850cf52fa1315 arg  2 mem  10.08 GB tm     28.51us/  3160.54ms (   2905 GFLOPS 1508|1765   GB/s) 
*** NV       434 E_1024_16_8_2_4_4_51888576de5ac5e45b7cac348fb3b295b4394241427cddd4011fa665ee004bf1 arg  2 mem  10.09 GB tm     10.30us/  3160.55ms (   2010 GFLOPS 1043|1221   GB/s) 
*** NV       435 E_1024_4_2_4_2_16_2_2_8df74aef2f56d04b968efa8776ccf550dfa7b1edad6440db2cf4ec2cca3ad4da arg  2 mem  10.10 GB tm     13.38us/  3160.56ms (   3057 GFLOPS  884|1039   GB/s) 
*** NV       436 E_4096_16_8_2_4_4_6beb90360a4fcdd4c5ab44009cb100c7b4fdd04f06634d9288f850cf52fa1315 arg  2 mem  10.13 GB tm     31.20us/  3160.59ms (   2655 GFLOPS 1378|1613   GB/s) 
*** NV       437 E_12288_16_8_2_4_4_561014d2f4434d59935e29a2cd73def56f592de35318972b74b0cfdd3b744913 arg  2 mem  10.23 GB tm     79.46us/  3160.67ms (   3128 GFLOPS 1623|1900   GB/s) 
*** NV       438 E_12288_16_8_2_4_4_561014d2f4434d59935e29a2cd73def56f592de35318972b74b0cfdd3b744913 arg  2 mem  10.33 GB tm     80.61us/  3160.75ms (   3083 GFLOPS 1600|1873   GB/s) 
*** NV       439 E_4096_3_16_8_2_4_4_3567060cb99fca44712f70bc99e9dadd2ff2f638eeb139dd04b01a93c07718e0 arg  2 mem  10.43 GB tm     82.37us/  3160.83ms (   3017 GFLOPS 1566|1833   GB/s) 
*** NV       440 E_4096_16_8_2_4_4_6beb90360a4fcdd4c5ab44009cb100c7b4fdd04f06634d9288f850cf52fa1315 arg  2 mem  10.47 GB tm     32.61us/  3160.87ms (   2540 GFLOPS 1318|1544   GB/s) 
*** NV       441 E_1024_16_8_2_4_4_51888576de5ac5e45b7cac348fb3b295b4394241427cddd4011fa665ee004bf1 arg  2 mem  10.47 GB tm     10.43us/  3160.88ms (   1985 GFLOPS 1030|1206   GB/s) 
*** NV       442 E_1024_16_8_2_4_4_51888576de5ac5e45b7cac348fb3b295b4394241427cddd4011fa665ee004bf1 arg  2 mem  10.48 GB tm      9.89us/  3160.89ms (   2094 GFLOPS 1087|1273   GB/s) 
*** NV       443 E_4096_16_8_2_4_4_6beb90360a4fcdd4c5ab44009cb100c7b4fdd04f06634d9288f850cf52fa1315 arg  2 mem  10.52 GB tm     29.22us/  3160.91ms (   2835 GFLOPS 1472|1723   GB/s) 
*** NV       444 E_12288_16_8_2_4_4_561014d2f4434d59935e29a2cd73def56f592de35318972b74b0cfdd3b744913 arg  2 mem  10.62 GB tm     79.94us/  3160.99ms (   3109 GFLOPS 1613|1889   GB/s) 
*** NV       445 E_12288_16_8_2_4_4_561014d2f4434d59935e29a2cd73def56f592de35318972b74b0cfdd3b744913 arg  2 mem  10.72 GB tm     80.99us/  3161.08ms (   3068 GFLOPS 1592|1864   GB/s) 
*** NV       446 E_4096_3_16_8_2_4_4_3567060cb99fca44712f70bc99e9dadd2ff2f638eeb139dd04b01a93c07718e0 arg  2 mem  10.82 GB tm     81.22us/  3161.16ms (   3060 GFLOPS 1588|1859   GB/s) 
*** NV       447 E_4096_16_8_2_4_4_6beb90360a4fcdd4c5ab44009cb100c7b4fdd04f06634d9288f850cf52fa1315 arg  2 mem  10.85 GB tm     31.68us/  3161.19ms (   2615 GFLOPS 1357|1589   GB/s) 
*** NV       448 E_1024_16_8_2_4_4_51888576de5ac5e45b7cac348fb3b295b4394241427cddd4011fa665ee004bf1 arg  2 mem  10.86 GB tm      9.79us/  3161.20ms (   2115 GFLOPS 1098|1285   GB/s) 
*** NV       449 E_1024_16_8_2_4_4_51888576de5ac5e45b7cac348fb3b295b4394241427cddd4011fa665ee004bf1 arg  2 mem  10.87 GB tm      9.73us/  3161.21ms (   2129 GFLOPS 1105|1293   GB/s) 
*** NV       450 E_4096_16_8_2_4_4_6beb90360a4fcdd4c5ab44009cb100c7b4fdd04f06634d9288f850cf52fa1315 arg  2 mem  10.90 GB tm     32.16us/  3161.24ms (   2576 GFLOPS 1337|1565   GB/s) 
*** NV       451 E_12288_16_8_2_4_4_561014d2f4434d59935e29a2cd73def56f592de35318972b74b0cfdd3b744913 arg  2 mem  11.00 GB tm     84.16us/  3161.32ms (   2953 GFLOPS 1532|1794   GB/s) 
*** NV       452 E_12288_16_8_2_4_4_561014d2f4434d59935e29a2cd73def56f592de35318972b74b0cfdd3b744913 arg  2 mem  11.10 GB tm     80.19us/  3161.40ms (   3099 GFLOPS 1608|1883   GB/s) 
*** NV       453 E_4096_12_2_4_2_16_2_2_e337bc5dfd09d8d9554be3f57ba93911a63d71dbe98bf7c14c088fe52da4f351 arg  2 mem  11.20 GB tm    122.59us/  3161.53ms (   4003 GFLOPS 1158|1360   GB/s) 
*** NV       454 E_4096_16_8_2_4_4_6beb90360a4fcdd4c5ab44009cb100c7b4fdd04f06634d9288f850cf52fa1315 arg  2 mem  11.24 GB tm     28.86us/  3161.56ms (   2870 GFLOPS 1489|1744   GB/s) 
*** NV       455 E_1024_16_8_2_4_4_51888576de5ac5e45b7cac348fb3b295b4394241427cddd4011fa665ee004bf1 arg  2 mem  11.25 GB tm     10.53us/  3161.57ms (   1967 GFLOPS 1021|1195   GB/s) 
*** NV       456 E_1024_4_2_4_2_16_2_2_8df74aef2f56d04b968efa8776ccf550dfa7b1edad6440db2cf4ec2cca3ad4da arg  2 mem  11.25 GB tm     13.38us/  3161.58ms (   3057 GFLOPS  884|1039   GB/s) 
*** NV       457 E_4096_16_8_2_4_4_6beb90360a4fcdd4c5ab44009cb100c7b4fdd04f06634d9288f850cf52fa1315 arg  2 mem  11.29 GB tm     31.52us/  3161.61ms (   2628 GFLOPS 1364|1597   GB/s) 
*** NV       458 E_12288_16_8_2_4_4_561014d2f4434d59935e29a2cd73def56f592de35318972b74b0cfdd3b744913 arg  2 mem  11.39 GB tm     80.83us/  3161.69ms (   3074 GFLOPS 1596|1868   GB/s) 
*** NV       459 E_12288_16_8_2_4_4_561014d2f4434d59935e29a2cd73def56f592de35318972b74b0cfdd3b744913 arg  2 mem  11.49 GB tm     80.77us/  3161.77ms (   3077 GFLOPS 1597|1869   GB/s) 
*** NV       460 E_4096_3_16_8_2_4_4_3567060cb99fca44712f70bc99e9dadd2ff2f638eeb139dd04b01a93c07718e0 arg  2 mem  11.59 GB tm     82.24us/  3161.86ms (   3022 GFLOPS 1568|1836   GB/s) 
*** NV       461 E_4096_16_8_2_4_4_6beb90360a4fcdd4c5ab44009cb100c7b4fdd04f06634d9288f850cf52fa1315 arg  2 mem  11.62 GB tm     31.55us/  3161.89ms (   2625 GFLOPS 1363|1595   GB/s) 
*** NV       462 E_1024_16_8_2_4_4_51888576de5ac5e45b7cac348fb3b295b4394241427cddd4011fa665ee004bf1 arg  2 mem  11.63 GB tm     10.50us/  3161.90ms (   1973 GFLOPS 1024|1199   GB/s) 
*** NV       463 E_1024_16_8_2_4_4_51888576de5ac5e45b7cac348fb3b295b4394241427cddd4011fa665ee004bf1 arg  2 mem  11.64 GB tm      9.79us/  3161.91ms (   2115 GFLOPS 1098|1285   GB/s) 
*** NV       464 E_4096_16_8_2_4_4_6beb90360a4fcdd4c5ab44009cb100c7b4fdd04f06634d9288f850cf52fa1315 arg  2 mem  11.67 GB tm     28.93us/  3161.94ms (   2864 GFLOPS 1486|1740   GB/s) 
*** NV       465 E_12288_16_8_2_4_4_561014d2f4434d59935e29a2cd73def56f592de35318972b74b0cfdd3b744913 arg  2 mem  11.77 GB tm     81.82us/  3162.02ms (   3037 GFLOPS 1576|1845   GB/s) 
*** NV       466 E_12288_16_8_2_4_4_561014d2f4434d59935e29a2cd73def56f592de35318972b74b0cfdd3b744913 arg  2 mem  11.87 GB tm     78.14us/  3162.10ms (   3180 GFLOPS 1650|1932   GB/s) 
*** NV       467 E_4096_3_16_8_2_4_4_3567060cb99fca44712f70bc99e9dadd2ff2f638eeb139dd04b01a93c07718e0 arg  2 mem  11.98 GB tm     83.30us/  3162.18ms (   2983 GFLOPS 1548|1813   GB/s) 
*** NV       468 E_4096_16_8_2_4_4_6beb90360a4fcdd4c5ab44009cb100c7b4fdd04f06634d9288f850cf52fa1315 arg  2 mem  12.01 GB tm     30.72us/  3162.21ms (   2697 GFLOPS 1399|1638   GB/s) 
*** NV       469 E_1024_16_8_2_4_4_51888576de5ac5e45b7cac348fb3b295b4394241427cddd4011fa665ee004bf1 arg  2 mem  12.02 GB tm     10.78us/  3162.22ms (   1920 GFLOPS  997|1167   GB/s) 
*** NV       470 E_1024_16_8_2_4_4_51888576de5ac5e45b7cac348fb3b295b4394241427cddd4011fa665ee004bf1 arg  2 mem  12.03 GB tm     10.02us/  3162.23ms (   2068 GFLOPS 1073|1256   GB/s) 
*** NV       471 E_4096_16_8_2_4_4_6beb90360a4fcdd4c5ab44009cb100c7b4fdd04f06634d9288f850cf52fa1315 arg  2 mem  12.06 GB tm     31.42us/  3162.26ms (   2636 GFLOPS 1368|1602   GB/s) 
*** NV       472 E_12288_16_8_2_4_4_561014d2f4434d59935e29a2cd73def56f592de35318972b74b0cfdd3b744913 arg  2 mem  12.16 GB tm     80.48us/  3162.34ms (   3088 GFLOPS 1603|1876   GB/s) 
*** NV       473 E_12288_16_8_2_4_4_561014d2f4434d59935e29a2cd73def56f592de35318972b74b0cfdd3b744913 arg  2 mem  12.26 GB tm     83.10us/  3162.43ms (   2990 GFLOPS 1552|1817   GB/s) 
*** NV       474 E_4096_12_2_4_2_16_2_2_e337bc5dfd09d8d9554be3f57ba93911a63d71dbe98bf7c14c088fe52da4f351 arg  2 mem  12.36 GB tm    122.66us/  3162.55ms (   4001 GFLOPS 1157|1359   GB/s) 
*** NV       475 E_4096_16_8_2_4_4_6beb90360a4fcdd4c5ab44009cb100c7b4fdd04f06634d9288f850cf52fa1315 arg  2 mem  12.39 GB tm     30.56us/  3162.58ms (   2711 GFLOPS 1407|1647   GB/s) 
*** NV       476 E_1024_16_8_2_4_4_51888576de5ac5e45b7cac348fb3b295b4394241427cddd4011fa665ee004bf1 arg  2 mem  12.40 GB tm     10.56us/  3162.59ms (   1961 GFLOPS 1018|1192   GB/s) 
*** NV       477 E_1024_4_2_4_2_16_2_2_8df74aef2f56d04b968efa8776ccf550dfa7b1edad6440db2cf4ec2cca3ad4da arg  2 mem  12.41 GB tm     13.63us/  3162.60ms (   3000 GFLOPS  868|1019   GB/s) 
*** NV       478 E_4096_16_8_2_4_4_6beb90360a4fcdd4c5ab44009cb100c7b4fdd04f06634d9288f850cf52fa1315 arg  2 mem  12.45 GB tm     31.33us/  3162.63ms (   2644 GFLOPS 1372|1607   GB/s) 
*** NV       479 E_12288_16_8_2_4_4_561014d2f4434d59935e29a2cd73def56f592de35318972b74b0cfdd3b744913 arg  2 mem  12.55 GB tm     81.18us/  3162.72ms (   3061 GFLOPS 1589|1860   GB/s) 
*** NV       480 E_12288_16_8_2_4_4_561014d2f4434d59935e29a2cd73def56f592de35318972b74b0cfdd3b744913 arg  2 mem  12.65 GB tm     81.73us/  3162.80ms (   3041 GFLOPS 1578|1848   GB/s) 
*** NV       481 E_4096_3_16_8_2_4_4_3567060cb99fca44712f70bc99e9dadd2ff2f638eeb139dd04b01a93c07718e0 arg  2 mem  12.75 GB tm     82.24us/  3162.88ms (   3022 GFLOPS 1568|1836   GB/s) 
*** NV       482 E_4096_16_8_2_4_4_6beb90360a4fcdd4c5ab44009cb100c7b4fdd04f06634d9288f850cf52fa1315 arg  2 mem  12.78 GB tm     30.43us/  3162.91ms (   2722 GFLOPS 1413|1654   GB/s) 
*** NV       483 E_1024_16_8_2_4_4_51888576de5ac5e45b7cac348fb3b295b4394241427cddd4011fa665ee004bf1 arg  2 mem  12.79 GB tm     10.14us/  3162.92ms (   2042 GFLOPS 1060|1240   GB/s) 
*** NV       484 E_1024_16_8_2_4_4_51888576de5ac5e45b7cac348fb3b295b4394241427cddd4011fa665ee004bf1 arg  2 mem  12.80 GB tm     10.05us/  3162.93ms (   2061 GFLOPS 1070|1252   GB/s) 
*** NV       485 E_4096_16_8_2_4_4_6beb90360a4fcdd4c5ab44009cb100c7b4fdd04f06634d9288f850cf52fa1315 arg  2 mem  12.83 GB tm     30.50us/  3162.96ms (   2716 GFLOPS 1410|1650   GB/s) 
*** NV       486 E_12288_16_8_2_4_4_561014d2f4434d59935e29a2cd73def56f592de35318972b74b0cfdd3b744913 arg  2 mem  12.93 GB tm     79.90us/  3163.04ms (   3110 GFLOPS 1614|1890   GB/s) 
*** NV       487 E_12288_16_8_2_4_4_561014d2f4434d59935e29a2cd73def56f592de35318972b74b0cfdd3b744913 arg  2 mem  13.03 GB tm     78.75us/  3163.12ms (   3156 GFLOPS 1638|1917   GB/s) 
*** NV       488 E_4096_3_16_8_2_4_4_3567060cb99fca44712f70bc99e9dadd2ff2f638eeb139dd04b01a93c07718e0 arg  2 mem  13.13 GB tm     80.96us/  3163.20ms (   3070 GFLOPS 1593|1865   GB/s) 
*** NV       489 E_4096_16_8_2_4_4_6beb90360a4fcdd4c5ab44009cb100c7b4fdd04f06634d9288f850cf52fa1315 arg  2 mem  13.17 GB tm     30.37us/  3163.23ms (   2728 GFLOPS 1416|1657   GB/s) 
*** NV       490 E_1024_16_8_2_4_4_51888576de5ac5e45b7cac348fb3b295b4394241427cddd4011fa665ee004bf1 arg  2 mem  13.17 GB tm     10.53us/  3163.24ms (   1967 GFLOPS 1021|1195   GB/s) 
*** NV       491 E_1024_16_8_2_4_4_51888576de5ac5e45b7cac348fb3b295b4394241427cddd4011fa665ee004bf1 arg  2 mem  13.18 GB tm      9.98us/  3163.25ms (   2074 GFLOPS 1077|1260   GB/s) 
*** NV       492 E_4096_16_8_2_4_4_6beb90360a4fcdd4c5ab44009cb100c7b4fdd04f06634d9288f850cf52fa1315 arg  2 mem  13.22 GB tm     31.07us/  3163.28ms (   2666 GFLOPS 1384|1620   GB/s) 
*** NV       493 E_12288_16_8_2_4_4_561014d2f4434d59935e29a2cd73def56f592de35318972b74b0cfdd3b744913 arg  2 mem  13.32 GB tm     80.32us/  3163.36ms (   3094 GFLOPS 1606|1880   GB/s) 
*** NV       494 E_12288_16_8_2_4_4_561014d2f4434d59935e29a2cd73def56f592de35318972b74b0cfdd3b744913 arg  2 mem  13.42 GB tm     80.58us/  3163.44ms (   3084 GFLOPS 1601|1874   GB/s) 
*** NV       495 E_4096_12_2_4_2_16_2_2_e337bc5dfd09d8d9554be3f57ba93911a63d71dbe98bf7c14c088fe52da4f351 arg  2 mem  13.52 GB tm    122.02us/  3163.57ms (   4022 GFLOPS 1163|1366   GB/s) 
*** NV       496 E_4096_16_8_2_4_4_6beb90360a4fcdd4c5ab44009cb100c7b4fdd04f06634d9288f850cf52fa1315 arg  2 mem  13.55 GB tm     30.66us/  3163.60ms (   2702 GFLOPS 1402|1642   GB/s) 
*** NV       497 E_1024_16_8_2_4_4_51888576de5ac5e45b7cac348fb3b295b4394241427cddd4011fa665ee004bf1 arg  2 mem  13.56 GB tm     11.26us/  3163.61ms (   1839 GFLOPS  954|1117   GB/s) 
*** NV       498 E_1024_4_2_4_2_16_2_2_8df74aef2f56d04b968efa8776ccf550dfa7b1edad6440db2cf4ec2cca3ad4da arg  2 mem  13.57 GB tm     13.44us/  3163.62ms (   3043 GFLOPS  880|1034   GB/s) 
*** NV       499 E_4096_16_8_2_4_4_6beb90360a4fcdd4c5ab44009cb100c7b4fdd04f06634d9288f850cf52fa1315 arg  2 mem  13.60 GB tm     31.46us/  3163.65ms (   2633 GFLOPS 1367|1600   GB/s) 
*** NV       500 E_12288_16_8_2_4_4_561014d2f4434d59935e29a2cd73def56f592de35318972b74b0cfdd3b744913 arg  2 mem  13.70 GB tm     80.58us/  3163.73ms (   3084 GFLOPS 1601|1874   GB/s) 
*** NV       501 E_12288_16_8_2_4_4_561014d2f4434d59935e29a2cd73def56f592de35318972b74b0cfdd3b744913 arg  2 mem  13.80 GB tm     83.20us/  3163.82ms (   2987 GFLOPS 1550|1815   GB/s) 
*** NV       502 E_4096_3_16_8_2_4_4_3567060cb99fca44712f70bc99e9dadd2ff2f638eeb139dd04b01a93c07718e0 arg  2 mem  13.90 GB tm     81.44us/  3163.90ms (   3051 GFLOPS 1584|1854   GB/s) 
*** NV       503 E_4096_16_8_2_4_4_6beb90360a4fcdd4c5ab44009cb100c7b4fdd04f06634d9288f850cf52fa1315 arg  2 mem  13.94 GB tm     29.86us/  3163.93ms (   2775 GFLOPS 1440|1686   GB/s) 
*** NV       504 E_1024_16_8_2_4_4_51888576de5ac5e45b7cac348fb3b295b4394241427cddd4011fa665ee004bf1 arg  2 mem  13.95 GB tm      9.98us/  3163.94ms (   2074 GFLOPS 1077|1260   GB/s) 
*** NV       505 E_1024_16_8_2_4_4_51888576de5ac5e45b7cac348fb3b295b4394241427cddd4011fa665ee004bf1 arg  2 mem  13.96 GB tm      9.95us/  3163.95ms (   2081 GFLOPS 1080|1264   GB/s) 
*** NV       506 E_4096_16_8_2_4_4_6beb90360a4fcdd4c5ab44009cb100c7b4fdd04f06634d9288f850cf52fa1315 arg  2 mem  13.99 GB tm     30.14us/  3163.98ms (   2748 GFLOPS 1426|1670   GB/s) 
*** NV       507 E_12288_16_8_2_4_4_561014d2f4434d59935e29a2cd73def56f592de35318972b74b0cfdd3b744913 arg  2 mem  14.09 GB tm     79.65us/  3164.06ms (   3120 GFLOPS 1619|1896   GB/s) 
*** NV       508 E_12288_16_8_2_4_4_561014d2f4434d59935e29a2cd73def56f592de35318972b74b0cfdd3b744913 arg  2 mem  14.19 GB tm     79.04us/  3164.14ms (   3144 GFLOPS 1632|1910   GB/s) 
*** NV       509 E_4096_3_16_8_2_4_4_3567060cb99fca44712f70bc99e9dadd2ff2f638eeb139dd04b01a93c07718e0 arg  2 mem  14.29 GB tm     82.94us/  3164.22ms (   2996 GFLOPS 1555|1820   GB/s) 
*** NV       510 E_4096_16_8_2_4_4_6beb90360a4fcdd4c5ab44009cb100c7b4fdd04f06634d9288f850cf52fa1315 arg  2 mem  14.32 GB tm     31.17us/  3164.25ms (   2658 GFLOPS 1379|1615   GB/s) 
*** NV       511 E_1024_16_8_2_4_4_51888576de5ac5e45b7cac348fb3b295b4394241427cddd4011fa665ee004bf1 arg  2 mem  14.33 GB tm     10.50us/  3164.26ms (   1973 GFLOPS 1024|1199   GB/s) 
*** NV       512 E_1024_16_8_2_4_4_51888576de5ac5e45b7cac348fb3b295b4394241427cddd4011fa665ee004bf1 arg  2 mem  14.34 GB tm     10.08us/  3164.27ms (   2055 GFLOPS 1066|1248   GB/s) 
*** NV       513 E_4096_16_8_2_4_4_6beb90360a4fcdd4c5ab44009cb100c7b4fdd04f06634d9288f850cf52fa1315 arg  2 mem  14.37 GB tm     31.33us/  3164.30ms (   2644 GFLOPS 1372|1607   GB/s) 
*** NV       514 E_12288_16_8_2_4_4_561014d2f4434d59935e29a2cd73def56f592de35318972b74b0cfdd3b744913 arg  2 mem  14.48 GB tm     78.94us/  3164.38ms (   3148 GFLOPS 1634|1913   GB/s) 
*** NV       515 E_12288_16_8_2_4_4_561014d2f4434d59935e29a2cd73def56f592de35318972b74b0cfdd3b744913 arg  2 mem  14.58 GB tm     81.92us/  3164.46ms (   3034 GFLOPS 1574|1843   GB/s) 
*** NV       516 E_4096_12_2_4_2_16_2_2_e337bc5dfd09d8d9554be3f57ba93911a63d71dbe98bf7c14c088fe52da4f351 arg  2 mem  14.68 GB tm    121.38us/  3164.58ms (   4043 GFLOPS 1170|1374   GB/s) 
*** NV       517 E_4096_16_8_2_4_4_6beb90360a4fcdd4c5ab44009cb100c7b4fdd04f06634d9288f850cf52fa1315 arg  2 mem  14.71 GB tm     31.55us/  3164.62ms (   2625 GFLOPS 1363|1595   GB/s) 
*** NV       518 E_1024_16_8_2_4_4_51888576de5ac5e45b7cac348fb3b295b4394241427cddd4011fa665ee004bf1 arg  2 mem  14.72 GB tm     10.14us/  3164.63ms (   2042 GFLOPS 1060|1240   GB/s) 
*** NV       519 E_1024_4_2_4_2_16_2_2_8df74aef2f56d04b968efa8776ccf550dfa7b1edad6440db2cf4ec2cca3ad4da arg  2 mem  14.73 GB tm     13.18us/  3164.64ms (   3102 GFLOPS  897|1054   GB/s) 
*** NV       520 E_4096_16_8_2_4_4_6beb90360a4fcdd4c5ab44009cb100c7b4fdd04f06634d9288f850cf52fa1315 arg  2 mem  14.76 GB tm     29.25us/  3164.67ms (   2832 GFLOPS 1470|1721   GB/s) 
*** NV       521 E_12288_16_8_2_4_4_561014d2f4434d59935e29a2cd73def56f592de35318972b74b0cfdd3b744913 arg  2 mem  14.86 GB tm     81.41us/  3164.75ms (   3053 GFLOPS 1584|1855   GB/s) 
*** NV       522 E_12288_16_8_2_4_4_561014d2f4434d59935e29a2cd73def56f592de35318972b74b0cfdd3b744913 arg  2 mem  14.96 GB tm     82.37us/  3164.83ms (   3017 GFLOPS 1566|1833   GB/s) 
*** NV       523 E_4096_3_16_8_2_4_4_3567060cb99fca44712f70bc99e9dadd2ff2f638eeb139dd04b01a93c07718e0 arg  2 mem  15.06 GB tm     83.68us/  3164.92ms (   2970 GFLOPS 1541|1804   GB/s) 
*** NV       524 E_4096_16_8_2_4_4_6beb90360a4fcdd4c5ab44009cb100c7b4fdd04f06634d9288f850cf52fa1315 arg  2 mem  15.10 GB tm     29.31us/  3164.95ms (   2826 GFLOPS 1467|1717   GB/s) 
*** NV       525 E_1024_16_8_2_4_4_51888576de5ac5e45b7cac348fb3b295b4394241427cddd4011fa665ee004bf1 arg  2 mem  15.10 GB tm     10.27us/  3164.96ms (   2016 GFLOPS 1046|1225   GB/s) 
*** NV       526 E_1024_16_8_2_4_4_51888576de5ac5e45b7cac348fb3b295b4394241427cddd4011fa665ee004bf1 arg  2 mem  15.11 GB tm     10.40us/  3164.97ms (   1991 GFLOPS 1033|1210   GB/s) 
*** NV       527 E_4096_16_8_2_4_4_6beb90360a4fcdd4c5ab44009cb100c7b4fdd04f06634d9288f850cf52fa1315 arg  2 mem  15.15 GB tm     29.22us/  3164.99ms (   2835 GFLOPS 1472|1723   GB/s) 
*** NV       528 E_12288_16_8_2_4_4_561014d2f4434d59935e29a2cd73def56f592de35318972b74b0cfdd3b744913 arg  2 mem  15.25 GB tm     80.86us/  3165.08ms (   3073 GFLOPS 1595|1867   GB/s) 
*** NV       529 E_12288_16_8_2_4_4_561014d2f4434d59935e29a2cd73def56f592de35318972b74b0cfdd3b744913 arg  2 mem  15.35 GB tm     79.87us/  3165.16ms (   3111 GFLOPS 1615|1890   GB/s) 
*** NV       530 E_4096_3_16_8_2_4_4_3567060cb99fca44712f70bc99e9dadd2ff2f638eeb139dd04b01a93c07718e0 arg  2 mem  15.45 GB tm     82.72us/  3165.24ms (   3004 GFLOPS 1559|1825   GB/s) 
*** NV       531 E_4096_16_8_2_4_4_6beb90360a4fcdd4c5ab44009cb100c7b4fdd04f06634d9288f850cf52fa1315 arg  2 mem  15.48 GB tm     31.58us/  3165.27ms (   2623 GFLOPS 1361|1594   GB/s) 
*** NV       532 E_1024_16_8_2_4_4_51888576de5ac5e45b7cac348fb3b295b4394241427cddd4011fa665ee004bf1 arg  2 mem  15.49 GB tm     10.02us/  3165.28ms (   2068 GFLOPS 1073|1256   GB/s) 
*** NV       533 E_1024_16_8_2_4_4_51888576de5ac5e45b7cac348fb3b295b4394241427cddd4011fa665ee004bf1 arg  2 mem  15.50 GB tm     10.05us/  3165.29ms (   2061 GFLOPS 1070|1252   GB/s) 
*** NV       534 E_4096_16_8_2_4_4_6beb90360a4fcdd4c5ab44009cb100c7b4fdd04f06634d9288f850cf52fa1315 arg  2 mem  15.53 GB tm     29.41us/  3165.32ms (   2817 GFLOPS 1462|1711   GB/s) 
*** NV       535 E_12288_16_8_2_4_4_561014d2f4434d59935e29a2cd73def56f592de35318972b74b0cfdd3b744913 arg  2 mem  15.63 GB tm     79.33us/  3165.40ms (   3133 GFLOPS 1626|1903   GB/s) 
*** NV       536 E_12288_16_8_2_4_4_561014d2f4434d59935e29a2cd73def56f592de35318972b74b0cfdd3b744913 arg  2 mem  15.73 GB tm     82.08us/  3165.48ms (   3028 GFLOPS 1571|1840   GB/s) 
*** NV       537 E_4096_12_2_4_2_16_2_2_e337bc5dfd09d8d9554be3f57ba93911a63d71dbe98bf7c14c088fe52da4f351 arg  2 mem  15.83 GB tm    121.34us/  3165.60ms (   4044 GFLOPS 1170|1374   GB/s) 
*** NV       538 E_4096_16_8_2_4_4_6beb90360a4fcdd4c5ab44009cb100c7b4fdd04f06634d9288f850cf52fa1315 arg  2 mem  15.87 GB tm     29.34us/  3165.63ms (   2823 GFLOPS 1465|1715   GB/s) 
*** NV       539 E_1024_16_8_2_4_4_51888576de5ac5e45b7cac348fb3b295b4394241427cddd4011fa665ee004bf1 arg  2 mem  15.88 GB tm     10.43us/  3165.64ms (   1985 GFLOPS 1030|1206   GB/s) 
*** NV       540 E_1024_4_2_4_2_16_2_2_8df74aef2f56d04b968efa8776ccf550dfa7b1edad6440db2cf4ec2cca3ad4da arg  2 mem  15.88 GB tm     13.44us/  3165.66ms (   3043 GFLOPS  880|1034   GB/s) 
*** NV       541 E_4096_16_8_2_4_4_6beb90360a4fcdd4c5ab44009cb100c7b4fdd04f06634d9288f850cf52fa1315 arg  2 mem  15.92 GB tm     30.98us/  3165.69ms (   2674 GFLOPS 1388|1625   GB/s) 
*** NV       542 E_12288_16_8_2_4_4_561014d2f4434d59935e29a2cd73def56f592de35318972b74b0cfdd3b744913 arg  2 mem  16.02 GB tm     81.98us/  3165.77ms (   3031 GFLOPS 1573|1842   GB/s) 
*** NV       543 E_12288_16_8_2_4_4_561014d2f4434d59935e29a2cd73def56f592de35318972b74b0cfdd3b744913 arg  2 mem  16.12 GB tm     80.16us/  3165.85ms (   3100 GFLOPS 1609|1884   GB/s) 
*** NV       544 E_4096_3_16_8_2_4_4_3567060cb99fca44712f70bc99e9dadd2ff2f638eeb139dd04b01a93c07718e0 arg  2 mem  16.22 GB tm     80.96us/  3165.93ms (   3070 GFLOPS 1593|1865   GB/s) 
*** NV       545 E_4096_16_8_2_4_4_6beb90360a4fcdd4c5ab44009cb100c7b4fdd04f06634d9288f850cf52fa1315 arg  2 mem  16.25 GB tm     32.67us/  3165.96ms (   2535 GFLOPS 1316|1541   GB/s) 
*** NV       546 E_1024_16_8_2_4_4_51888576de5ac5e45b7cac348fb3b295b4394241427cddd4011fa665ee004bf1 arg  2 mem  16.26 GB tm     10.08us/  3165.97ms (   2055 GFLOPS 1066|1248   GB/s) 
*** NV       547 E_1024_16_8_2_4_4_51888576de5ac5e45b7cac348fb3b295b4394241427cddd4011fa665ee004bf1 arg  2 mem  16.27 GB tm     10.18us/  3165.98ms (   2035 GFLOPS 1056|1237   GB/s) 
*** NV       548 E_4096_16_8_2_4_4_6beb90360a4fcdd4c5ab44009cb100c7b4fdd04f06634d9288f850cf52fa1315 arg  2 mem  16.30 GB tm     31.23us/  3166.01ms (   2652 GFLOPS 1377|1612   GB/s) 
*** NV       549 E_12288_16_8_2_4_4_561014d2f4434d59935e29a2cd73def56f592de35318972b74b0cfdd3b744913 arg  2 mem  16.40 GB tm     81.12us/  3166.09ms (   3064 GFLOPS 1590|1861   GB/s) 
*** NV       550 E_12288_16_8_2_4_4_561014d2f4434d59935e29a2cd73def56f592de35318972b74b0cfdd3b744913 arg  2 mem  16.51 GB tm     85.31us/  3166.18ms (   2913 GFLOPS 1512|1770   GB/s) 
*** NV       551 E_4096_3_16_8_2_4_4_3567060cb99fca44712f70bc99e9dadd2ff2f638eeb139dd04b01a93c07718e0 arg  2 mem  16.61 GB tm     82.27us/  3166.26ms (   3021 GFLOPS 1568|1835   GB/s) 
*** NV       552 E_4096_16_8_2_4_4_6beb90360a4fcdd4c5ab44009cb100c7b4fdd04f06634d9288f850cf52fa1315 arg  2 mem  16.64 GB tm     30.53us/  3166.29ms (   2713 GFLOPS 1408|1649   GB/s) 
*** NV       553 E_1024_16_8_2_4_4_51888576de5ac5e45b7cac348fb3b295b4394241427cddd4011fa665ee004bf1 arg  2 mem  16.65 GB tm      9.70us/  3166.30ms (   2136 GFLOPS 1108|1298   GB/s) 
*** NV       554 E_1024_16_8_2_4_4_51888576de5ac5e45b7cac348fb3b295b4394241427cddd4011fa665ee004bf1 arg  2 mem  16.66 GB tm      9.73us/  3166.31ms (   2129 GFLOPS 1105|1293   GB/s) 
*** NV       555 E_4096_16_8_2_4_4_6beb90360a4fcdd4c5ab44009cb100c7b4fdd04f06634d9288f850cf52fa1315 arg  2 mem  16.69 GB tm     31.39us/  3166.34ms (   2639 GFLOPS 1370|1603   GB/s) 
*** NV       556 E_12288_16_8_2_4_4_561014d2f4434d59935e29a2cd73def56f592de35318972b74b0cfdd3b744913 arg  2 mem  16.79 GB tm     86.69us/  3166.43ms (   2867 GFLOPS 1488|1742   GB/s) 
*** NV       557 E_12288_16_8_2_4_4_561014d2f4434d59935e29a2cd73def56f592de35318972b74b0cfdd3b744913 arg  2 mem  16.89 GB tm     80.67us/  3166.51ms (   3081 GFLOPS 1599|1872   GB/s) 
*** NV       558 E_4096_12_2_4_2_16_2_2_e337bc5dfd09d8d9554be3f57ba93911a63d71dbe98bf7c14c088fe52da4f351 arg  2 mem  16.99 GB tm    122.05us/  3166.63ms (   4021 GFLOPS 1163|1366   GB/s) 
*** NV       559 E_4096_16_8_2_4_4_6beb90360a4fcdd4c5ab44009cb100c7b4fdd04f06634d9288f850cf52fa1315 arg  2 mem  17.03 GB tm     32.58us/  3166.67ms (   2543 GFLOPS 1320|1545   GB/s) 
*** NV       560 E_1024_16_8_2_4_4_51888576de5ac5e45b7cac348fb3b295b4394241427cddd4011fa665ee004bf1 arg  2 mem  17.03 GB tm      9.92us/  3166.68ms (   2088 GFLOPS 1083|1268   GB/s) 
*** NV       561 E_1024_4_2_4_2_16_2_2_8df74aef2f56d04b968efa8776ccf550dfa7b1edad6440db2cf4ec2cca3ad4da arg  2 mem  17.04 GB tm     13.28us/  3166.69ms (   3079 GFLOPS  891|1046   GB/s) 
*** NV       562 E_4096_16_8_2_4_4_6beb90360a4fcdd4c5ab44009cb100c7b4fdd04f06634d9288f850cf52fa1315 arg  2 mem  17.08 GB tm     29.50us/  3166.72ms (   2808 GFLOPS 1457|1706   GB/s) 
*** NV       563 E_12288_16_8_2_4_4_561014d2f4434d59935e29a2cd73def56f592de35318972b74b0cfdd3b744913 arg  2 mem  17.18 GB tm     83.65us/  3166.80ms (   2971 GFLOPS 1542|1805   GB/s) 
*** NV       564 E_12288_16_8_2_4_4_561014d2f4434d59935e29a2cd73def56f592de35318972b74b0cfdd3b744913 arg  2 mem  17.28 GB tm     79.87us/  3166.88ms (   3111 GFLOPS 1615|1890   GB/s) 
*** NV       565 E_4096_12_2_4_2_16_2_2_e337bc5dfd09d8d9554be3f57ba93911a63d71dbe98bf7c14c088fe52da4f351 arg  2 mem  17.38 GB tm    121.92us/  3167.00ms (   4025 GFLOPS 1164|1367   GB/s) 
*** NV       566 E_4096_16_8_2_4_4_6beb90360a4fcdd4c5ab44009cb100c7b4fdd04f06634d9288f850cf52fa1315 arg  2 mem  17.41 GB tm     31.17us/  3167.03ms (   2658 GFLOPS 1379|1615   GB/s) 
*** NV       567 E_1024_16_8_2_4_4_51888576de5ac5e45b7cac348fb3b295b4394241427cddd4011fa665ee004bf1 arg  2 mem  17.42 GB tm     10.40us/  3167.05ms (   1991 GFLOPS 1033|1210   GB/s) 
*** NV       568 E_1024_4_2_4_2_16_2_2_8df74aef2f56d04b968efa8776ccf550dfa7b1edad6440db2cf4ec2cca3ad4da arg  2 mem  17.43 GB tm     13.22us/  3167.06ms (   3094 GFLOPS  895|1051   GB/s) 
*** NV       569 E_4096_16_8_2_4_4_6beb90360a4fcdd4c5ab44009cb100c7b4fdd04f06634d9288f850cf52fa1315 arg  2 mem  17.46 GB tm     28.83us/  3167.09ms (   2873 GFLOPS 1491|1746   GB/s) 
*** NV       570 E_12288_16_8_2_4_4_561014d2f4434d59935e29a2cd73def56f592de35318972b74b0cfdd3b744913 arg  2 mem  17.56 GB tm     81.44us/  3167.17ms (   3051 GFLOPS 1584|1854   GB/s) 
*** NV       571 E_12288_16_8_2_4_4_561014d2f4434d59935e29a2cd73def56f592de35318972b74b0cfdd3b744913 arg  2 mem  17.66 GB tm     82.85us/  3167.25ms (   3000 GFLOPS 1557|1823   GB/s) 
*** NV       572 E_4096_12_2_4_2_16_2_2_e337bc5dfd09d8d9554be3f57ba93911a63d71dbe98bf7c14c088fe52da4f351 arg  2 mem  17.76 GB tm    119.90us/  3167.37ms (   4093 GFLOPS 1184|1390   GB/s) 
*** NV       573 E_4096_16_8_2_4_4_6beb90360a4fcdd4c5ab44009cb100c7b4fdd04f06634d9288f850cf52fa1315 arg  2 mem  17.80 GB tm     29.73us/  3167.40ms (   2787 GFLOPS 1446|1693   GB/s) 
*** NV       574 E_1024_16_8_2_4_4_51888576de5ac5e45b7cac348fb3b295b4394241427cddd4011fa665ee004bf1 arg  2 mem  17.81 GB tm      9.73us/  3167.41ms (   2129 GFLOPS 1105|1293   GB/s) 
*** NV       575 E_1024_4_2_4_2_16_2_2_8df74aef2f56d04b968efa8776ccf550dfa7b1edad6440db2cf4ec2cca3ad4da arg  2 mem  17.81 GB tm     12.99us/  3167.42ms (   3148 GFLOPS  911|1069   GB/s) 
*** NV       576 E_4096_16_8_2_4_4_6beb90360a4fcdd4c5ab44009cb100c7b4fdd04f06634d9288f850cf52fa1315 arg  2 mem  17.85 GB tm     30.91us/  3167.45ms (   2680 GFLOPS 1391|1628   GB/s) 
*** NV       577 E_12288_16_8_2_4_4_561014d2f4434d59935e29a2cd73def56f592de35318972b74b0cfdd3b744913 arg  2 mem  17.95 GB tm     85.12us/  3167.54ms (   2920 GFLOPS 1515|1774   GB/s) 
*** NV       578 E_12288_16_8_2_4_4_561014d2f4434d59935e29a2cd73def56f592de35318972b74b0cfdd3b744913 arg  2 mem  18.05 GB tm     81.02us/  3167.62ms (   3067 GFLOPS 1592|1864   GB/s) 
*** NV       579 E_4096_12_2_4_2_16_2_2_e337bc5dfd09d8d9554be3f57ba93911a63d71dbe98bf7c14c088fe52da4f351 arg  2 mem  18.15 GB tm    122.43us/  3167.74ms (   4008 GFLOPS 1159|1362   GB/s) 
*** NV       580 E_4096_16_8_2_4_4_6beb90360a4fcdd4c5ab44009cb100c7b4fdd04f06634d9288f850cf52fa1315 arg  2 mem  18.18 GB tm     30.72us/  3167.77ms (   2697 GFLOPS 1399|1638   GB/s) 
*** NV       581 E_1024_16_8_2_4_4_51888576de5ac5e45b7cac348fb3b295b4394241427cddd4011fa665ee004bf1 arg  2 mem  18.19 GB tm     10.43us/  3167.78ms (   1985 GFLOPS 1030|1206   GB/s) 
*** NV       582 E_1024_4_2_4_2_16_2_2_8df74aef2f56d04b968efa8776ccf550dfa7b1edad6440db2cf4ec2cca3ad4da arg  2 mem  18.20 GB tm     13.31us/  3167.80ms (   3072 GFLOPS  889|1044   GB/s) 
*** NV       583 E_4096_16_8_2_4_4_6beb90360a4fcdd4c5ab44009cb100c7b4fdd04f06634d9288f850cf52fa1315 arg  2 mem  18.23 GB tm     29.28us/  3167.83ms (   2829 GFLOPS 1468|1719   GB/s) 
*** NV       584 E_12288_16_8_2_4_4_561014d2f4434d59935e29a2cd73def56f592de35318972b74b0cfdd3b744913 arg  2 mem  18.33 GB tm     79.71us/  3167.91ms (   3118 GFLOPS 1618|1894   GB/s) 
*** NV       585 E_12288_16_8_2_4_4_561014d2f4434d59935e29a2cd73def56f592de35318972b74b0cfdd3b744913 arg  2 mem  18.43 GB tm     83.23us/  3167.99ms (   2986 GFLOPS 1550|1814   GB/s) 
*** NV       586 E_4096_12_2_4_2_16_2_2_e337bc5dfd09d8d9554be3f57ba93911a63d71dbe98bf7c14c088fe52da4f351 arg  2 mem  18.54 GB tm    121.98us/  3168.11ms (   4023 GFLOPS 1164|1367   GB/s) 
*** NV       587 E_4096_16_8_2_4_4_6beb90360a4fcdd4c5ab44009cb100c7b4fdd04f06634d9288f850cf52fa1315 arg  2 mem  18.57 GB tm     30.21us/  3168.14ms (   2742 GFLOPS 1423|1666   GB/s) 
*** NV       588 E_1024_16_8_2_4_4_51888576de5ac5e45b7cac348fb3b295b4394241427cddd4011fa665ee004bf1 arg  2 mem  18.58 GB tm     10.40us/  3168.15ms (   1991 GFLOPS 1033|1210   GB/s) 
*** NV       589 E_1024_4_2_4_2_16_2_2_8df74aef2f56d04b968efa8776ccf550dfa7b1edad6440db2cf4ec2cca3ad4da arg  2 mem  18.59 GB tm     13.06us/  3168.17ms (   3132 GFLOPS  906|1064   GB/s) 
*** NV       590 E_4096_16_8_2_4_4_6beb90360a4fcdd4c5ab44009cb100c7b4fdd04f06634d9288f850cf52fa1315 arg  2 mem  18.62 GB tm     31.55us/  3168.20ms (   2625 GFLOPS 1363|1595   GB/s) 
*** NV       591 E_12288_16_8_2_4_4_561014d2f4434d59935e29a2cd73def56f592de35318972b74b0cfdd3b744913 arg  2 mem  18.72 GB tm     81.31us/  3168.28ms (   3056 GFLOPS 1586|1857   GB/s) 
*** NV       592 E_12288_16_8_2_4_4_561014d2f4434d59935e29a2cd73def56f592de35318972b74b0cfdd3b744913 arg  2 mem  18.82 GB tm     80.86us/  3168.36ms (   3073 GFLOPS 1595|1867   GB/s) 
*** NV       593 E_4096_12_2_4_2_16_2_2_e337bc5dfd09d8d9554be3f57ba93911a63d71dbe98bf7c14c088fe52da4f351 arg  2 mem  18.92 GB tm    122.53us/  3168.48ms (   4005 GFLOPS 1159|1361   GB/s) 
*** NV       594 E_4096_16_8_2_4_4_6beb90360a4fcdd4c5ab44009cb100c7b4fdd04f06634d9288f850cf52fa1315 arg  2 mem  18.95 GB tm     32.80us/  3168.51ms (   2526 GFLOPS 1311|1535   GB/s) 
*** NV       595 E_1024_16_8_2_4_4_51888576de5ac5e45b7cac348fb3b295b4394241427cddd4011fa665ee004bf1 arg  2 mem  18.96 GB tm     10.98us/  3168.53ms (   1887 GFLOPS  979|1146   GB/s) 
*** NV       596 E_1024_4_2_4_2_16_2_2_8df74aef2f56d04b968efa8776ccf550dfa7b1edad6440db2cf4ec2cca3ad4da arg  2 mem  18.97 GB tm     13.34us/  3168.54ms (   3065 GFLOPS  886|1041   GB/s) 
*** NV       597 E_4096_16_8_2_4_4_6beb90360a4fcdd4c5ab44009cb100c7b4fdd04f06634d9288f850cf52fa1315 arg  2 mem  19.01 GB tm     30.85us/  3168.57ms (   2685 GFLOPS 1394|1632   GB/s) 
opened device PYTHON from pid:2917019
scheduled     2 kernels in     3.13 ms | CACHE MISS 2a6d92c6 |   30186 uops in cache | /home/ubuntu/tinygrad-arkey/extra/llm_research/decode/nv_vocab_nacc4_qualification.py:25
*** NV       598 copy    3.00 KB,      NV <- PYTHON             arg  2 mem  19.01 GB tm    166.49us/  3168.74ms (      0 GFLOPS    0|0      GB/s) 
*** NV       599 copy        4 B,      NV <- PYTHON             arg  2 mem  19.01 GB tm     91.14us/  3168.83ms (      0 GFLOPS    0|0      GB/s) 
function 2f1b17af in   202.29 ms: FFNBlock.__call__.<locals>._run
function 2f1b17af in    78.49 ms: FFNBlock.__call__.<locals>._run
function 2f1b17af in    77.03 ms: FFNBlock.__call__.<locals>._run
function 2f1b17af in    77.43 ms: FFNBlock.__call__.<locals>._run
function 7258aba2 in    78.36 ms: FFNBlock.__call__.<locals>._run
function 7258aba2 in    77.40 ms: FFNBlock.__call__.<locals>._run
function 2f1b17af in    77.65 ms: FFNBlock.__call__.<locals>._run
function 7258aba2 in    77.90 ms: FFNBlock.__call__.<locals>._run
function 7258aba2 in    77.61 ms: FFNBlock.__call__.<locals>._run
function 2f1b17af in    76.84 ms: FFNBlock.__call__.<locals>._run
function 7258aba2 in    77.33 ms: FFNBlock.__call__.<locals>._run
function 7258aba2 in    78.21 ms: FFNBlock.__call__.<locals>._run
function 2f1b17af in    77.49 ms: FFNBlock.__call__.<locals>._run
function 7258aba2 in    77.66 ms: FFNBlock.__call__.<locals>._run
function 7258aba2 in    77.94 ms: FFNBlock.__call__.<locals>._run
function 2f1b17af in    77.87 ms: FFNBlock.__call__.<locals>._run
function 7258aba2 in    78.12 ms: FFNBlock.__call__.<locals>._run
function 7258aba2 in    78.48 ms: FFNBlock.__call__.<locals>._run
function 2f1b17af in    78.90 ms: FFNBlock.__call__.<locals>._run
function 7258aba2 in    78.43 ms: FFNBlock.__call__.<locals>._run
function 7258aba2 in    78.72 ms: FFNBlock.__call__.<locals>._run
function 2f1b17af in    79.26 ms: FFNBlock.__call__.<locals>._run
function 7258aba2 in    79.00 ms: FFNBlock.__call__.<locals>._run
function 7258aba2 in    78.04 ms: FFNBlock.__call__.<locals>._run
function 2f1b17af in    78.61 ms: FFNBlock.__call__.<locals>._run
function 7258aba2 in    78.43 ms: FFNBlock.__call__.<locals>._run
function 7258aba2 in    77.71 ms: FFNBlock.__call__.<locals>._run
function 2f1b17af in    78.21 ms: FFNBlock.__call__.<locals>._run
function 7258aba2 in    77.89 ms: FFNBlock.__call__.<locals>._run
function 7258aba2 in    78.47 ms: FFNBlock.__call__.<locals>._run
function 2f1b17af in    78.85 ms: FFNBlock.__call__.<locals>._run
function 2f1b17af in    78.65 ms: FFNBlock.__call__.<locals>._run
function 2f1b17af in    78.71 ms: FFNBlock.__call__.<locals>._run
function 2f1b17af in    78.90 ms: FFNBlock.__call__.<locals>._run
function 2f1b17af in    78.51 ms: FFNBlock.__call__.<locals>._run
function 2f1b17af in    78.74 ms: FFNBlock.__call__.<locals>._run
scheduled    21 kernels in   383.14 ms | CACHE MISS 3c746792 |   37604 uops in cache | /home/ubuntu/tinygrad-arkey/extra/llm_research/decode/nv_vocab_nacc4_qualification.py:25
scheduled    21 kernels in   290.83 ms | CACHE MISS 0b9fb894 |   38613 uops in cache | /home/ubuntu/tinygrad-arkey/extra/llm_research/decode/nv_vocab_nacc4_qualification.py:25
scheduled   157 kernels in   707.11 ms | CACHE MISS 40a1ac94 |   40662 uops in cache | /home/ubuntu/tinygrad-arkey/extra/llm_research/decode/nv_vocab_nacc4_qualification.py:25
memory reduced from 24.08 MB -> 24.08 MB, 44 -> 4 bufs
*** NV       600 E_toks_79d9e28f2bf7a88a3acb47074dc016cd9e5af16ca779f8b4f6d44ae3e44ec7f5 arg  2 mem  19.01 GB tm      1.79us/  3168.83ms (      0 GFLOPS    0|0      GB/s) 
*** NV       601 E_4_12_8_16_4_42171c9d6c4604fdf0c2cb1088a935eca061bf1bf5eab1c756adcb5dfbf32044 arg  1 mem  19.01 GB tm      1.54us/  3168.83ms (      0 GFLOPS   32|32     GB/s) 
*** NV       602 E_4_12_8_16_4_42171c9d6c4604fdf0c2cb1088a935eca061bf1bf5eab1c756adcb5dfbf32044 arg  1 mem  19.01 GB tm      1.50us/  3168.83ms (      0 GFLOPS   33|33     GB/s) 
*** NV       603 E_4_12_8_16_4_42171c9d6c4604fdf0c2cb1088a935eca061bf1bf5eab1c756adcb5dfbf32044 arg  1 mem  19.01 GB tm      1.70us/  3168.83ms (      0 GFLOPS   29|29     GB/s) 
*** NV       604 E_4_12_8_16_4_42171c9d6c4604fdf0c2cb1088a935eca061bf1bf5eab1c756adcb5dfbf32044 arg  1 mem  19.01 GB tm      1.60us/  3168.84ms (      0 GFLOPS   31|31     GB/s) 
*** NV       605 E_4_12_8_16_4_42171c9d6c4604fdf0c2cb1088a935eca061bf1bf5eab1c756adcb5dfbf32044 arg  1 mem  19.01 GB tm      1.70us/  3168.84ms (      0 GFLOPS   29|29     GB/s) 
*** NV       606 E_4_12_8_16_4_42171c9d6c4604fdf0c2cb1088a935eca061bf1bf5eab1c756adcb5dfbf32044 arg  1 mem  19.01 GB tm      1.47us/  3168.84ms (      0 GFLOPS   33|33     GB/s) 
*** NV       607 E_4_12_8_16_4_42171c9d6c4604fdf0c2cb1088a935eca061bf1bf5eab1c756adcb5dfbf32044 arg  1 mem  19.01 GB tm      1.63us/  3168.84ms (      0 GFLOPS   30|30     GB/s) 
*** NV       608 E_4_12_8_16_4_42171c9d6c4604fdf0c2cb1088a935eca061bf1bf5eab1c756adcb5dfbf32044 arg  1 mem  19.01 GB tm      1.60us/  3168.84ms (      0 GFLOPS   31|31     GB/s) 
*** NV       609 E_4_12_8_16_4_42171c9d6c4604fdf0c2cb1088a935eca061bf1bf5eab1c756adcb5dfbf32044 arg  1 mem  19.01 GB tm      1.60us/  3168.84ms (      0 GFLOPS   31|31     GB/s) 
*** NV       610 E_4_12_8_16_4_42171c9d6c4604fdf0c2cb1088a935eca061bf1bf5eab1c756adcb5dfbf32044 arg  1 mem  19.01 GB tm      1.41us/  3168.85ms (      0 GFLOPS   35|35     GB/s) 
*** NV       611 E_4_12_8_16_4_42171c9d6c4604fdf0c2cb1088a935eca061bf1bf5eab1c756adcb5dfbf32044 arg  1 mem  19.01 GB tm      1.70us/  3168.85ms (      0 GFLOPS   29|29     GB/s) 
*** NV       612 E_4_12_8_16_4_42171c9d6c4604fdf0c2cb1088a935eca061bf1bf5eab1c756adcb5dfbf32044 arg  1 mem  19.01 GB tm      1.73us/  3168.85ms (      0 GFLOPS   28|28     GB/s) 
*** NV       613 E_4_12_8_16_4_42171c9d6c4604fdf0c2cb1088a935eca061bf1bf5eab1c756adcb5dfbf32044 arg  1 mem  19.01 GB tm      1.60us/  3168.85ms (      0 GFLOPS   31|31     GB/s) 
*** NV       614 E_4_12_8_16_4_42171c9d6c4604fdf0c2cb1088a935eca061bf1bf5eab1c756adcb5dfbf32044 arg  1 mem  19.01 GB tm      1.41us/  3168.85ms (      0 GFLOPS   35|35     GB/s) 
*** NV       615 E_4_12_8_16_4_42171c9d6c4604fdf0c2cb1088a935eca061bf1bf5eab1c756adcb5dfbf32044 arg  1 mem  19.01 GB tm      1.63us/  3168.85ms (      0 GFLOPS   30|30     GB/s) 
*** NV       616 E_4_12_8_16_4_42171c9d6c4604fdf0c2cb1088a935eca061bf1bf5eab1c756adcb5dfbf32044 arg  1 mem  19.01 GB tm      1.63us/  3168.85ms (      0 GFLOPS   30|30     GB/s) 
*** NV       617 E_4_12_8_16_4_42171c9d6c4604fdf0c2cb1088a935eca061bf1bf5eab1c756adcb5dfbf32044 arg  1 mem  19.01 GB tm      1.63us/  3168.86ms (      0 GFLOPS   30|30     GB/s) 
*** NV       618 E_4_12_8_16_4_42171c9d6c4604fdf0c2cb1088a935eca061bf1bf5eab1c756adcb5dfbf32044 arg  1 mem  19.01 GB tm      1.47us/  3168.86ms (      0 GFLOPS   33|33     GB/s) 
*** NV       619 E_4_12_8_16_4_42171c9d6c4604fdf0c2cb1088a935eca061bf1bf5eab1c756adcb5dfbf32044 arg  1 mem  19.01 GB tm      1.63us/  3168.86ms (      0 GFLOPS   30|30     GB/s) 
*** NV       620 E_4_12_8_16_4_42171c9d6c4604fdf0c2cb1088a935eca061bf1bf5eab1c756adcb5dfbf32044 arg  1 mem  19.01 GB tm      1.60us/  3168.86ms (      0 GFLOPS   31|31     GB/s) 
*** NV       621 E_4_12_8_16_4_42171c9d6c4604fdf0c2cb1088a935eca061bf1bf5eab1c756adcb5dfbf32044 arg  1 mem  19.01 GB tm      1.63us/  3168.86ms (      0 GFLOPS   30|30     GB/s) 
*** NV       622 E_4_12_8_16_4_42171c9d6c4604fdf0c2cb1088a935eca061bf1bf5eab1c756adcb5dfbf32044 arg  1 mem  19.01 GB tm      1.41us/  3168.86ms (      0 GFLOPS   35|35     GB/s) 
*** NV       623 E_4_12_8_16_4_42171c9d6c4604fdf0c2cb1088a935eca061bf1bf5eab1c756adcb5dfbf32044 arg  1 mem  19.01 GB tm      1.73us/  3168.87ms (      0 GFLOPS   28|28     GB/s) 
*** NV       624 E_4_12_8_16_4_42171c9d6c4604fdf0c2cb1088a935eca061bf1bf5eab1c756adcb5dfbf32044 arg  1 mem  19.01 GB tm      1.60us/  3168.87ms (      0 GFLOPS   31|31     GB/s) 
*** NV       625 E_4_12_8_16_4_42171c9d6c4604fdf0c2cb1088a935eca061bf1bf5eab1c756adcb5dfbf32044 arg  1 mem  19.01 GB tm      1.60us/  3168.87ms (      0 GFLOPS   31|31     GB/s) 
*** NV       626 E_4_12_8_16_4_42171c9d6c4604fdf0c2cb1088a935eca061bf1bf5eab1c756adcb5dfbf32044 arg  1 mem  19.01 GB tm      1.41us/  3168.87ms (      0 GFLOPS   35|35     GB/s) 
*** NV       627 E_4_12_8_16_4_42171c9d6c4604fdf0c2cb1088a935eca061bf1bf5eab1c756adcb5dfbf32044 arg  1 mem  19.01 GB tm      1.60us/  3168.87ms (      0 GFLOPS   31|31     GB/s) 
*** NV       628 E_4_12_8_16_4_42171c9d6c4604fdf0c2cb1088a935eca061bf1bf5eab1c756adcb5dfbf32044 arg  1 mem  19.01 GB tm      1.57us/  3168.87ms (      0 GFLOPS   31|31     GB/s) 
*** NV       629 E_4_12_8_16_4_42171c9d6c4604fdf0c2cb1088a935eca061bf1bf5eab1c756adcb5dfbf32044 arg  1 mem  19.01 GB tm      1.57us/  3168.88ms (      0 GFLOPS   31|31     GB/s) 
*** NV       630 E_4_12_8_16_4_42171c9d6c4604fdf0c2cb1088a935eca061bf1bf5eab1c756adcb5dfbf32044 arg  1 mem  19.01 GB tm      1.38us/  3168.88ms (      0 GFLOPS   36|36     GB/s) 
*** NV       631 E_4_12_8_16_4_42171c9d6c4604fdf0c2cb1088a935eca061bf1bf5eab1c756adcb5dfbf32044 arg  1 mem  19.01 GB tm      1.60us/  3168.88ms (      0 GFLOPS   31|31     GB/s) 
*** NV       632 E_4_12_8_16_4_42171c9d6c4604fdf0c2cb1088a935eca061bf1bf5eab1c756adcb5dfbf32044 arg  1 mem  19.01 GB tm      1.66us/  3168.88ms (      0 GFLOPS   30|30     GB/s) 
*** NV       633 E_4_12_8_16_4_42171c9d6c4604fdf0c2cb1088a935eca061bf1bf5eab1c756adcb5dfbf32044 arg  1 mem  19.01 GB tm      1.63us/  3168.88ms (      0 GFLOPS   30|30     GB/s) 
*** NV       634 E_4_12_8_16_4_42171c9d6c4604fdf0c2cb1088a935eca061bf1bf5eab1c756adcb5dfbf32044 arg  1 mem  19.01 GB tm      1.47us/  3168.88ms (      0 GFLOPS   33|33     GB/s) 
*** NV       635 E_4_12_8_16_4_42171c9d6c4604fdf0c2cb1088a935eca061bf1bf5eab1c756adcb5dfbf32044 arg  1 mem  19.01 GB tm      1.63us/  3168.88ms (      0 GFLOPS   30|30     GB/s) 
*** NV       636 E_96_2_8_16_4_333649b8c154b0a1589641dff70e0aa6d45ec53c73ef8a43f10a0523638b0155 arg  1 mem  19.01 GB tm      2.27us/  3168.89ms (      0 GFLOPS  173|173    GB/s) 
*** NV       637 E_4_12_8_16_4_42171c9d6c4604fdf0c2cb1088a935eca061bf1bf5eab1c756adcb5dfbf32044 arg  1 mem  19.01 GB tm      1.95us/  3168.89ms (      0 GFLOPS   25|25     GB/s) 
*** NV       638 copy        8 B,      NV <- PYTHON             arg  2 mem  19.01 GB tm     72.09us/  3168.96ms (      0 GFLOPS    0|0      GB/s) 
*** NV       639 E_toks_2_2_8_16_2_4_b9aa697695375a61ca528549f07bfa99ed6c86c702941f436098f999c0678681 arg  3 mem  19.01 GB tm      3.07us/  3168.96ms (    635 GFLOPS  277|277    GB/s) 
*** NV       640 E_2_c8a3207cf1b8954ec08b9564cce9b00f69be9c09493c58ea1abd46b3664424e7 arg  1 mem  19.01 GB tm      1.70us/  3168.97ms (      0 GFLOPS    0|0      GB/s) 
*** NV       641 r_toks_16_256_9bea51c90e96722f78afa38994560b91a5209493ca06e07a50eb2d877dcfb23d arg  2 mem  19.03 GB tm      4.70us/  3168.97ms (     58 GFLOPS  111|119    GB/s) 
*** NV       642 E_toks_64_16_4_06fd47e9c650e24766c11b129f655c7f35f0220eaa139d5cb9cbb692730058e3 arg  4 mem  19.03 GB tm      3.14us/  3168.97ms (    376 GFLOPS  256|298    GB/s) 
*** NV       643 r_4_toks_2_8_16_4_16_4_2_4_8_468c6ffa9fd89f3e7da451536d93097a9b7f72c6c3b8d291f928e71eed611826 arg  3 mem  19.03 GB tm   1906.05us/  3170.88ms (   2701 GFLOPS    5|471    GB/s) 
*** NV       644 r_8_toks_128_16_4_2_32_c4938a4b566be128a7529ef0804c1b993f7b0c3b1f559803a933f15896b5c82d arg  3 mem  19.03 GB tm    362.43us/  3171.24ms (   3573 GFLOPS    8|1273   GB/s) 
*** NV       645 r_2_toks_8_4_4_16_1a6f7f1a8298a3a32e1ae4103d0c091d4bf33cb345fc242f46181ce9332a9373 arg  2 mem  19.03 GB tm      2.24us/  3171.24ms (    161 GFLOPS  236|380    GB/s) 
*** NV       646 r_8_toks_16_8_59efef99d29f071000ea271bdbae8212b9a4c3036c2074b5cfe2f8af08763763 arg  2 mem  19.03 GB tm      1.82us/  3171.25ms (     81 GFLOPS   72|234    GB/s) 
*** NV       647 E_toks_2_8_16_4_4_a0ef7a77c507d336b6f8775adcf32510df2abc21793ab36da3293122f95b5801 arg  4 mem  19.03 GB tm      2.24us/  3171.25ms (    219 GFLOPS  353|410    GB/s) 
*** NV       648 E_toks_8_2_16_4_ff73096c0717113530e1af4ef8150376846600e51fb5cd7409378f38ff2e6ea6 arg  4 mem  19.03 GB tm      1.89us/  3171.25ms (     65 GFLOPS  105|174    GB/s) 
*** NV       649 r_2_8_toks_128_16_2_2_2_32_0c1c7e46169e63cd5facbf3871438ca9666529e366bfdab373ff24c18ad4a836 arg  5 mem  19.03 GB tm    895.42us/  3172.15ms (   1674 GFLOPS    7|809    GB/s) 
*** NV       650 r_32_toks_(start_pos+toks)_16_8_6053e42efb4d55a1ca58ae6e1236b570b94078e8ff69ad3ded3a02dca902f678 arg  5 mem  19.03 GB tm     18.66us/  3172.16ms (   2979 GFLOPS  319|7925   GB/s) 
*** NV       651 r_toks_8_4_(start_pos+toks)_26e8871fb02d1436fe40ca4dcfa2b334d7cdd63fc4d2ebf770557834fb3cc4b5 arg  2 mem  19.03 GB tm      3.39us/  3172.17ms (     19 GFLOPS   40|40     GB/s) 
*** NV       652 r_toks_8_4_(start_pos+toks)_ea6cf34ee39e812f3859bf1fd519cf8df686204db37f0fa60c182106d3c00aff arg  3 mem  19.03 GB tm      3.68us/  3172.17ms (     36 GFLOPS   38|38     GB/s) 
*** NV       653 E_toks_(start_pos+toks)_8_4_84acb9c6f744a2bf14b0906425723a78b570c356c452c6ecc7bf969560042ffd arg  4 mem  19.03 GB tm      3.71us/  3172.18ms (     44 GFLOPS   73|141    GB/s) 
*** NV       654 r_4_toks_2_8_16_4_(start_pos+toks)_cb8f75d3bda69b78fcf94ab8c736a75da3feb4e84706aa0b091e463c1ffacabd arg  3 mem  19.03 GB tm      4.67us/  3172.18ms (   1796 GFLOPS 1486|2805   GB/s) 
*** NV       655 r_toks_64_16_4_16_2_2_2_4_8_f2d21044fc43f050118addd8d06843c08549a51ff71db6e79bfafef2707541e4 arg  4 mem  19.03 GB tm   1433.44us/  3173.61ms (   3591 GFLOPS    8|814    GB/s) 
*** NV       656 r_toks_16_256_9bea51c90e96722f78afa38994560b91a5209493ca06e07a50eb2d877dcfb23d arg  2 mem  19.03 GB tm      4.70us/  3173.62ms (     58 GFLOPS  111|119    GB/s) 
*** NV       657 E_toks_64_16_4_06fd47e9c650e24766c11b129f655c7f35f0220eaa139d5cb9cbb692730058e3 arg  4 mem  19.03 GB tm      2.88us/  3173.62ms (    410 GFLOPS  279|324    GB/s) 
*** NV       658 r_toks_256_16_3_16_4_2_2_16_5dbb3c5e33bf34384bb05e6ea83ea148a2f6abf3cf6ffae7d2866b5a0ef18a8e arg  3 mem  19.03 GB tm   3870.91us/  3177.49ms (   3991 GFLOPS    8|765    GB/s) 
*** NV       659 r_toks_256_16_3_16_4_2_2_16_ede295e2782449231e573fd6149a12cfbd69e61f08c807d8fd5d9996a018ad45 arg  4 mem  19.03 GB tm   3884.13us/  3181.38ms (   3977 GFLOPS    8|763    GB/s) 
*** NV       660 r_toks_64_16_4_48_2_2_2_4_8_e5cdf9cc2fc4cf071d0b0ce080aedfa02f4cad80a3b0669ecb79cc14a2bf6065 arg  4 mem  19.03 GB tm   8789.70us/  3190.17ms (   2018 GFLOPS    5|483    GB/s) 
*** NV       661 E_toks_64_16_4_69472d2d47c56b2dc08e2f6244ad50dc409c1a7181a40501164c537a6cedf544 arg  2 mem  19.03 GB tm      2.46us/  3190.17ms (      0 GFLOPS  426|426    GB/s) 
*** NV       662 E_1187_32_4_76d37a73a646ec3a4b5e32ab783e0ace496f5855bbba7492c8c7fe87bbff5f1f arg  3 mem  19.03 GB tm      3.30us/  3190.17ms (  13161 GFLOPS  184|184    GB/s) 
*** NV       663 E_toks_64_16_4_69472d2d47c56b2dc08e2f6244ad50dc409c1a7181a40501164c537a6cedf544 arg  2 mem  19.03 GB tm      2.85us/  3190.17ms (      0 GFLOPS  368|368    GB/s) 
*** NV       664 E_toks_64_16_4_69472d2d47c56b2dc08e2f6244ad50dc409c1a7181a40501164c537a6cedf544 arg  2 mem  19.04 GB tm      2.27us/  3190.18ms (      0 GFLOPS  462|462    GB/s) 
*** NV       665 r_toks_16_256_9bea51c90e96722f78afa38994560b91a5209493ca06e07a50eb2d877dcfb23d arg  2 mem  19.04 GB tm      4.51us/  3190.18ms (     60 GFLOPS  116|124    GB/s) 
*** NV       666 E_toks_64_16_4_06fd47e9c650e24766c11b129f655c7f35f0220eaa139d5cb9cbb692730058e3 arg  4 mem  19.04 GB tm      3.01us/  3190.18ms (    392 GFLOPS  267|310    GB/s) 
*** NV       667 r_4_toks_2_8_16_4_16_4_2_4_8_468c6ffa9fd89f3e7da451536d93097a9b7f72c6c3b8d291f928e71eed611826 arg  3 mem  19.04 GB tm   1817.95us/  3192.00ms (   2831 GFLOPS    6|494    GB/s) 
*** NV       668 r_8_toks_128_16_4_2_32_c4938a4b566be128a7529ef0804c1b993f7b0c3b1f559803a933f15896b5c82d arg  3 mem  19.04 GB tm    358.27us/  3192.36ms (   3615 GFLOPS    8|1288   GB/s) 
*** NV       669 r_2_toks_8_4_4_16_1a6f7f1a8298a3a32e1ae4103d0c091d4bf33cb345fc242f46181ce9332a9373 arg  2 mem  19.04 GB tm      2.11us/  3192.36ms (    171 GFLOPS  250|403    GB/s) 
*** NV       670 r_8_toks_16_8_59efef99d29f071000ea271bdbae8212b9a4c3036c2074b5cfe2f8af08763763 arg  2 mem  19.04 GB tm      2.11us/  3192.36ms (     70 GFLOPS   63|202    GB/s) 
*** NV       671 E_toks_2_8_16_4_4_a0ef7a77c507d336b6f8775adcf32510df2abc21793ab36da3293122f95b5801 arg  4 mem  19.04 GB tm      2.27us/  3192.37ms (    216 GFLOPS  348|404    GB/s) 
*** NV       672 E_toks_8_2_16_4_ff73096c0717113530e1af4ef8150376846600e51fb5cd7409378f38ff2e6ea6 arg  4 mem  19.04 GB tm      1.95us/  3192.37ms (     63 GFLOPS  102|168    GB/s) 
*** NV       673 r_2_8_toks_128_16_2_2_2_32_0c1c7e46169e63cd5facbf3871438ca9666529e366bfdab373ff24c18ad4a836 arg  5 mem  19.04 GB tm    887.52us/  3193.26ms (   1689 GFLOPS    7|816    GB/s) 
*** NV       674 r_32_toks_(start_pos+toks)_16_8_6053e42efb4d55a1ca58ae6e1236b570b94078e8ff69ad3ded3a02dca902f678 arg  5 mem  19.04 GB tm     17.44us/  3193.27ms (   3187 GFLOPS  341|8478   GB/s) 
*** NV       675 r_toks_8_4_(start_pos+toks)_26e8871fb02d1436fe40ca4dcfa2b334d7cdd63fc4d2ebf770557834fb3cc4b5 arg  2 mem  19.04 GB tm      3.78us/  3193.28ms (     17 GFLOPS   36|36     GB/s) 
*** NV       676 r_toks_8_4_(start_pos+toks)_ea6cf34ee39e812f3859bf1fd519cf8df686204db37f0fa60c182106d3c00aff arg  3 mem  19.04 GB tm      3.42us/  3193.28ms (     38 GFLOPS   41|41     GB/s) 
*** NV       677 E_toks_(start_pos+toks)_8_4_84acb9c6f744a2bf14b0906425723a78b570c356c452c6ecc7bf969560042ffd arg  4 mem  19.04 GB tm      3.26us/  3193.28ms (     50 GFLOPS   83|161    GB/s) 
*** NV       678 r_4_toks_2_8_16_4_(start_pos+toks)_cb8f75d3bda69b78fcf94ab8c736a75da3feb4e84706aa0b091e463c1ffacabd arg  3 mem  19.04 GB tm      3.87us/  3193.29ms (   2166 GFLOPS 1793|3385   GB/s) 
*** NV       679 r_toks_64_16_4_16_2_2_2_4_8_f2d21044fc43f050118addd8d06843c08549a51ff71db6e79bfafef2707541e4 arg  4 mem  19.04 GB tm   1530.88us/  3194.82ms (   3362 GFLOPS    7|762    GB/s) 
*** NV       680 r_toks_16_256_9bea51c90e96722f78afa38994560b91a5209493ca06e07a50eb2d877dcfb23d arg  2 mem  19.04 GB tm      4.10us/  3194.82ms (     66 GFLOPS  128|137    GB/s) 
*** NV       681 E_toks_64_16_4_06fd47e9c650e24766c11b129f655c7f35f0220eaa139d5cb9cbb692730058e3 arg  4 mem  19.04 GB tm      2.88us/  3194.83ms (    410 GFLOPS  279|324    GB/s) 
*** NV       682 r_toks_256_16_3_16_4_2_2_16_5dbb3c5e33bf34384bb05e6ea83ea148a2f6abf3cf6ffae7d2866b5a0ef18a8e arg  3 mem  19.04 GB tm   3859.10us/  3198.68ms (   4003 GFLOPS    8|768    GB/s) 
*** NV       683 r_toks_256_16_3_16_4_2_2_16_ede295e2782449231e573fd6149a12cfbd69e61f08c807d8fd5d9996a018ad45 arg  4 mem  19.04 GB tm   3872.54us/  3202.56ms (   3988 GFLOPS    8|765    GB/s) 
*** NV       684 r_toks_64_16_4_48_2_2_2_4_8_e5cdf9cc2fc4cf071d0b0ce080aedfa02f4cad80a3b0669ecb79cc14a2bf6065 arg  4 mem  19.04 GB tm   8755.14us/  3211.31ms (   2026 GFLOPS    5|484    GB/s) 
*** NV       685 E_toks_64_16_4_69472d2d47c56b2dc08e2f6244ad50dc409c1a7181a40501164c537a6cedf544 arg  2 mem  19.04 GB tm      3.20us/  3211.32ms (      0 GFLOPS  328|328    GB/s) 
*** NV       686 E_toks_64_16_4_69472d2d47c56b2dc08e2f6244ad50dc409c1a7181a40501164c537a6cedf544 arg  2 mem  19.04 GB tm      2.24us/  3211.32ms (      0 GFLOPS  468|468    GB/s) 
*** NV       687 E_toks_64_16_4_69472d2d47c56b2dc08e2f6244ad50dc409c1a7181a40501164c537a6cedf544 arg  2 mem  19.04 GB tm      2.40us/  3211.32ms (      0 GFLOPS  437|437    GB/s) 
*** NV       688 r_toks_16_256_9bea51c90e96722f78afa38994560b91a5209493ca06e07a50eb2d877dcfb23d arg  2 mem  19.04 GB tm      4.64us/  3211.33ms (     59 GFLOPS  113|121    GB/s) 
*** NV       689 E_toks_64_16_4_06fd47e9c650e24766c11b129f655c7f35f0220eaa139d5cb9cbb692730058e3 arg  4 mem  19.04 GB tm      2.85us/  3211.33ms (    414 GFLOPS  282|328    GB/s) 
*** NV       690 r_4_toks_2_8_16_4_16_4_2_4_8_468c6ffa9fd89f3e7da451536d93097a9b7f72c6c3b8d291f928e71eed611826 arg  3 mem  19.04 GB tm   1907.90us/  3213.24ms (   2698 GFLOPS    5|471    GB/s) 
*** NV       691 r_8_toks_128_16_4_2_32_c4938a4b566be128a7529ef0804c1b993f7b0c3b1f559803a933f15896b5c82d arg  3 mem  19.04 GB tm    357.18us/  3213.59ms (   3626 GFLOPS    8|1292   GB/s) 
*** NV       692 r_2_toks_8_4_4_16_1a6f7f1a8298a3a32e1ae4103d0c091d4bf33cb345fc242f46181ce9332a9373 arg  2 mem  19.04 GB tm      2.11us/  3213.60ms (    171 GFLOPS  250|403    GB/s) 
*** NV       693 r_8_toks_16_8_59efef99d29f071000ea271bdbae8212b9a4c3036c2074b5cfe2f8af08763763 arg  2 mem  19.04 GB tm      2.08us/  3213.60ms (     71 GFLOPS   64|205    GB/s) 
*** NV       694 E_toks_2_8_16_4_4_a0ef7a77c507d336b6f8775adcf32510df2abc21793ab36da3293122f95b5801 arg  4 mem  19.04 GB tm      2.24us/  3213.60ms (    219 GFLOPS  353|410    GB/s) 
*** NV       695 E_toks_8_2_16_4_ff73096c0717113530e1af4ef8150376846600e51fb5cd7409378f38ff2e6ea6 arg  4 mem  19.04 GB tm      1.92us/  3213.60ms (     64 GFLOPS  103|171    GB/s) 
*** NV       696 r_2_8_toks_128_16_2_2_2_32_0c1c7e46169e63cd5facbf3871438ca9666529e366bfdab373ff24c18ad4a836 arg  5 mem  19.04 GB tm    887.52us/  3214.49ms (   1689 GFLOPS    7|816    GB/s) 
*** NV       697 r_32_toks_(start_pos+toks)_16_8_6053e42efb4d55a1ca58ae6e1236b570b94078e8ff69ad3ded3a02dca902f678 arg  5 mem  19.04 GB tm     17.47us/  3214.51ms (   3181 GFLOPS  340|8462   GB/s) 
*** NV       698 r_toks_8_4_(start_pos+toks)_26e8871fb02d1436fe40ca4dcfa2b334d7cdd63fc4d2ebf770557834fb3cc4b5 arg  2 mem  19.04 GB tm      3.81us/  3214.51ms (     17 GFLOPS   35|35     GB/s) 
*** NV       699 r_toks_8_4_(start_pos+toks)_ea6cf34ee39e812f3859bf1fd519cf8df686204db37f0fa60c182106d3c00aff arg  3 mem  19.04 GB tm      3.46us/  3214.51ms (     38 GFLOPS   40|40     GB/s) 
*** NV       700 E_toks_(start_pos+toks)_8_4_84acb9c6f744a2bf14b0906425723a78b570c356c452c6ecc7bf969560042ffd arg  4 mem  19.04 GB tm      3.39us/  3214.52ms (     48 GFLOPS   80|155    GB/s) 
*** NV       701 r_4_toks_2_8_16_4_(start_pos+toks)_cb8f75d3bda69b78fcf94ab8c736a75da3feb4e84706aa0b091e463c1ffacabd arg  3 mem  19.04 GB tm      4.06us/  3214.52ms (   2064 GFLOPS 1708|3225   GB/s) 
*** NV       702 r_toks_64_16_4_16_2_2_2_4_8_f2d21044fc43f050118addd8d06843c08549a51ff71db6e79bfafef2707541e4 arg  4 mem  19.04 GB tm   1526.27us/  3216.05ms (   3373 GFLOPS    7|765    GB/s) 
*** NV       703 r_toks_16_256_9bea51c90e96722f78afa38994560b91a5209493ca06e07a50eb2d877dcfb23d arg  2 mem  19.04 GB tm      4.10us/  3216.05ms (     66 GFLOPS  128|137    GB/s) 
*** NV       704 E_toks_64_16_4_06fd47e9c650e24766c11b129f655c7f35f0220eaa139d5cb9cbb692730058e3 arg  4 mem  19.04 GB tm      2.88us/  3216.05ms (    410 GFLOPS  279|324    GB/s) 
*** NV       705 r_toks_256_16_3_16_4_2_2_16_5dbb3c5e33bf34384bb05e6ea83ea148a2f6abf3cf6ffae7d2866b5a0ef18a8e arg  3 mem  19.04 GB tm   3876.77us/  3219.93ms (   3985 GFLOPS    8|764    GB/s) 
*** NV       706 r_toks_256_16_3_16_4_2_2_16_ede295e2782449231e573fd6149a12cfbd69e61f08c807d8fd5d9996a018ad45 arg  4 mem  19.04 GB tm   3891.01us/  3223.82ms (   3970 GFLOPS    8|761    GB/s) 
*** NV       707 r_toks_64_16_4_48_2_2_2_4_8_e5cdf9cc2fc4cf071d0b0ce080aedfa02f4cad80a3b0669ecb79cc14a2bf6065 arg  4 mem  19.04 GB tm   8760.35us/  3232.58ms (   2025 GFLOPS    5|484    GB/s) 
*** NV       708 E_toks_64_16_4_69472d2d47c56b2dc08e2f6244ad50dc409c1a7181a40501164c537a6cedf544 arg  2 mem  19.04 GB tm      2.91us/  3232.59ms (      0 GFLOPS  360|360    GB/s) 
*** NV       709 E_toks_64_16_4_69472d2d47c56b2dc08e2f6244ad50dc409c1a7181a40501164c537a6cedf544 arg  2 mem  19.04 GB tm      2.43us/  3232.59ms (      0 GFLOPS  431|431    GB/s) 
*** NV       710 E_toks_64_16_4_69472d2d47c56b2dc08e2f6244ad50dc409c1a7181a40501164c537a6cedf544 arg  2 mem  19.04 GB tm      2.37us/  3232.59ms (      0 GFLOPS  443|443    GB/s) 
*** NV       711 r_toks_16_256_9bea51c90e96722f78afa38994560b91a5209493ca06e07a50eb2d877dcfb23d arg  2 mem  19.04 GB tm      4.13us/  3232.59ms (     66 GFLOPS  127|136    GB/s) 
*** NV       712 E_toks_64_16_4_06fd47e9c650e24766c11b129f655c7f35f0220eaa139d5cb9cbb692730058e3 arg  4 mem  19.04 GB tm      2.72us/  3232.60ms (    434 GFLOPS  295|343    GB/s) 
*** NV       713 r_4_toks_2_8_16_4_16_4_2_4_8_468c6ffa9fd89f3e7da451536d93097a9b7f72c6c3b8d291f928e71eed611826 arg  3 mem  19.04 GB tm   1887.90us/  3234.48ms (   2726 GFLOPS    5|476    GB/s) 
*** NV       714 r_8_toks_128_16_4_2_32_c4938a4b566be128a7529ef0804c1b993f7b0c3b1f559803a933f15896b5c82d arg  3 mem  19.04 GB tm    357.31us/  3234.84ms (   3624 GFLOPS    8|1291   GB/s) 
*** NV       715 r_2_toks_8_4_4_16_1a6f7f1a8298a3a32e1ae4103d0c091d4bf33cb345fc242f46181ce9332a9373 arg  2 mem  19.04 GB tm      2.18us/  3234.84ms (    166 GFLOPS  243|392    GB/s) 
*** NV       716 r_8_toks_16_8_59efef99d29f071000ea271bdbae8212b9a4c3036c2074b5cfe2f8af08763763 arg  2 mem  19.04 GB tm      2.14us/  3234.85ms (     69 GFLOPS   62|199    GB/s) 
*** NV       717 E_toks_2_8_16_4_4_a0ef7a77c507d336b6f8775adcf32510df2abc21793ab36da3293122f95b5801 arg  4 mem  19.04 GB tm      2.14us/  3234.85ms (    229 GFLOPS  369|428    GB/s) 
*** NV       718 E_toks_8_2_16_4_ff73096c0717113530e1af4ef8150376846600e51fb5cd7409378f38ff2e6ea6 arg  4 mem  19.04 GB tm      1.92us/  3234.85ms (     64 GFLOPS  103|171    GB/s) 
*** NV       719 r_2_8_toks_128_16_2_2_2_32_0c1c7e46169e63cd5facbf3871438ca9666529e366bfdab373ff24c18ad4a836 arg  5 mem  19.05 GB tm    887.74us/  3235.74ms (   1688 GFLOPS    7|816    GB/s) 
*** NV       720 r_32_toks_(start_pos+toks)_16_8_6053e42efb4d55a1ca58ae6e1236b570b94078e8ff69ad3ded3a02dca902f678 arg  5 mem  19.05 GB tm     17.60us/  3235.76ms (   3158 GFLOPS  338|8401   GB/s) 
*** NV       721 r_toks_8_4_(start_pos+toks)_26e8871fb02d1436fe40ca4dcfa2b334d7cdd63fc4d2ebf770557834fb3cc4b5 arg  2 mem  19.05 GB tm      3.65us/  3235.76ms (     18 GFLOPS   37|37     GB/s) 
*** NV       722 r_toks_8_4_(start_pos+toks)_ea6cf34ee39e812f3859bf1fd519cf8df686204db37f0fa60c182106d3c00aff arg  3 mem  19.05 GB tm      3.46us/  3235.76ms (     38 GFLOPS   40|40     GB/s) 
*** NV       723 E_toks_(start_pos+toks)_8_4_84acb9c6f744a2bf14b0906425723a78b570c356c452c6ecc7bf969560042ffd arg  4 mem  19.05 GB tm      3.42us/  3235.77ms (     48 GFLOPS   79|153    GB/s) 
*** NV       724 r_4_toks_2_8_16_4_(start_pos+toks)_cb8f75d3bda69b78fcf94ab8c736a75da3feb4e84706aa0b091e463c1ffacabd arg  3 mem  19.05 GB tm      3.90us/  3235.77ms (   2149 GFLOPS 1778|3357   GB/s) 
*** NV       725 r_toks_64_16_4_16_2_2_2_4_8_f2d21044fc43f050118addd8d06843c08549a51ff71db6e79bfafef2707541e4 arg  4 mem  19.05 GB tm   1403.42us/  3237.17ms (   3668 GFLOPS    8|832    GB/s) 
*** NV       726 r_toks_16_256_9bea51c90e96722f78afa38994560b91a5209493ca06e07a50eb2d877dcfb23d arg  2 mem  19.05 GB tm      4.32us/  3237.18ms (     63 GFLOPS  121|130    GB/s) 
*** NV       727 E_toks_64_16_4_06fd47e9c650e24766c11b129f655c7f35f0220eaa139d5cb9cbb692730058e3 arg  4 mem  19.05 GB tm      2.91us/  3237.18ms (    405 GFLOPS  276|321    GB/s) 
*** NV       728 r_toks_256_16_3_16_4_2_2_16_5dbb3c5e33bf34384bb05e6ea83ea148a2f6abf3cf6ffae7d2866b5a0ef18a8e arg  3 mem  19.05 GB tm   3876.29us/  3241.06ms (   3985 GFLOPS    8|764    GB/s) 
*** NV       729 r_toks_256_16_3_16_4_2_2_16_ede295e2782449231e573fd6149a12cfbd69e61f08c807d8fd5d9996a018ad45 arg  4 mem  19.05 GB tm   3894.94us/  3244.95ms (   3966 GFLOPS    8|761    GB/s) 
*** NV       730 r_toks_64_16_4_48_2_2_2_4_8_e5cdf9cc2fc4cf071d0b0ce080aedfa02f4cad80a3b0669ecb79cc14a2bf6065 arg  4 mem  19.05 GB tm   8768.51us/  3253.72ms (   2023 GFLOPS    5|484    GB/s) 
*** NV       731 E_toks_64_16_4_69472d2d47c56b2dc08e2f6244ad50dc409c1a7181a40501164c537a6cedf544 arg  2 mem  19.05 GB tm      2.72us/  3253.72ms (      0 GFLOPS  386|386    GB/s) 
*** NV       732 E_toks_64_16_4_69472d2d47c56b2dc08e2f6244ad50dc409c1a7181a40501164c537a6cedf544 arg  2 mem  19.05 GB tm      2.24us/  3253.73ms (      0 GFLOPS  468|468    GB/s) 
*** NV       733 E_toks_64_16_4_69472d2d47c56b2dc08e2f6244ad50dc409c1a7181a40501164c537a6cedf544 arg  2 mem  19.05 GB tm      3.36us/  3253.73ms (      0 GFLOPS  312|312    GB/s) 
*** NV       734 r_toks_16_256_9bea51c90e96722f78afa38994560b91a5209493ca06e07a50eb2d877dcfb23d arg  2 mem  19.05 GB tm      4.54us/  3253.73ms (     60 GFLOPS  115|123    GB/s) 
*** NV       735 E_toks_64_16_4_06fd47e9c650e24766c11b129f655c7f35f0220eaa139d5cb9cbb692730058e3 arg  4 mem  19.05 GB tm      3.01us/  3253.74ms (    392 GFLOPS  267|310    GB/s) 
*** NV       736 r_4_toks_2_8_16_4_16_4_2_4_8_468c6ffa9fd89f3e7da451536d93097a9b7f72c6c3b8d291f928e71eed611826 arg  3 mem  19.05 GB tm   1890.56us/  3255.63ms (   2723 GFLOPS    5|475    GB/s) 
*** NV       737 r_8_toks_128_16_4_2_32_c4938a4b566be128a7529ef0804c1b993f7b0c3b1f559803a933f15896b5c82d arg  3 mem  19.05 GB tm    357.18us/  3255.98ms (   3626 GFLOPS    8|1292   GB/s) 
*** NV       738 r_2_toks_8_4_4_16_1a6f7f1a8298a3a32e1ae4103d0c091d4bf33cb345fc242f46181ce9332a9373 arg  2 mem  19.05 GB tm      2.14us/  3255.99ms (    168 GFLOPS  246|397    GB/s) 
*** NV       739 r_8_toks_16_8_59efef99d29f071000ea271bdbae8212b9a4c3036c2074b5cfe2f8af08763763 arg  2 mem  19.05 GB tm      2.11us/  3255.99ms (     70 GFLOPS   63|202    GB/s) 
*** NV       740 E_toks_2_8_16_4_4_a0ef7a77c507d336b6f8775adcf32510df2abc21793ab36da3293122f95b5801 arg  4 mem  19.05 GB tm      2.27us/  3255.99ms (    216 GFLOPS  348|404    GB/s) 
*** NV       741 E_toks_8_2_16_4_ff73096c0717113530e1af4ef8150376846600e51fb5cd7409378f38ff2e6ea6 arg  4 mem  19.05 GB tm      2.05us/  3255.99ms (     60 GFLOPS   97|160    GB/s) 
*** NV       742 r_2_8_toks_128_16_4_2_32_989a27f8c622e7073edc603c917ee557c3951251e7a1b3adb98f0e92019a8317 arg  5 mem  19.05 GB tm    711.33us/  3256.70ms (   1838 GFLOPS    7|672    GB/s) 
*** NV       743 r_32_toks_(start_pos+toks)_16_8_6053e42efb4d55a1ca58ae6e1236b570b94078e8ff69ad3ded3a02dca902f678 arg  5 mem  19.05 GB tm     19.46us/  3256.72ms (   2856 GFLOPS  306|7599   GB/s) 
*** NV       744 r_toks_8_4_(start_pos+toks)_26e8871fb02d1436fe40ca4dcfa2b334d7cdd63fc4d2ebf770557834fb3cc4b5 arg  2 mem  19.05 GB tm      3.71us/  3256.73ms (     18 GFLOPS   36|36     GB/s) 
*** NV       745 r_toks_8_4_(start_pos+toks)_ea6cf34ee39e812f3859bf1fd519cf8df686204db37f0fa60c182106d3c00aff arg  3 mem  19.05 GB tm      3.49us/  3256.73ms (     38 GFLOPS   40|40     GB/s) 
*** NV       746 E_toks_(start_pos+toks)_8_4_84acb9c6f744a2bf14b0906425723a78b570c356c452c6ecc7bf969560042ffd arg  4 mem  19.05 GB tm      3.23us/  3256.73ms (     51 GFLOPS   84|162    GB/s) 
*** NV       747 r_4_toks_2_8_16_4_(start_pos+toks)_cb8f75d3bda69b78fcf94ab8c736a75da3feb4e84706aa0b091e463c1ffacabd arg  3 mem  19.05 GB tm      4.06us/  3256.74ms (   2064 GFLOPS 1708|3225   GB/s) 
*** NV       748 r_toks_64_16_4_16_2_2_2_4_8_f2d21044fc43f050118addd8d06843c08549a51ff71db6e79bfafef2707541e4 arg  4 mem  19.05 GB tm   1484.51us/  3258.22ms (   3467 GFLOPS    7|786    GB/s) 
*** NV       749 r_toks_16_256_9bea51c90e96722f78afa38994560b91a5209493ca06e07a50eb2d877dcfb23d arg  2 mem  19.05 GB tm      4.13us/  3258.23ms (     66 GFLOPS  127|136    GB/s) 
*** NV       750 E_toks_64_16_4_06fd47e9c650e24766c11b129f655c7f35f0220eaa139d5cb9cbb692730058e3 arg  4 mem  19.05 GB tm      2.85us/  3258.23ms (    414 GFLOPS  282|328    GB/s) 
*** NV       751 r_toks_256_16_3_16_4_2_2_16_5dbb3c5e33bf34384bb05e6ea83ea148a2f6abf3cf6ffae7d2866b5a0ef18a8e arg  3 mem  19.05 GB tm   3879.90us/  3262.11ms (   3981 GFLOPS    8|763    GB/s) 
*** NV       752 r_toks_256_16_3_16_4_2_2_16_ede295e2782449231e573fd6149a12cfbd69e61f08c807d8fd5d9996a018ad45 arg  4 mem  19.05 GB tm   3896.58us/  3266.01ms (   3964 GFLOPS    8|760    GB/s) 
*** NV       753 r_toks_64_16_4_48_4_2_4_8_1d91ff8b75344556e189fdaa8922f739be4c13617461342d7bdd2951c50626f5 arg  4 mem  19.05 GB tm   4194.37us/  3270.20ms (   3681 GFLOPS    7|642    GB/s) 
*** NV       754 E_toks_64_16_4_69472d2d47c56b2dc08e2f6244ad50dc409c1a7181a40501164c537a6cedf544 arg  2 mem  19.05 GB tm      2.91us/  3270.20ms (      0 GFLOPS  360|360    GB/s) 
*** NV       755 E_toks_64_16_4_69472d2d47c56b2dc08e2f6244ad50dc409c1a7181a40501164c537a6cedf544 arg  2 mem  19.05 GB tm      3.20us/  3270.21ms (      0 GFLOPS  328|328    GB/s) 
*** NV       756 E_toks_64_16_4_69472d2d47c56b2dc08e2f6244ad50dc409c1a7181a40501164c537a6cedf544 arg  2 mem  19.05 GB tm      2.24us/  3270.21ms (      0 GFLOPS  468|468    GB/s) 
*** NV       757 r_toks_16_256_9bea51c90e96722f78afa38994560b91a5209493ca06e07a50eb2d877dcfb23d arg  2 mem  19.05 GB tm      4.10us/  3270.21ms (     66 GFLOPS  128|137    GB/s) 
*** NV       758 E_toks_64_16_4_06fd47e9c650e24766c11b129f655c7f35f0220eaa139d5cb9cbb692730058e3 arg  4 mem  19.05 GB tm      2.66us/  3270.22ms (    444 GFLOPS  302|352    GB/s) 
*** NV       759 r_4_toks_2_8_16_4_16_4_2_4_8_468c6ffa9fd89f3e7da451536d93097a9b7f72c6c3b8d291f928e71eed611826 arg  3 mem  19.05 GB tm   1913.02us/  3272.13ms (   2691 GFLOPS    5|469    GB/s) 
*** NV       760 r_8_toks_128_16_4_2_32_c4938a4b566be128a7529ef0804c1b993f7b0c3b1f559803a933f15896b5c82d arg  3 mem  19.05 GB tm    357.25us/  3272.49ms (   3625 GFLOPS    8|1292   GB/s) 
*** NV       761 r_2_toks_8_4_4_16_1a6f7f1a8298a3a32e1ae4103d0c091d4bf33cb345fc242f46181ce9332a9373 arg  2 mem  19.05 GB tm      2.14us/  3272.49ms (    168 GFLOPS  246|397    GB/s) 
*** NV       762 r_8_toks_16_8_59efef99d29f071000ea271bdbae8212b9a4c3036c2074b5cfe2f8af08763763 arg  2 mem  19.05 GB tm      2.24us/  3272.49ms (     66 GFLOPS   59|190    GB/s) 
*** NV       763 E_toks_2_8_16_4_4_a0ef7a77c507d336b6f8775adcf32510df2abc21793ab36da3293122f95b5801 arg  4 mem  19.05 GB tm      2.21us/  3272.49ms (    223 GFLOPS  358|416    GB/s) 
*** NV       764 E_toks_8_2_16_4_ff73096c0717113530e1af4ef8150376846600e51fb5cd7409378f38ff2e6ea6 arg  4 mem  19.05 GB tm      2.02us/  3272.49ms (     61 GFLOPS   98|163    GB/s) 
*** NV       765 r_2_8_toks_128_16_4_2_32_989a27f8c622e7073edc603c917ee557c3951251e7a1b3adb98f0e92019a8317 arg  5 mem  19.06 GB tm    706.50us/  3273.20ms (   1851 GFLOPS    7|677    GB/s) 
*** NV       766 r_32_toks_(start_pos+toks)_16_8_6053e42efb4d55a1ca58ae6e1236b570b94078e8ff69ad3ded3a02dca902f678 arg  5 mem  19.06 GB tm     17.89us/  3273.22ms (   3107 GFLOPS  332|8265   GB/s) 
*** NV       767 r_toks_8_4_(start_pos+toks)_26e8871fb02d1436fe40ca4dcfa2b334d7cdd63fc4d2ebf770557834fb3cc4b5 arg  2 mem  19.06 GB tm      3.58us/  3273.22ms (     18 GFLOPS   38|38     GB/s) 
*** NV       768 r_toks_8_4_(start_pos+toks)_ea6cf34ee39e812f3859bf1fd519cf8df686204db37f0fa60c182106d3c00aff arg  3 mem  19.06 GB tm      3.39us/  3273.23ms (     39 GFLOPS   41|41     GB/s) 
*** NV       769 E_toks_(start_pos+toks)_8_4_84acb9c6f744a2bf14b0906425723a78b570c356c452c6ecc7bf969560042ffd arg  4 mem  19.06 GB tm      3.26us/  3273.23ms (     50 GFLOPS   83|161    GB/s) 
*** NV       770 r_4_toks_2_8_16_4_(start_pos+toks)_cb8f75d3bda69b78fcf94ab8c736a75da3feb4e84706aa0b091e463c1ffacabd arg  3 mem  19.06 GB tm      4.13us/  3273.23ms (   2032 GFLOPS 1682|3175   GB/s) 
*** NV       771 r_toks_64_16_4_16_2_2_2_4_8_f2d21044fc43f050118addd8d06843c08549a51ff71db6e79bfafef2707541e4 arg  4 mem  19.06 GB tm   1476.99us/  3274.71ms (   3485 GFLOPS    7|790    GB/s) 
*** NV       772 r_toks_16_256_9bea51c90e96722f78afa38994560b91a5209493ca06e07a50eb2d877dcfb23d arg  2 mem  19.06 GB tm      4.13us/  3274.71ms (     66 GFLOPS  127|136    GB/s) 
*** NV       773 E_toks_64_16_4_06fd47e9c650e24766c11b129f655c7f35f0220eaa139d5cb9cbb692730058e3 arg  4 mem  19.06 GB tm      2.91us/  3274.72ms (    405 GFLOPS  276|321    GB/s) 
*** NV       774 r_toks_256_16_3_16_4_2_2_16_5dbb3c5e33bf34384bb05e6ea83ea148a2f6abf3cf6ffae7d2866b5a0ef18a8e arg  3 mem  19.06 GB tm   3878.11us/  3278.60ms (   3983 GFLOPS    8|764    GB/s) 
*** NV       775 r_toks_256_16_3_16_4_2_2_16_ede295e2782449231e573fd6149a12cfbd69e61f08c807d8fd5d9996a018ad45 arg  4 mem  19.06 GB tm   3902.78us/  3282.50ms (   3958 GFLOPS    8|759    GB/s) 
*** NV       776 r_toks_64_16_4_48_4_2_4_8_1d91ff8b75344556e189fdaa8922f739be4c13617461342d7bdd2951c50626f5 arg  4 mem  19.06 GB tm   4183.81us/  3286.68ms (   3690 GFLOPS    7|644    GB/s) 
*** NV       777 E_toks_64_16_4_69472d2d47c56b2dc08e2f6244ad50dc409c1a7181a40501164c537a6cedf544 arg  2 mem  19.06 GB tm      3.20us/  3286.69ms (      0 GFLOPS  328|328    GB/s) 
*** NV       778 E_toks_64_16_4_69472d2d47c56b2dc08e2f6244ad50dc409c1a7181a40501164c537a6cedf544 arg  2 mem  19.06 GB tm      2.34us/  3286.69ms (      0 GFLOPS  449|449    GB/s) 
*** NV       779 E_toks_64_16_4_69472d2d47c56b2dc08e2f6244ad50dc409c1a7181a40501164c537a6cedf544 arg  2 mem  19.06 GB tm      2.46us/  3286.69ms (      0 GFLOPS  426|426    GB/s) 
*** NV       780 r_toks_16_256_9bea51c90e96722f78afa38994560b91a5209493ca06e07a50eb2d877dcfb23d arg  2 mem  19.06 GB tm      4.06us/  3286.69ms (     67 GFLOPS  129|138    GB/s) 
*** NV       781 E_toks_64_16_4_06fd47e9c650e24766c11b129f655c7f35f0220eaa139d5cb9cbb692730058e3 arg  4 mem  19.06 GB tm      2.78us/  3286.70ms (    424 GFLOPS  288|335    GB/s) 
*** NV       782 r_4_toks_2_8_16_4_16_4_2_4_8_468c6ffa9fd89f3e7da451536d93097a9b7f72c6c3b8d291f928e71eed611826 arg  3 mem  19.06 GB tm   1904.54us/  3288.60ms (   2703 GFLOPS    5|472    GB/s) 
*** NV       783 r_8_toks_128_16_4_2_32_c4938a4b566be128a7529ef0804c1b993f7b0c3b1f559803a933f15896b5c82d arg  3 mem  19.06 GB tm    356.99us/  3288.96ms (   3628 GFLOPS    8|1293   GB/s) 
*** NV       784 r_2_toks_8_4_4_16_1a6f7f1a8298a3a32e1ae4103d0c091d4bf33cb345fc242f46181ce9332a9373 arg  2 mem  19.06 GB tm      2.18us/  3288.96ms (    166 GFLOPS  243|392    GB/s) 
*** NV       785 r_8_toks_16_8_59efef99d29f071000ea271bdbae8212b9a4c3036c2074b5cfe2f8af08763763 arg  2 mem  19.06 GB tm      2.24us/  3288.96ms (     66 GFLOPS   59|190    GB/s) 
*** NV       786 E_toks_2_8_16_4_4_a0ef7a77c507d336b6f8775adcf32510df2abc21793ab36da3293122f95b5801 arg  4 mem  19.06 GB tm      2.21us/  3288.97ms (    223 GFLOPS  358|416    GB/s) 
*** NV       787 E_toks_8_2_16_4_ff73096c0717113530e1af4ef8150376846600e51fb5cd7409378f38ff2e6ea6 arg  4 mem  19.06 GB tm      1.98us/  3288.97ms (     62 GFLOPS  100|165    GB/s) 
*** NV       788 r_2_8_toks_128_16_2_2_2_32_0c1c7e46169e63cd5facbf3871438ca9666529e366bfdab373ff24c18ad4a836 arg  5 mem  19.06 GB tm    887.49us/  3289.85ms (   1689 GFLOPS    7|816    GB/s) 
*** NV       789 r_32_toks_(start_pos+toks)_16_8_6053e42efb4d55a1ca58ae6e1236b570b94078e8ff69ad3ded3a02dca902f678 arg  5 mem  19.06 GB tm     17.57us/  3289.87ms (   3163 GFLOPS  339|8416   GB/s) 
*** NV       790 r_toks_8_4_(start_pos+toks)_26e8871fb02d1436fe40ca4dcfa2b334d7cdd63fc4d2ebf770557834fb3cc4b5 arg  2 mem  19.06 GB tm      3.55us/  3289.88ms (     18 GFLOPS   38|38     GB/s) 
*** NV       791 r_toks_8_4_(start_pos+toks)_ea6cf34ee39e812f3859bf1fd519cf8df686204db37f0fa60c182106d3c00aff arg  3 mem  19.06 GB tm      3.42us/  3289.88ms (     38 GFLOPS   41|41     GB/s) 
*** NV       792 E_toks_(start_pos+toks)_8_4_84acb9c6f744a2bf14b0906425723a78b570c356c452c6ecc7bf969560042ffd arg  4 mem  19.06 GB tm      3.36us/  3289.88ms (     49 GFLOPS   80|156    GB/s) 
*** NV       793 r_4_toks_2_8_16_4_(start_pos+toks)_cb8f75d3bda69b78fcf94ab8c736a75da3feb4e84706aa0b091e463c1ffacabd arg  3 mem  19.06 GB tm      3.90us/  3289.89ms (   2149 GFLOPS 1778|3357   GB/s) 
*** NV       794 r_toks_64_16_4_16_2_2_2_4_8_f2d21044fc43f050118addd8d06843c08549a51ff71db6e79bfafef2707541e4 arg  4 mem  19.06 GB tm   1443.42us/  3291.33ms (   3566 GFLOPS    8|809    GB/s) 
*** NV       795 r_toks_16_256_9bea51c90e96722f78afa38994560b91a5209493ca06e07a50eb2d877dcfb23d arg  2 mem  19.06 GB tm      4.10us/  3291.33ms (     66 GFLOPS  128|137    GB/s) 
*** NV       796 E_toks_64_16_4_06fd47e9c650e24766c11b129f655c7f35f0220eaa139d5cb9cbb692730058e3 arg  4 mem  19.06 GB tm      2.85us/  3291.34ms (    414 GFLOPS  282|328    GB/s) 
*** NV       797 r_toks_256_16_3_16_4_2_2_16_5dbb3c5e33bf34384bb05e6ea83ea148a2f6abf3cf6ffae7d2866b5a0ef18a8e arg  3 mem  19.06 GB tm   3878.40us/  3295.22ms (   3983 GFLOPS    8|764    GB/s) 
*** NV       798 r_toks_256_16_3_16_4_2_2_16_ede295e2782449231e573fd6149a12cfbd69e61f08c807d8fd5d9996a018ad45 arg  4 mem  19.06 GB tm   3890.69us/  3299.11ms (   3970 GFLOPS    8|761    GB/s) 
*** NV       799 r_toks_64_16_4_48_2_2_2_4_8_e5cdf9cc2fc4cf071d0b0ce080aedfa02f4cad80a3b0669ecb79cc14a2bf6065 arg  4 mem  19.06 GB tm   8763.33us/  3307.87ms (   2024 GFLOPS    5|484    GB/s) 
*** NV       800 E_toks_64_16_4_69472d2d47c56b2dc08e2f6244ad50dc409c1a7181a40501164c537a6cedf544 arg  2 mem  19.06 GB tm      2.78us/  3307.87ms (      0 GFLOPS  377|377    GB/s) 
*** NV       801 E_toks_64_16_4_69472d2d47c56b2dc08e2f6244ad50dc409c1a7181a40501164c537a6cedf544 arg  2 mem  19.06 GB tm      2.43us/  3307.87ms (      0 GFLOPS  431|431    GB/s) 
*** NV       802 E_toks_64_16_4_69472d2d47c56b2dc08e2f6244ad50dc409c1a7181a40501164c537a6cedf544 arg  2 mem  19.06 GB tm      2.27us/  3307.88ms (      0 GFLOPS  462|462    GB/s) 
*** NV       803 r_toks_16_256_9bea51c90e96722f78afa38994560b91a5209493ca06e07a50eb2d877dcfb23d arg  2 mem  19.06 GB tm      4.10us/  3307.88ms (     66 GFLOPS  128|137    GB/s) 
*** NV       804 E_toks_64_16_4_06fd47e9c650e24766c11b129f655c7f35f0220eaa139d5cb9cbb692730058e3 arg  4 mem  19.06 GB tm      2.75us/  3307.88ms (    429 GFLOPS  292|339    GB/s) 
*** NV       805 r_4_toks_2_8_16_4_16_4_2_4_8_468c6ffa9fd89f3e7da451536d93097a9b7f72c6c3b8d291f928e71eed611826 arg  3 mem  19.06 GB tm   1894.08us/  3309.78ms (   2718 GFLOPS    5|474    GB/s) 
*** NV       806 r_8_toks_128_16_4_2_32_c4938a4b566be128a7529ef0804c1b993f7b0c3b1f559803a933f15896b5c82d arg  3 mem  19.06 GB tm    357.18us/  3310.13ms (   3626 GFLOPS    8|1292   GB/s) 
*** NV       807 r_2_toks_8_4_4_16_1a6f7f1a8298a3a32e1ae4103d0c091d4bf33cb345fc242f46181ce9332a9373 arg  2 mem  19.06 GB tm      2.18us/  3310.14ms (    166 GFLOPS  243|392    GB/s) 
*** NV       808 r_8_toks_16_8_59efef99d29f071000ea271bdbae8212b9a4c3036c2074b5cfe2f8af08763763 arg  2 mem  19.06 GB tm      2.18us/  3310.14ms (     68 GFLOPS   61|196    GB/s) 
*** NV       809 E_toks_2_8_16_4_4_a0ef7a77c507d336b6f8775adcf32510df2abc21793ab36da3293122f95b5801 arg  4 mem  19.06 GB tm      2.30us/  3310.14ms (    213 GFLOPS  343|398    GB/s) 
*** NV       810 E_toks_8_2_16_4_ff73096c0717113530e1af4ef8150376846600e51fb5cd7409378f38ff2e6ea6 arg  4 mem  19.06 GB tm      2.02us/  3310.14ms (     61 GFLOPS   98|163    GB/s) 
*** NV       811 r_2_8_toks_128_16_4_2_32_989a27f8c622e7073edc603c917ee557c3951251e7a1b3adb98f0e92019a8317 arg  5 mem  19.07 GB tm    706.82us/  3310.85ms (   1850 GFLOPS    7|676    GB/s) 
*** NV       812 r_32_toks_(start_pos+toks)_16_8_6053e42efb4d55a1ca58ae6e1236b570b94078e8ff69ad3ded3a02dca902f678 arg  5 mem  19.07 GB tm     17.82us/  3310.87ms (   3118 GFLOPS  334|8295   GB/s) 
*** NV       813 r_toks_8_4_(start_pos+toks)_26e8871fb02d1436fe40ca4dcfa2b334d7cdd63fc4d2ebf770557834fb3cc4b5 arg  2 mem  19.07 GB tm      3.62us/  3310.87ms (     18 GFLOPS   37|37     GB/s) 
*** NV       814 r_toks_8_4_(start_pos+toks)_ea6cf34ee39e812f3859bf1fd519cf8df686204db37f0fa60c182106d3c00aff arg  3 mem  19.07 GB tm      3.46us/  3310.88ms (     38 GFLOPS   40|40     GB/s) 
*** NV       815 E_toks_(start_pos+toks)_8_4_84acb9c6f744a2bf14b0906425723a78b570c356c452c6ecc7bf969560042ffd arg  4 mem  19.07 GB tm      3.26us/  3310.88ms (     50 GFLOPS   83|161    GB/s) 
*** NV       816 r_4_toks_2_8_16_4_(start_pos+toks)_cb8f75d3bda69b78fcf94ab8c736a75da3feb4e84706aa0b091e463c1ffacabd arg  3 mem  19.07 GB tm      4.10us/  3310.88ms (   2048 GFLOPS 1695|3200   GB/s) 
*** NV       817 r_toks_64_16_4_16_2_2_2_4_8_f2d21044fc43f050118addd8d06843c08549a51ff71db6e79bfafef2707541e4 arg  4 mem  19.07 GB tm   1445.60us/  3312.33ms (   3561 GFLOPS    8|807    GB/s) 
*** NV       818 r_toks_16_256_9bea51c90e96722f78afa38994560b91a5209493ca06e07a50eb2d877dcfb23d arg  2 mem  19.07 GB tm      4.29us/  3312.33ms (     64 GFLOPS  122|131    GB/s) 
*** NV       819 E_toks_64_16_4_06fd47e9c650e24766c11b129f655c7f35f0220eaa139d5cb9cbb692730058e3 arg  4 mem  19.07 GB tm      2.88us/  3312.34ms (    410 GFLOPS  279|324    GB/s) 
*** NV       820 r_toks_256_16_3_16_4_2_2_16_5dbb3c5e33bf34384bb05e6ea83ea148a2f6abf3cf6ffae7d2866b5a0ef18a8e arg  3 mem  19.07 GB tm   3877.60us/  3316.21ms (   3984 GFLOPS    8|764    GB/s) 
*** NV       821 r_toks_256_16_3_16_4_2_2_16_ede295e2782449231e573fd6149a12cfbd69e61f08c807d8fd5d9996a018ad45 arg  4 mem  19.07 GB tm   3890.21us/  3320.10ms (   3970 GFLOPS    8|762    GB/s) 
*** NV       822 r_toks_64_16_4_48_4_2_4_8_1d91ff8b75344556e189fdaa8922f739be4c13617461342d7bdd2951c50626f5 arg  4 mem  19.07 GB tm   4171.58us/  3324.27ms (   3701 GFLOPS    7|646    GB/s) 
*** NV       823 E_toks_64_16_4_69472d2d47c56b2dc08e2f6244ad50dc409c1a7181a40501164c537a6cedf544 arg  2 mem  19.07 GB tm      2.72us/  3324.28ms (      0 GFLOPS  386|386    GB/s) 
*** NV       824 E_toks_64_16_4_69472d2d47c56b2dc08e2f6244ad50dc409c1a7181a40501164c537a6cedf544 arg  2 mem  19.07 GB tm      2.24us/  3324.28ms (      0 GFLOPS  468|468    GB/s) 
*** NV       825 E_toks_64_16_4_69472d2d47c56b2dc08e2f6244ad50dc409c1a7181a40501164c537a6cedf544 arg  2 mem  19.07 GB tm      3.20us/  3324.28ms (      0 GFLOPS  328|328    GB/s) 
*** NV       826 r_toks_16_256_9bea51c90e96722f78afa38994560b91a5209493ca06e07a50eb2d877dcfb23d arg  2 mem  19.07 GB tm      4.10us/  3324.29ms (     66 GFLOPS  128|137    GB/s) 
*** NV       827 E_toks_64_16_4_06fd47e9c650e24766c11b129f655c7f35f0220eaa139d5cb9cbb692730058e3 arg  4 mem  19.07 GB tm      2.66us/  3324.29ms (    444 GFLOPS  302|352    GB/s) 
*** NV       828 r_4_toks_2_8_16_4_16_4_2_4_8_468c6ffa9fd89f3e7da451536d93097a9b7f72c6c3b8d291f928e71eed611826 arg  3 mem  19.07 GB tm   1896.06us/  3326.19ms (   2715 GFLOPS    5|474    GB/s) 
*** NV       829 r_8_toks_128_16_4_2_32_c4938a4b566be128a7529ef0804c1b993f7b0c3b1f559803a933f15896b5c82d arg  3 mem  19.07 GB tm    356.80us/  3326.54ms (   3629 GFLOPS    8|1293   GB/s) 
*** NV       830 r_2_toks_8_4_4_16_1a6f7f1a8298a3a32e1ae4103d0c091d4bf33cb345fc242f46181ce9332a9373 arg  2 mem  19.07 GB tm      2.14us/  3326.54ms (    168 GFLOPS  246|397    GB/s) 
*** NV       831 r_8_toks_16_8_59efef99d29f071000ea271bdbae8212b9a4c3036c2074b5cfe2f8af08763763 arg  2 mem  19.07 GB tm      2.18us/  3326.55ms (     68 GFLOPS   61|196    GB/s) 
*** NV       832 E_toks_2_8_16_4_4_a0ef7a77c507d336b6f8775adcf32510df2abc21793ab36da3293122f95b5801 arg  4 mem  19.07 GB tm      2.46us/  3326.55ms (    199 GFLOPS  321|373    GB/s) 
*** NV       833 E_toks_8_2_16_4_ff73096c0717113530e1af4ef8150376846600e51fb5cd7409378f38ff2e6ea6 arg  4 mem  19.07 GB tm      1.95us/  3326.55ms (     63 GFLOPS  102|168    GB/s) 
*** NV       834 r_2_8_toks_128_16_4_2_32_989a27f8c622e7073edc603c917ee557c3951251e7a1b3adb98f0e92019a8317 arg  5 mem  19.07 GB tm    706.82us/  3327.26ms (   1850 GFLOPS    7|676    GB/s) 
*** NV       835 r_32_toks_(start_pos+toks)_16_8_6053e42efb4d55a1ca58ae6e1236b570b94078e8ff69ad3ded3a02dca902f678 arg  5 mem  19.07 GB tm     17.79us/  3327.28ms (   3124 GFLOPS  334|8310   GB/s) 
*** NV       836 r_toks_8_4_(start_pos+toks)_26e8871fb02d1436fe40ca4dcfa2b334d7cdd63fc4d2ebf770557834fb3cc4b5 arg  2 mem  19.07 GB tm      3.58us/  3327.28ms (     18 GFLOPS   38|38     GB/s) 
*** NV       837 r_toks_8_4_(start_pos+toks)_ea6cf34ee39e812f3859bf1fd519cf8df686204db37f0fa60c182106d3c00aff arg  3 mem  19.07 GB tm      3.62us/  3327.28ms (     36 GFLOPS   39|39     GB/s) 
*** NV       838 E_toks_(start_pos+toks)_8_4_84acb9c6f744a2bf14b0906425723a78b570c356c452c6ecc7bf969560042ffd arg  4 mem  19.07 GB tm      3.30us/  3327.29ms (     50 GFLOPS   82|159    GB/s) 
*** NV       839 r_4_toks_2_8_16_4_(start_pos+toks)_cb8f75d3bda69b78fcf94ab8c736a75da3feb4e84706aa0b091e463c1ffacabd arg  3 mem  19.07 GB tm      3.87us/  3327.29ms (   2166 GFLOPS 1793|3385   GB/s) 
*** NV       840 r_toks_64_16_4_16_2_2_2_4_8_f2d21044fc43f050118addd8d06843c08549a51ff71db6e79bfafef2707541e4 arg  4 mem  19.07 GB tm   1424.58us/  3328.71ms (   3613 GFLOPS    8|819    GB/s) 
*** NV       841 r_toks_16_256_9bea51c90e96722f78afa38994560b91a5209493ca06e07a50eb2d877dcfb23d arg  2 mem  19.07 GB tm      4.13us/  3328.72ms (     66 GFLOPS  127|136    GB/s) 
*** NV       842 E_toks_64_16_4_06fd47e9c650e24766c11b129f655c7f35f0220eaa139d5cb9cbb692730058e3 arg  4 mem  19.07 GB tm      2.88us/  3328.72ms (    410 GFLOPS  279|324    GB/s) 
*** NV       843 r_toks_256_16_3_16_4_2_2_16_5dbb3c5e33bf34384bb05e6ea83ea148a2f6abf3cf6ffae7d2866b5a0ef18a8e arg  3 mem  19.07 GB tm   3879.33us/  3332.60ms (   3982 GFLOPS    8|764    GB/s) 
*** NV       844 r_toks_256_16_3_16_4_2_2_16_ede295e2782449231e573fd6149a12cfbd69e61f08c807d8fd5d9996a018ad45 arg  4 mem  19.07 GB tm   3891.26us/  3336.49ms (   3969 GFLOPS    8|761    GB/s) 
*** NV       845 r_toks_64_16_4_48_4_2_4_8_1d91ff8b75344556e189fdaa8922f739be4c13617461342d7bdd2951c50626f5 arg  4 mem  19.07 GB tm   4168.80us/  3340.66ms (   3704 GFLOPS    7|646    GB/s) 
*** NV       846 E_toks_64_16_4_69472d2d47c56b2dc08e2f6244ad50dc409c1a7181a40501164c537a6cedf544 arg  2 mem  19.07 GB tm      2.75us/  3340.66ms (      0 GFLOPS  381|381    GB/s) 
*** NV       847 E_toks_64_16_4_69472d2d47c56b2dc08e2f6244ad50dc409c1a7181a40501164c537a6cedf544 arg  2 mem  19.07 GB tm      3.23us/  3340.67ms (      0 GFLOPS  324|324    GB/s) 
*** NV       848 E_toks_64_16_4_69472d2d47c56b2dc08e2f6244ad50dc409c1a7181a40501164c537a6cedf544 arg  2 mem  19.07 GB tm      2.30us/  3340.67ms (      0 GFLOPS  455|455    GB/s) 
*** NV       849 r_toks_16_256_9bea51c90e96722f78afa38994560b91a5209493ca06e07a50eb2d877dcfb23d arg  2 mem  19.07 GB tm      4.13us/  3340.67ms (     66 GFLOPS  127|136    GB/s) 
*** NV       850 E_toks_64_16_4_06fd47e9c650e24766c11b129f655c7f35f0220eaa139d5cb9cbb692730058e3 arg  4 mem  19.07 GB tm      2.66us/  3340.68ms (    444 GFLOPS  302|352    GB/s) 
*** NV       851 r_4_toks_2_8_16_4_16_4_2_4_8_468c6ffa9fd89f3e7da451536d93097a9b7f72c6c3b8d291f928e71eed611826 arg  3 mem  19.07 GB tm   1921.06us/  3342.60ms (   2679 GFLOPS    5|468    GB/s) 
*** NV       852 r_8_toks_128_16_4_2_32_c4938a4b566be128a7529ef0804c1b993f7b0c3b1f559803a933f15896b5c82d arg  3 mem  19.07 GB tm    357.34us/  3342.95ms (   3624 GFLOPS    8|1291   GB/s) 
*** NV       853 r_2_toks_8_4_4_16_1a6f7f1a8298a3a32e1ae4103d0c091d4bf33cb345fc242f46181ce9332a9373 arg  2 mem  19.07 GB tm      2.21us/  3342.96ms (    163 GFLOPS  239|386    GB/s) 
*** NV       854 r_8_toks_16_8_59efef99d29f071000ea271bdbae8212b9a4c3036c2074b5cfe2f8af08763763 arg  2 mem  19.07 GB tm      2.08us/  3342.96ms (     71 GFLOPS   64|205    GB/s) 
*** NV       855 E_toks_2_8_16_4_4_a0ef7a77c507d336b6f8775adcf32510df2abc21793ab36da3293122f95b5801 arg  4 mem  19.07 GB tm      2.37us/  3342.96ms (    208 GFLOPS  334|388    GB/s) 
*** NV       856 E_toks_8_2_16_4_ff73096c0717113530e1af4ef8150376846600e51fb5cd7409378f38ff2e6ea6 arg  4 mem  19.07 GB tm      1.98us/  3342.96ms (     62 GFLOPS  100|165    GB/s) 
*** NV       857 r_2_8_toks_128_16_2_2_2_32_0c1c7e46169e63cd5facbf3871438ca9666529e366bfdab373ff24c18ad4a836 arg  5 mem  19.08 GB tm    887.46us/  3343.85ms (   1689 GFLOPS    7|816    GB/s) 
*** NV       858 r_32_toks_(start_pos+toks)_16_8_6053e42efb4d55a1ca58ae6e1236b570b94078e8ff69ad3ded3a02dca902f678 arg  5 mem  19.08 GB tm     17.47us/  3343.87ms (   3181 GFLOPS  340|8462   GB/s) 
*** NV       859 r_toks_8_4_(start_pos+toks)_26e8871fb02d1436fe40ca4dcfa2b334d7cdd63fc4d2ebf770557834fb3cc4b5 arg  2 mem  19.08 GB tm      3.62us/  3343.87ms (     18 GFLOPS   37|37     GB/s) 
*** NV       860 r_toks_8_4_(start_pos+toks)_ea6cf34ee39e812f3859bf1fd519cf8df686204db37f0fa60c182106d3c00aff arg  3 mem  19.08 GB tm      3.46us/  3343.88ms (     38 GFLOPS   40|40     GB/s) 
*** NV       861 E_toks_(start_pos+toks)_8_4_84acb9c6f744a2bf14b0906425723a78b570c356c452c6ecc7bf969560042ffd arg  4 mem  19.08 GB tm      3.30us/  3343.88ms (     50 GFLOPS   82|159    GB/s) 
*** NV       862 r_4_toks_2_8_16_4_(start_pos+toks)_cb8f75d3bda69b78fcf94ab8c736a75da3feb4e84706aa0b091e463c1ffacabd arg  3 mem  19.08 GB tm      3.81us/  3343.88ms (   2203 GFLOPS 1823|3442   GB/s) 
*** NV       863 r_toks_64_16_4_16_2_2_2_4_8_f2d21044fc43f050118addd8d06843c08549a51ff71db6e79bfafef2707541e4 arg  4 mem  19.08 GB tm   1436.38us/  3345.32ms (   3584 GFLOPS    8|813    GB/s) 
*** NV       864 r_toks_16_256_9bea51c90e96722f78afa38994560b91a5209493ca06e07a50eb2d877dcfb23d arg  2 mem  19.08 GB tm      4.13us/  3345.32ms (     66 GFLOPS  127|136    GB/s) 
*** NV       865 E_toks_64_16_4_06fd47e9c650e24766c11b129f655c7f35f0220eaa139d5cb9cbb692730058e3 arg  4 mem  19.08 GB tm      2.85us/  3345.33ms (    414 GFLOPS  282|328    GB/s) 
*** NV       866 r_toks_256_16_3_16_4_2_2_16_5dbb3c5e33bf34384bb05e6ea83ea148a2f6abf3cf6ffae7d2866b5a0ef18a8e arg  3 mem  19.08 GB tm   3881.06us/  3349.21ms (   3980 GFLOPS    8|763    GB/s) 
*** NV       867 r_toks_256_16_3_16_4_2_2_16_ede295e2782449231e573fd6149a12cfbd69e61f08c807d8fd5d9996a018ad45 arg  4 mem  19.08 GB tm   3889.38us/  3353.10ms (   3971 GFLOPS    8|762    GB/s) 
*** NV       868 r_toks_64_16_4_48_2_2_2_4_8_e5cdf9cc2fc4cf071d0b0ce080aedfa02f4cad80a3b0669ecb79cc14a2bf6065 arg  4 mem  19.08 GB tm   8778.14us/  3361.87ms (   2021 GFLOPS    5|483    GB/s) 
*** NV       869 E_toks_64_16_4_69472d2d47c56b2dc08e2f6244ad50dc409c1a7181a40501164c537a6cedf544 arg  2 mem  19.08 GB tm      3.23us/  3361.88ms (      0 GFLOPS  324|324    GB/s) 
*** NV       870 E_toks_64_16_4_69472d2d47c56b2dc08e2f6244ad50dc409c1a7181a40501164c537a6cedf544 arg  2 mem  19.08 GB tm      2.27us/  3361.88ms (      0 GFLOPS  462|462    GB/s) 
*** NV       871 E_toks_64_16_4_69472d2d47c56b2dc08e2f6244ad50dc409c1a7181a40501164c537a6cedf544 arg  2 mem  19.08 GB tm      2.40us/  3361.88ms (      0 GFLOPS  437|437    GB/s) 
*** NV       872 r_toks_16_256_9bea51c90e96722f78afa38994560b91a5209493ca06e07a50eb2d877dcfb23d arg  2 mem  19.08 GB tm      4.48us/  3361.89ms (     61 GFLOPS  117|125    GB/s) 
*** NV       873 E_toks_64_16_4_06fd47e9c650e24766c11b129f655c7f35f0220eaa139d5cb9cbb692730058e3 arg  4 mem  19.08 GB tm      2.78us/  3361.89ms (    424 GFLOPS  288|335    GB/s) 
*** NV       874 r_4_toks_2_8_16_4_16_4_2_4_8_468c6ffa9fd89f3e7da451536d93097a9b7f72c6c3b8d291f928e71eed611826 arg  3 mem  19.08 GB tm   1925.02us/  3363.81ms (   2674 GFLOPS    5|467    GB/s) 
*** NV       875 r_8_toks_128_16_4_2_32_c4938a4b566be128a7529ef0804c1b993f7b0c3b1f559803a933f15896b5c82d arg  3 mem  19.08 GB tm    357.06us/  3364.17ms (   3627 GFLOPS    8|1292   GB/s) 
*** NV       876 r_2_toks_8_4_4_16_1a6f7f1a8298a3a32e1ae4103d0c091d4bf33cb345fc242f46181ce9332a9373 arg  2 mem  19.08 GB tm      2.11us/  3364.17ms (    171 GFLOPS  250|403    GB/s) 
*** NV       877 r_8_toks_16_8_59efef99d29f071000ea271bdbae8212b9a4c3036c2074b5cfe2f8af08763763 arg  2 mem  19.08 GB tm      2.11us/  3364.18ms (     70 GFLOPS   63|202    GB/s) 
*** NV       878 E_toks_2_8_16_4_4_a0ef7a77c507d336b6f8775adcf32510df2abc21793ab36da3293122f95b5801 arg  4 mem  19.08 GB tm      2.21us/  3364.18ms (    223 GFLOPS  358|416    GB/s) 
*** NV       879 E_toks_8_2_16_4_ff73096c0717113530e1af4ef8150376846600e51fb5cd7409378f38ff2e6ea6 arg  4 mem  19.08 GB tm      2.14us/  3364.18ms (     57 GFLOPS   92|153    GB/s) 
*** NV       880 r_2_8_toks_128_16_4_2_32_989a27f8c622e7073edc603c917ee557c3951251e7a1b3adb98f0e92019a8317 arg  5 mem  19.08 GB tm    706.40us/  3364.89ms (   1851 GFLOPS    7|677    GB/s) 
*** NV       881 r_32_toks_(start_pos+toks)_16_8_6053e42efb4d55a1ca58ae6e1236b570b94078e8ff69ad3ded3a02dca902f678 arg  5 mem  19.08 GB tm     17.76us/  3364.90ms (   3129 GFLOPS  335|8325   GB/s) 
*** NV       882 r_toks_8_4_(start_pos+toks)_26e8871fb02d1436fe40ca4dcfa2b334d7cdd63fc4d2ebf770557834fb3cc4b5 arg  2 mem  19.08 GB tm      3.81us/  3364.91ms (     17 GFLOPS   35|35     GB/s) 
*** NV       883 r_toks_8_4_(start_pos+toks)_ea6cf34ee39e812f3859bf1fd519cf8df686204db37f0fa60c182106d3c00aff arg  3 mem  19.08 GB tm      3.39us/  3364.91ms (     39 GFLOPS   41|41     GB/s) 
*** NV       884 E_toks_(start_pos+toks)_8_4_84acb9c6f744a2bf14b0906425723a78b570c356c452c6ecc7bf969560042ffd arg  4 mem  19.08 GB tm      3.23us/  3364.91ms (     51 GFLOPS   84|162    GB/s) 
*** NV       885 r_4_toks_2_8_16_4_(start_pos+toks)_cb8f75d3bda69b78fcf94ab8c736a75da3feb4e84706aa0b091e463c1ffacabd arg  3 mem  19.08 GB tm      4.10us/  3364.92ms (   2048 GFLOPS 1695|3200   GB/s) 
*** NV       886 r_toks_64_16_4_16_2_2_2_4_8_f2d21044fc43f050118addd8d06843c08549a51ff71db6e79bfafef2707541e4 arg  4 mem  19.08 GB tm   1465.38us/  3366.38ms (   3513 GFLOPS    8|796    GB/s) 
*** NV       887 r_toks_16_256_9bea51c90e96722f78afa38994560b91a5209493ca06e07a50eb2d877dcfb23d arg  2 mem  19.08 GB tm      4.13us/  3366.39ms (     66 GFLOPS  127|136    GB/s) 
*** NV       888 E_toks_64_16_4_06fd47e9c650e24766c11b129f655c7f35f0220eaa139d5cb9cbb692730058e3 arg  4 mem  19.08 GB tm      2.85us/  3366.39ms (    414 GFLOPS  282|328    GB/s) 
*** NV       889 r_toks_256_16_3_16_4_2_2_16_5dbb3c5e33bf34384bb05e6ea83ea148a2f6abf3cf6ffae7d2866b5a0ef18a8e arg  3 mem  19.08 GB tm   3875.14us/  3370.27ms (   3986 GFLOPS    8|764    GB/s) 
*** NV       890 r_toks_256_16_3_16_4_2_2_16_ede295e2782449231e573fd6149a12cfbd69e61f08c807d8fd5d9996a018ad45 arg  4 mem  19.08 GB tm   3889.54us/  3374.16ms (   3971 GFLOPS    8|762    GB/s) 
*** NV       891 r_toks_64_16_4_48_4_2_4_8_1d91ff8b75344556e189fdaa8922f739be4c13617461342d7bdd2951c50626f5 arg  4 mem  19.08 GB tm   4180.99us/  3378.34ms (   3693 GFLOPS    7|644    GB/s) 
*** NV       892 E_toks_64_16_4_69472d2d47c56b2dc08e2f6244ad50dc409c1a7181a40501164c537a6cedf544 arg  2 mem  19.08 GB tm      2.75us/  3378.34ms (      0 GFLOPS  381|381    GB/s) 
*** NV       893 E_toks_64_16_4_69472d2d47c56b2dc08e2f6244ad50dc409c1a7181a40501164c537a6cedf544 arg  2 mem  19.08 GB tm      2.46us/  3378.34ms (      0 GFLOPS  426|426    GB/s) 
*** NV       894 E_toks_64_16_4_69472d2d47c56b2dc08e2f6244ad50dc409c1a7181a40501164c537a6cedf544 arg  2 mem  19.08 GB tm      2.30us/  3378.34ms (      0 GFLOPS  455|455    GB/s) 
*** NV       895 r_toks_16_256_9bea51c90e96722f78afa38994560b91a5209493ca06e07a50eb2d877dcfb23d arg  2 mem  19.08 GB tm      4.03us/  3378.35ms (     68 GFLOPS  130|139    GB/s) 
*** NV       896 E_toks_64_16_4_06fd47e9c650e24766c11b129f655c7f35f0220eaa139d5cb9cbb692730058e3 arg  4 mem  19.08 GB tm      2.69us/  3378.35ms (    439 GFLOPS  299|347    GB/s) 
*** NV       897 r_4_toks_2_8_16_4_16_4_2_4_8_468c6ffa9fd89f3e7da451536d93097a9b7f72c6c3b8d291f928e71eed611826 arg  3 mem  19.08 GB tm   1876.51us/  3380.23ms (   2743 GFLOPS    5|479    GB/s) 
*** NV       898 r_8_toks_128_16_4_2_32_c4938a4b566be128a7529ef0804c1b993f7b0c3b1f559803a933f15896b5c82d arg  3 mem  19.08 GB tm    357.22us/  3380.58ms (   3625 GFLOPS    8|1292   GB/s) 
*** NV       899 r_2_toks_8_4_4_16_1a6f7f1a8298a3a32e1ae4103d0c091d4bf33cb345fc242f46181ce9332a9373 arg  2 mem  19.08 GB tm      2.18us/  3380.59ms (    166 GFLOPS  243|392    GB/s) 
*** NV       900 r_8_toks_16_8_59efef99d29f071000ea271bdbae8212b9a4c3036c2074b5cfe2f8af08763763 arg  2 mem  19.08 GB tm      2.11us/  3380.59ms (     70 GFLOPS   63|202    GB/s) 
*** NV       901 E_toks_2_8_16_4_4_a0ef7a77c507d336b6f8775adcf32510df2abc21793ab36da3293122f95b5801 arg  4 mem  19.08 GB tm      2.18us/  3380.59ms (    226 GFLOPS  364|422    GB/s) 
*** NV       902 E_toks_8_2_16_4_ff73096c0717113530e1af4ef8150376846600e51fb5cd7409378f38ff2e6ea6 arg  4 mem  19.08 GB tm      1.98us/  3380.59ms (     62 GFLOPS  100|165    GB/s) 
*** NV       903 r_2_8_toks_128_16_4_2_32_989a27f8c622e7073edc603c917ee557c3951251e7a1b3adb98f0e92019a8317 arg  5 mem  19.09 GB tm    706.98us/  3381.30ms (   1850 GFLOPS    7|676    GB/s) 
*** NV       904 r_32_toks_(start_pos+toks)_16_8_6053e42efb4d55a1ca58ae6e1236b570b94078e8ff69ad3ded3a02dca902f678 arg  5 mem  19.09 GB tm     17.82us/  3381.32ms (   3118 GFLOPS  334|8295   GB/s) 
*** NV       905 r_toks_8_4_(start_pos+toks)_26e8871fb02d1436fe40ca4dcfa2b334d7cdd63fc4d2ebf770557834fb3cc4b5 arg  2 mem  19.09 GB tm      3.81us/  3381.32ms (     17 GFLOPS   35|35     GB/s) 
*** NV       906 r_toks_8_4_(start_pos+toks)_ea6cf34ee39e812f3859bf1fd519cf8df686204db37f0fa60c182106d3c00aff arg  3 mem  19.09 GB tm      3.52us/  3381.33ms (     37 GFLOPS   40|40     GB/s) 
*** NV       907 E_toks_(start_pos+toks)_8_4_84acb9c6f744a2bf14b0906425723a78b570c356c452c6ecc7bf969560042ffd arg  4 mem  19.09 GB tm      3.26us/  3381.33ms (     50 GFLOPS   83|161    GB/s) 
*** NV       908 r_4_toks_2_8_16_4_(start_pos+toks)_cb8f75d3bda69b78fcf94ab8c736a75da3feb4e84706aa0b091e463c1ffacabd arg  3 mem  19.09 GB tm      3.87us/  3381.33ms (   2166 GFLOPS 1793|3385   GB/s) 
*** NV       909 r_toks_64_16_4_16_2_2_2_4_8_f2d21044fc43f050118addd8d06843c08549a51ff71db6e79bfafef2707541e4 arg  4 mem  19.09 GB tm   1456.61us/  3382.79ms (   3534 GFLOPS    8|801    GB/s) 
*** NV       910 r_toks_16_256_9bea51c90e96722f78afa38994560b91a5209493ca06e07a50eb2d877dcfb23d arg  2 mem  19.09 GB tm      4.29us/  3382.79ms (     64 GFLOPS  122|131    GB/s) 
*** NV       911 E_toks_64_16_4_06fd47e9c650e24766c11b129f655c7f35f0220eaa139d5cb9cbb692730058e3 arg  4 mem  19.09 GB tm      2.85us/  3382.80ms (    414 GFLOPS  282|328    GB/s) 
*** NV       912 r_toks_256_16_3_16_4_2_2_16_5dbb3c5e33bf34384bb05e6ea83ea148a2f6abf3cf6ffae7d2866b5a0ef18a8e arg  3 mem  19.09 GB tm   3878.27us/  3386.67ms (   3983 GFLOPS    8|764    GB/s) 
*** NV       913 r_toks_256_16_3_16_4_2_2_16_ede295e2782449231e573fd6149a12cfbd69e61f08c807d8fd5d9996a018ad45 arg  4 mem  19.09 GB tm   3901.63us/  3390.58ms (   3959 GFLOPS    8|759    GB/s) 
*** NV       914 r_toks_64_16_4_48_4_2_4_8_1d91ff8b75344556e189fdaa8922f739be4c13617461342d7bdd2951c50626f5 arg  4 mem  19.09 GB tm   4183.81us/  3394.76ms (   3690 GFLOPS    7|644    GB/s) 
*** NV       915 E_toks_64_16_4_69472d2d47c56b2dc08e2f6244ad50dc409c1a7181a40501164c537a6cedf544 arg  2 mem  19.09 GB tm      2.85us/  3394.76ms (      0 GFLOPS  368|368    GB/s) 
*** NV       916 E_toks_64_16_4_69472d2d47c56b2dc08e2f6244ad50dc409c1a7181a40501164c537a6cedf544 arg  2 mem  19.09 GB tm      2.30us/  3394.77ms (      0 GFLOPS  455|455    GB/s) 
*** NV       917 E_toks_64_16_4_69472d2d47c56b2dc08e2f6244ad50dc409c1a7181a40501164c537a6cedf544 arg  2 mem  19.09 GB tm      3.30us/  3394.77ms (      0 GFLOPS  318|318    GB/s) 
*** NV       918 r_toks_16_256_9bea51c90e96722f78afa38994560b91a5209493ca06e07a50eb2d877dcfb23d arg  2 mem  19.09 GB tm      4.13us/  3394.77ms (     66 GFLOPS  127|136    GB/s) 
*** NV       919 E_toks_64_16_4_06fd47e9c650e24766c11b129f655c7f35f0220eaa139d5cb9cbb692730058e3 arg  4 mem  19.09 GB tm      2.69us/  3394.78ms (    439 GFLOPS  299|347    GB/s) 
*** NV       920 r_4_toks_2_8_16_4_16_4_2_4_8_468c6ffa9fd89f3e7da451536d93097a9b7f72c6c3b8d291f928e71eed611826 arg  3 mem  19.09 GB tm   1916.10us/  3396.69ms (   2686 GFLOPS    5|469    GB/s) 
*** NV       921 r_8_toks_128_16_4_2_32_c4938a4b566be128a7529ef0804c1b993f7b0c3b1f559803a933f15896b5c82d arg  3 mem  19.09 GB tm    357.02us/  3397.05ms (   3627 GFLOPS    8|1292   GB/s) 
*** NV       922 r_2_toks_8_4_4_16_1a6f7f1a8298a3a32e1ae4103d0c091d4bf33cb345fc242f46181ce9332a9373 arg  2 mem  19.09 GB tm      2.24us/  3397.05ms (    161 GFLOPS  236|380    GB/s) 
*** NV       923 r_8_toks_16_8_59efef99d29f071000ea271bdbae8212b9a4c3036c2074b5cfe2f8af08763763 arg  2 mem  19.09 GB tm      2.14us/  3397.05ms (     69 GFLOPS   62|199    GB/s) 
*** NV       924 E_toks_2_8_16_4_4_a0ef7a77c507d336b6f8775adcf32510df2abc21793ab36da3293122f95b5801 arg  4 mem  19.09 GB tm      2.21us/  3397.05ms (    223 GFLOPS  358|416    GB/s) 
*** NV       925 E_toks_8_2_16_4_ff73096c0717113530e1af4ef8150376846600e51fb5cd7409378f38ff2e6ea6 arg  4 mem  19.09 GB tm      1.95us/  3397.06ms (     63 GFLOPS  102|168    GB/s) 
*** NV       926 r_2_8_toks_128_16_2_2_2_32_0c1c7e46169e63cd5facbf3871438ca9666529e366bfdab373ff24c18ad4a836 arg  5 mem  19.09 GB tm    888.00us/  3397.94ms (   1688 GFLOPS    7|816    GB/s) 
*** NV       927 r_32_toks_(start_pos+toks)_16_8_6053e42efb4d55a1ca58ae6e1236b570b94078e8ff69ad3ded3a02dca902f678 arg  5 mem  19.09 GB tm     17.44us/  3397.96ms (   3187 GFLOPS  341|8478   GB/s) 
*** NV       928 r_toks_8_4_(start_pos+toks)_26e8871fb02d1436fe40ca4dcfa2b334d7cdd63fc4d2ebf770557834fb3cc4b5 arg  2 mem  19.09 GB tm      3.65us/  3397.97ms (     18 GFLOPS   37|37     GB/s) 
*** NV       929 r_toks_8_4_(start_pos+toks)_ea6cf34ee39e812f3859bf1fd519cf8df686204db37f0fa60c182106d3c00aff arg  3 mem  19.09 GB tm      3.46us/  3397.97ms (     38 GFLOPS   40|40     GB/s) 
*** NV       930 E_toks_(start_pos+toks)_8_4_84acb9c6f744a2bf14b0906425723a78b570c356c452c6ecc7bf969560042ffd arg  4 mem  19.09 GB tm      3.30us/  3397.97ms (     50 GFLOPS   82|159    GB/s) 
*** NV       931 r_4_toks_2_8_16_4_(start_pos+toks)_cb8f75d3bda69b78fcf94ab8c736a75da3feb4e84706aa0b091e463c1ffacabd arg  3 mem  19.09 GB tm      4.06us/  3397.98ms (   2064 GFLOPS 1708|3225   GB/s) 
*** NV       932 r_toks_64_16_4_16_2_2_2_4_8_f2d21044fc43f050118addd8d06843c08549a51ff71db6e79bfafef2707541e4 arg  4 mem  19.09 GB tm   1536.54us/  3399.51ms (   3350 GFLOPS    7|760    GB/s) 
*** NV       933 r_toks_16_256_9bea51c90e96722f78afa38994560b91a5209493ca06e07a50eb2d877dcfb23d arg  2 mem  19.09 GB tm      4.19us/  3399.52ms (     65 GFLOPS  125|134    GB/s) 
*** NV       934 E_toks_64_16_4_06fd47e9c650e24766c11b129f655c7f35f0220eaa139d5cb9cbb692730058e3 arg  4 mem  19.09 GB tm      2.88us/  3399.52ms (    410 GFLOPS  279|324    GB/s) 
*** NV       935 r_toks_256_16_3_16_4_2_2_16_5dbb3c5e33bf34384bb05e6ea83ea148a2f6abf3cf6ffae7d2866b5a0ef18a8e arg  3 mem  19.09 GB tm   3877.66us/  3403.40ms (   3984 GFLOPS    8|764    GB/s) 
*** NV       936 r_toks_256_16_3_16_4_2_2_16_ede295e2782449231e573fd6149a12cfbd69e61f08c807d8fd5d9996a018ad45 arg  4 mem  19.09 GB tm   3894.91us/  3407.29ms (   3966 GFLOPS    8|761    GB/s) 
*** NV       937 r_toks_64_16_4_48_2_2_2_4_8_e5cdf9cc2fc4cf071d0b0ce080aedfa02f4cad80a3b0669ecb79cc14a2bf6065 arg  4 mem  19.09 GB tm   8788.13us/  3416.08ms (   2018 GFLOPS    5|483    GB/s) 
*** NV       938 E_toks_64_16_4_69472d2d47c56b2dc08e2f6244ad50dc409c1a7181a40501164c537a6cedf544 arg  2 mem  19.09 GB tm      2.72us/  3416.08ms (      0 GFLOPS  386|386    GB/s) 
*** NV       939 E_toks_64_16_4_69472d2d47c56b2dc08e2f6244ad50dc409c1a7181a40501164c537a6cedf544 arg  2 mem  19.09 GB tm      3.17us/  3416.09ms (      0 GFLOPS  331|331    GB/s) 
*** NV       940 E_toks_64_16_4_69472d2d47c56b2dc08e2f6244ad50dc409c1a7181a40501164c537a6cedf544 arg  2 mem  19.09 GB tm      2.30us/  3416.09ms (      0 GFLOPS  455|455    GB/s) 
*** NV       941 r_toks_16_256_9bea51c90e96722f78afa38994560b91a5209493ca06e07a50eb2d877dcfb23d arg  2 mem  19.09 GB tm      4.51us/  3416.09ms (     60 GFLOPS  116|124    GB/s) 
*** NV       942 E_toks_64_16_4_06fd47e9c650e24766c11b129f655c7f35f0220eaa139d5cb9cbb692730058e3 arg  4 mem  19.09 GB tm      2.82us/  3416.10ms (    419 GFLOPS  285|332    GB/s) 
*** NV       943 r_4_toks_2_8_16_4_16_4_2_4_8_468c6ffa9fd89f3e7da451536d93097a9b7f72c6c3b8d291f928e71eed611826 arg  3 mem  19.09 GB tm   1920.86us/  3418.02ms (   2680 GFLOPS    5|468    GB/s) 
*** NV       944 r_8_toks_128_16_4_2_32_c4938a4b566be128a7529ef0804c1b993f7b0c3b1f559803a933f15896b5c82d arg  3 mem  19.09 GB tm    357.12us/  3418.37ms (   3626 GFLOPS    8|1292   GB/s) 
*** NV       945 r_2_toks_8_4_4_16_1a6f7f1a8298a3a32e1ae4103d0c091d4bf33cb345fc242f46181ce9332a9373 arg  2 mem  19.09 GB tm      2.14us/  3418.38ms (    168 GFLOPS  246|397    GB/s) 
*** NV       946 r_8_toks_16_8_59efef99d29f071000ea271bdbae8212b9a4c3036c2074b5cfe2f8af08763763 arg  2 mem  19.09 GB tm      2.11us/  3418.38ms (     70 GFLOPS   63|202    GB/s) 
*** NV       947 E_toks_2_8_16_4_4_a0ef7a77c507d336b6f8775adcf32510df2abc21793ab36da3293122f95b5801 arg  4 mem  19.09 GB tm      2.14us/  3418.38ms (    229 GFLOPS  369|428    GB/s) 
*** NV       948 E_toks_8_2_16_4_ff73096c0717113530e1af4ef8150376846600e51fb5cd7409378f38ff2e6ea6 arg  4 mem  19.09 GB tm      1.95us/  3418.38ms (     63 GFLOPS  102|168    GB/s) 
*** NV       949 r_2_8_toks_128_16_4_2_32_989a27f8c622e7073edc603c917ee557c3951251e7a1b3adb98f0e92019a8317 arg  5 mem  19.10 GB tm    706.75us/  3419.09ms (   1850 GFLOPS    7|677    GB/s) 
*** NV       950 r_32_toks_(start_pos+toks)_16_8_6053e42efb4d55a1ca58ae6e1236b570b94078e8ff69ad3ded3a02dca902f678 arg  5 mem  19.10 GB tm     17.92us/  3419.11ms (   3101 GFLOPS  332|8251   GB/s) 
*** NV       951 r_toks_8_4_(start_pos+toks)_26e8871fb02d1436fe40ca4dcfa2b334d7cdd63fc4d2ebf770557834fb3cc4b5 arg  2 mem  19.10 GB tm      3.62us/  3419.11ms (     18 GFLOPS   37|37     GB/s) 
*** NV       952 r_toks_8_4_(start_pos+toks)_ea6cf34ee39e812f3859bf1fd519cf8df686204db37f0fa60c182106d3c00aff arg  3 mem  19.10 GB tm      3.49us/  3419.11ms (     38 GFLOPS   40|40     GB/s) 
*** NV       953 E_toks_(start_pos+toks)_8_4_84acb9c6f744a2bf14b0906425723a78b570c356c452c6ecc7bf969560042ffd arg  4 mem  19.10 GB tm      3.23us/  3419.12ms (     51 GFLOPS   84|162    GB/s) 
*** NV       954 r_4_toks_2_8_16_4_(start_pos+toks)_cb8f75d3bda69b78fcf94ab8c736a75da3feb4e84706aa0b091e463c1ffacabd arg  3 mem  19.10 GB tm      4.10us/  3419.12ms (   2048 GFLOPS 1695|3200   GB/s) 
*** NV       955 r_toks_64_16_4_16_2_2_2_4_8_f2d21044fc43f050118addd8d06843c08549a51ff71db6e79bfafef2707541e4 arg  4 mem  19.10 GB tm   1405.63us/  3420.53ms (   3662 GFLOPS    8|830    GB/s) 
*** NV       956 r_toks_16_256_9bea51c90e96722f78afa38994560b91a5209493ca06e07a50eb2d877dcfb23d arg  2 mem  19.10 GB tm      4.13us/  3420.53ms (     66 GFLOPS  127|136    GB/s) 
*** NV       957 E_toks_64_16_4_06fd47e9c650e24766c11b129f655c7f35f0220eaa139d5cb9cbb692730058e3 arg  4 mem  19.10 GB tm      2.88us/  3420.53ms (    410 GFLOPS  279|324    GB/s) 
*** NV       958 r_toks_256_16_3_16_4_2_2_16_5dbb3c5e33bf34384bb05e6ea83ea148a2f6abf3cf6ffae7d2866b5a0ef18a8e arg  3 mem  19.10 GB tm   3879.14us/  3424.41ms (   3982 GFLOPS    8|764    GB/s) 
*** NV       959 r_toks_256_16_3_16_4_2_2_16_ede295e2782449231e573fd6149a12cfbd69e61f08c807d8fd5d9996a018ad45 arg  4 mem  19.10 GB tm   3890.94us/  3428.30ms (   3970 GFLOPS    8|761    GB/s) 
*** NV       960 r_toks_64_16_4_48_4_2_4_8_1d91ff8b75344556e189fdaa8922f739be4c13617461342d7bdd2951c50626f5 arg  4 mem  19.10 GB tm   4171.74us/  3432.48ms (   3701 GFLOPS    7|646    GB/s) 
*** NV       961 E_toks_64_16_4_69472d2d47c56b2dc08e2f6244ad50dc409c1a7181a40501164c537a6cedf544 arg  2 mem  19.10 GB tm      3.20us/  3432.48ms (      0 GFLOPS  328|328    GB/s) 
*** NV       962 E_toks_64_16_4_69472d2d47c56b2dc08e2f6244ad50dc409c1a7181a40501164c537a6cedf544 arg  2 mem  19.10 GB tm      2.34us/  3432.48ms (      0 GFLOPS  449|449    GB/s) 
*** NV       963 E_toks_64_16_4_69472d2d47c56b2dc08e2f6244ad50dc409c1a7181a40501164c537a6cedf544 arg  2 mem  19.10 GB tm      2.50us/  3432.48ms (      0 GFLOPS  420|420    GB/s) 
*** NV       964 r_toks_16_256_9bea51c90e96722f78afa38994560b91a5209493ca06e07a50eb2d877dcfb23d arg  2 mem  19.10 GB tm      4.10us/  3432.49ms (     66 GFLOPS  128|137    GB/s) 
*** NV       965 E_toks_64_16_4_06fd47e9c650e24766c11b129f655c7f35f0220eaa139d5cb9cbb692730058e3 arg  4 mem  19.10 GB tm      2.69us/  3432.49ms (    439 GFLOPS  299|347    GB/s) 
*** NV       966 r_4_toks_2_8_16_4_16_4_2_4_8_468c6ffa9fd89f3e7da451536d93097a9b7f72c6c3b8d291f928e71eed611826 arg  3 mem  19.10 GB tm   1901.06us/  3434.39ms (   2708 GFLOPS    5|472    GB/s) 
*** NV       967 r_8_toks_128_16_4_2_32_c4938a4b566be128a7529ef0804c1b993f7b0c3b1f559803a933f15896b5c82d arg  3 mem  19.10 GB tm    357.12us/  3434.75ms (   3626 GFLOPS    8|1292   GB/s) 
*** NV       968 r_2_toks_8_4_4_16_1a6f7f1a8298a3a32e1ae4103d0c091d4bf33cb345fc242f46181ce9332a9373 arg  2 mem  19.10 GB tm      2.14us/  3434.75ms (    168 GFLOPS  246|397    GB/s) 
*** NV       969 r_8_toks_16_8_59efef99d29f071000ea271bdbae8212b9a4c3036c2074b5cfe2f8af08763763 arg  2 mem  19.10 GB tm      2.18us/  3434.75ms (     68 GFLOPS   61|196    GB/s) 
*** NV       970 E_toks_2_8_16_4_4_a0ef7a77c507d336b6f8775adcf32510df2abc21793ab36da3293122f95b5801 arg  4 mem  19.10 GB tm      2.18us/  3434.76ms (    226 GFLOPS  364|422    GB/s) 
*** NV       971 E_toks_8_2_16_4_ff73096c0717113530e1af4ef8150376846600e51fb5cd7409378f38ff2e6ea6 arg  4 mem  19.10 GB tm      1.95us/  3434.76ms (     63 GFLOPS  102|168    GB/s) 
*** NV       972 r_2_8_toks_128_16_4_2_32_989a27f8c622e7073edc603c917ee557c3951251e7a1b3adb98f0e92019a8317 arg  5 mem  19.10 GB tm    706.62us/  3435.46ms (   1850 GFLOPS    7|677    GB/s) 
*** NV       973 r_32_toks_(start_pos+toks)_16_8_6053e42efb4d55a1ca58ae6e1236b570b94078e8ff69ad3ded3a02dca902f678 arg  5 mem  19.10 GB tm     17.79us/  3435.48ms (   3124 GFLOPS  334|8310   GB/s) 
*** NV       974 r_toks_8_4_(start_pos+toks)_26e8871fb02d1436fe40ca4dcfa2b334d7cdd63fc4d2ebf770557834fb3cc4b5 arg  2 mem  19.10 GB tm      3.68us/  3435.49ms (     18 GFLOPS   37|37     GB/s) 
*** NV       975 r_toks_8_4_(start_pos+toks)_ea6cf34ee39e812f3859bf1fd519cf8df686204db37f0fa60c182106d3c00aff arg  3 mem  19.10 GB tm      3.42us/  3435.49ms (     38 GFLOPS   41|41     GB/s) 
*** NV       976 E_toks_(start_pos+toks)_8_4_84acb9c6f744a2bf14b0906425723a78b570c356c452c6ecc7bf969560042ffd arg  4 mem  19.10 GB tm      3.23us/  3435.49ms (     51 GFLOPS   84|162    GB/s) 
*** NV       977 r_4_toks_2_8_16_4_(start_pos+toks)_cb8f75d3bda69b78fcf94ab8c736a75da3feb4e84706aa0b091e463c1ffacabd arg  3 mem  19.10 GB tm      3.84us/  3435.50ms (   2185 GFLOPS 1808|3413   GB/s) 
*** NV       978 r_toks_64_16_4_16_2_2_2_4_8_f2d21044fc43f050118addd8d06843c08549a51ff71db6e79bfafef2707541e4 arg  4 mem  19.10 GB tm   1489.25us/  3436.99ms (   3456 GFLOPS    7|784    GB/s) 
*** NV       979 r_toks_16_256_9bea51c90e96722f78afa38994560b91a5209493ca06e07a50eb2d877dcfb23d arg  2 mem  19.10 GB tm      4.16us/  3436.99ms (     65 GFLOPS  126|135    GB/s) 
*** NV       980 E_toks_64_16_4_06fd47e9c650e24766c11b129f655c7f35f0220eaa139d5cb9cbb692730058e3 arg  4 mem  19.10 GB tm      2.94us/  3436.99ms (    401 GFLOPS  273|317    GB/s) 
*** NV       981 r_toks_256_16_3_16_4_2_2_16_5dbb3c5e33bf34384bb05e6ea83ea148a2f6abf3cf6ffae7d2866b5a0ef18a8e arg  3 mem  19.10 GB tm   3876.61us/  3440.87ms (   3985 GFLOPS    8|764    GB/s) 
*** NV       982 r_toks_256_16_3_16_4_2_2_16_ede295e2782449231e573fd6149a12cfbd69e61f08c807d8fd5d9996a018ad45 arg  4 mem  19.10 GB tm   3891.23us/  3444.76ms (   3969 GFLOPS    8|761    GB/s) 
*** NV       983 r_toks_64_16_4_48_4_2_4_8_1d91ff8b75344556e189fdaa8922f739be4c13617461342d7bdd2951c50626f5 arg  4 mem  19.10 GB tm   4178.21us/  3448.94ms (   3695 GFLOPS    7|645    GB/s) 
*** NV       984 E_toks_64_16_4_69472d2d47c56b2dc08e2f6244ad50dc409c1a7181a40501164c537a6cedf544 arg  2 mem  19.10 GB tm      2.78us/  3448.94ms (      0 GFLOPS  377|377    GB/s) 
*** NV       985 E_toks_64_16_4_69472d2d47c56b2dc08e2f6244ad50dc409c1a7181a40501164c537a6cedf544 arg  2 mem  19.10 GB tm      2.43us/  3448.94ms (      0 GFLOPS  431|431    GB/s) 
*** NV       986 E_toks_64_16_4_69472d2d47c56b2dc08e2f6244ad50dc409c1a7181a40501164c537a6cedf544 arg  2 mem  19.10 GB tm      2.24us/  3448.95ms (      0 GFLOPS  468|468    GB/s) 
*** NV       987 r_toks_16_256_9bea51c90e96722f78afa38994560b91a5209493ca06e07a50eb2d877dcfb23d arg  2 mem  19.10 GB tm      3.97us/  3448.95ms (     69 GFLOPS  132|141    GB/s) 
*** NV       988 E_toks_64_16_4_06fd47e9c650e24766c11b129f655c7f35f0220eaa139d5cb9cbb692730058e3 arg  4 mem  19.10 GB tm      2.62us/  3448.95ms (    450 GFLOPS  306|356    GB/s) 
*** NV       989 r_4_toks_2_8_16_4_16_4_2_4_8_468c6ffa9fd89f3e7da451536d93097a9b7f72c6c3b8d291f928e71eed611826 arg  3 mem  19.10 GB tm   1945.73us/  3450.90ms (   2645 GFLOPS    5|462    GB/s) 
*** NV       990 r_8_toks_128_16_4_2_32_c4938a4b566be128a7529ef0804c1b993f7b0c3b1f559803a933f15896b5c82d arg  3 mem  19.10 GB tm    357.41us/  3451.26ms (   3623 GFLOPS    8|1291   GB/s) 
*** NV       991 r_2_toks_8_4_4_16_1a6f7f1a8298a3a32e1ae4103d0c091d4bf33cb345fc242f46181ce9332a9373 arg  2 mem  19.10 GB tm      2.02us/  3451.26ms (    179 GFLOPS  262|423    GB/s) 
*** NV       992 r_8_toks_16_8_59efef99d29f071000ea271bdbae8212b9a4c3036c2074b5cfe2f8af08763763 arg  2 mem  19.10 GB tm      1.92us/  3451.26ms (     77 GFLOPS   69|222    GB/s) 
*** NV       993 E_toks_2_8_16_4_4_a0ef7a77c507d336b6f8775adcf32510df2abc21793ab36da3293122f95b5801 arg  4 mem  19.10 GB tm      2.40us/  3451.26ms (    205 GFLOPS  330|383    GB/s) 
*** NV       994 E_toks_8_2_16_4_ff73096c0717113530e1af4ef8150376846600e51fb5cd7409378f38ff2e6ea6 arg  4 mem  19.10 GB tm      1.89us/  3451.26ms (     65 GFLOPS  105|174    GB/s) 
*** NV       995 r_2_8_toks_128_16_2_2_2_32_0c1c7e46169e63cd5facbf3871438ca9666529e366bfdab373ff24c18ad4a836 arg  5 mem  19.10 GB tm    888.26us/  3452.15ms (   1688 GFLOPS    7|816    GB/s) 
*** NV       996 r_32_toks_(start_pos+toks)_16_8_6053e42efb4d55a1ca58ae6e1236b570b94078e8ff69ad3ded3a02dca902f678 arg  5 mem  19.10 GB tm     17.50us/  3452.17ms (   3175 GFLOPS  340|8447   GB/s) 
*** NV       997 r_toks_8_4_(start_pos+toks)_26e8871fb02d1436fe40ca4dcfa2b334d7cdd63fc4d2ebf770557834fb3cc4b5 arg  2 mem  19.10 GB tm      3.81us/  3452.17ms (     17 GFLOPS   35|35     GB/s) 
*** NV       998 r_toks_8_4_(start_pos+toks)_ea6cf34ee39e812f3859bf1fd519cf8df686204db37f0fa60c182106d3c00aff arg  3 mem  19.10 GB tm      3.42us/  3452.18ms (     38 GFLOPS   41|41     GB/s) 
*** NV       999 E_toks_(start_pos+toks)_8_4_84acb9c6f744a2bf14b0906425723a78b570c356c452c6ecc7bf969560042ffd arg  4 mem  19.10 GB tm      3.26us/  3452.18ms (     50 GFLOPS   83|161    GB/s) 
*** NV      1000 r_4_toks_2_8_16_4_(start_pos+toks)_cb8f75d3bda69b78fcf94ab8c736a75da3feb4e84706aa0b091e463c1ffacabd arg  3 mem  19.10 GB tm      4.10us/  3452.18ms (   2048 GFLOPS 1695|3200   GB/s) 
*** NV      1001 r_toks_64_16_4_16_2_2_2_4_8_f2d21044fc43f050118addd8d06843c08549a51ff71db6e79bfafef2707541e4 arg  4 mem  19.10 GB tm   1422.78us/  3453.61ms (   3618 GFLOPS    8|820    GB/s) 
*** NV      1002 r_toks_16_256_9bea51c90e96722f78afa38994560b91a5209493ca06e07a50eb2d877dcfb23d arg  2 mem  19.10 GB tm      4.32us/  3453.61ms (     63 GFLOPS  121|130    GB/s) 
*** NV      1003 E_toks_64_16_4_06fd47e9c650e24766c11b129f655c7f35f0220eaa139d5cb9cbb692730058e3 arg  4 mem  19.10 GB tm      2.88us/  3453.61ms (    410 GFLOPS  279|324    GB/s) 
*** NV      1004 r_toks_256_16_3_16_4_2_2_16_5dbb3c5e33bf34384bb05e6ea83ea148a2f6abf3cf6ffae7d2866b5a0ef18a8e arg  3 mem  19.10 GB tm   3877.54us/  3457.49ms (   3984 GFLOPS    8|764    GB/s) 
*** NV      1005 r_toks_256_16_3_16_4_2_2_16_ede295e2782449231e573fd6149a12cfbd69e61f08c807d8fd5d9996a018ad45 arg  4 mem  19.10 GB tm   3897.50us/  3461.39ms (   3963 GFLOPS    8|760    GB/s) 
*** NV      1006 r_toks_64_16_4_48_2_2_2_4_8_e5cdf9cc2fc4cf071d0b0ce080aedfa02f4cad80a3b0669ecb79cc14a2bf6065 arg  4 mem  19.10 GB tm   8787.07us/  3470.18ms (   2018 GFLOPS    5|483    GB/s) 
*** NV      1007 E_toks_64_16_4_69472d2d47c56b2dc08e2f6244ad50dc409c1a7181a40501164c537a6cedf544 arg  2 mem  19.11 GB tm      2.78us/  3470.18ms (      0 GFLOPS  377|377    GB/s) 
*** NV      1008 E_toks_64_16_4_69472d2d47c56b2dc08e2f6244ad50dc409c1a7181a40501164c537a6cedf544 arg  2 mem  19.11 GB tm      2.24us/  3470.18ms (      0 GFLOPS  468|468    GB/s) 
*** NV      1009 E_toks_64_16_4_69472d2d47c56b2dc08e2f6244ad50dc409c1a7181a40501164c537a6cedf544 arg  2 mem  19.11 GB tm      3.23us/  3470.19ms (      0 GFLOPS  324|324    GB/s) 
*** NV      1010 r_toks_16_256_9bea51c90e96722f78afa38994560b91a5209493ca06e07a50eb2d877dcfb23d arg  2 mem  19.11 GB tm      4.61us/  3470.19ms (     59 GFLOPS  114|122    GB/s) 
*** NV      1011 E_toks_64_16_4_06fd47e9c650e24766c11b129f655c7f35f0220eaa139d5cb9cbb692730058e3 arg  4 mem  19.11 GB tm      2.91us/  3470.19ms (    405 GFLOPS  276|321    GB/s) 
*** NV      1012 r_4_toks_2_8_16_4_16_4_2_4_8_468c6ffa9fd89f3e7da451536d93097a9b7f72c6c3b8d291f928e71eed611826 arg  3 mem  19.11 GB tm   1944.83us/  3472.14ms (   2647 GFLOPS    5|462    GB/s) 
*** NV      1013 r_8_toks_128_16_4_2_32_c4938a4b566be128a7529ef0804c1b993f7b0c3b1f559803a933f15896b5c82d arg  3 mem  19.11 GB tm    357.06us/  3472.49ms (   3627 GFLOPS    8|1292   GB/s) 
*** NV      1014 r_2_toks_8_4_4_16_1a6f7f1a8298a3a32e1ae4103d0c091d4bf33cb345fc242f46181ce9332a9373 arg  2 mem  19.11 GB tm      2.08us/  3472.50ms (    173 GFLOPS  254|410    GB/s) 
*** NV      1015 r_8_toks_16_8_59efef99d29f071000ea271bdbae8212b9a4c3036c2074b5cfe2f8af08763763 arg  2 mem  19.11 GB tm      2.11us/  3472.50ms (     70 GFLOPS   63|202    GB/s) 
*** NV      1016 E_toks_2_8_16_4_4_a0ef7a77c507d336b6f8775adcf32510df2abc21793ab36da3293122f95b5801 arg  4 mem  19.11 GB tm      2.24us/  3472.50ms (    219 GFLOPS  353|410    GB/s) 
*** NV      1017 E_toks_8_2_16_4_ff73096c0717113530e1af4ef8150376846600e51fb5cd7409378f38ff2e6ea6 arg  4 mem  19.11 GB tm      1.98us/  3472.50ms (     62 GFLOPS  100|165    GB/s) 
*** NV      1018 r_2_8_toks_128_16_4_2_32_989a27f8c622e7073edc603c917ee557c3951251e7a1b3adb98f0e92019a8317 arg  5 mem  19.11 GB tm    706.72us/  3473.21ms (   1850 GFLOPS    7|677    GB/s) 
*** NV      1019 r_32_toks_(start_pos+toks)_16_8_6053e42efb4d55a1ca58ae6e1236b570b94078e8ff69ad3ded3a02dca902f678 arg  5 mem  19.11 GB tm     17.89us/  3473.23ms (   3107 GFLOPS  332|8265   GB/s) 
*** NV      1020 r_toks_8_4_(start_pos+toks)_26e8871fb02d1436fe40ca4dcfa2b334d7cdd63fc4d2ebf770557834fb3cc4b5 arg  2 mem  19.11 GB tm      3.87us/  3473.23ms (     17 GFLOPS   35|35     GB/s) 
*** NV      1021 r_toks_8_4_(start_pos+toks)_ea6cf34ee39e812f3859bf1fd519cf8df686204db37f0fa60c182106d3c00aff arg  3 mem  19.11 GB tm      3.42us/  3473.23ms (     38 GFLOPS   41|41     GB/s) 
*** NV      1022 E_toks_(start_pos+toks)_8_4_84acb9c6f744a2bf14b0906425723a78b570c356c452c6ecc7bf969560042ffd arg  4 mem  19.11 GB tm      3.23us/  3473.24ms (     51 GFLOPS   84|162    GB/s) 
*** NV      1023 r_4_toks_2_8_16_4_(start_pos+toks)_cb8f75d3bda69b78fcf94ab8c736a75da3feb4e84706aa0b091e463c1ffacabd arg  3 mem  19.11 GB tm      4.00us/  3473.24ms (   2097 GFLOPS 1736|3277   GB/s) 
*** NV      1024 r_toks_64_16_4_16_2_2_2_4_8_f2d21044fc43f050118addd8d06843c08549a51ff71db6e79bfafef2707541e4 arg  4 mem  19.11 GB tm   1439.17us/  3474.68ms (   3577 GFLOPS    8|811    GB/s) 
*** NV      1025 r_toks_16_256_9bea51c90e96722f78afa38994560b91a5209493ca06e07a50eb2d877dcfb23d arg  2 mem  19.11 GB tm      4.13us/  3474.69ms (     66 GFLOPS  127|136    GB/s) 
*** NV      1026 E_toks_64_16_4_06fd47e9c650e24766c11b129f655c7f35f0220eaa139d5cb9cbb692730058e3 arg  4 mem  19.11 GB tm      2.91us/  3474.69ms (    405 GFLOPS  276|321    GB/s) 
*** NV      1027 r_toks_256_16_3_16_4_2_2_16_5dbb3c5e33bf34384bb05e6ea83ea148a2f6abf3cf6ffae7d2866b5a0ef18a8e arg  3 mem  19.11 GB tm   3879.55us/  3478.57ms (   3982 GFLOPS    8|763    GB/s) 
*** NV      1028 r_toks_256_16_3_16_4_2_2_16_ede295e2782449231e573fd6149a12cfbd69e61f08c807d8fd5d9996a018ad45 arg  4 mem  19.11 GB tm   3892.93us/  3482.46ms (   3968 GFLOPS    8|761    GB/s) 
*** NV      1029 r_toks_64_16_4_48_4_2_4_8_1d91ff8b75344556e189fdaa8922f739be4c13617461342d7bdd2951c50626f5 arg  4 mem  19.11 GB tm   4177.95us/  3486.64ms (   3696 GFLOPS    7|645    GB/s) 
*** NV      1030 E_toks_64_16_4_69472d2d47c56b2dc08e2f6244ad50dc409c1a7181a40501164c537a6cedf544 arg  2 mem  19.11 GB tm      2.75us/  3486.64ms (      0 GFLOPS  381|381    GB/s) 
*** NV      1031 E_toks_64_16_4_69472d2d47c56b2dc08e2f6244ad50dc409c1a7181a40501164c537a6cedf544 arg  2 mem  19.11 GB tm      3.17us/  3486.64ms (      0 GFLOPS  331|331    GB/s) 
*** NV      1032 E_toks_64_16_4_69472d2d47c56b2dc08e2f6244ad50dc409c1a7181a40501164c537a6cedf544 arg  2 mem  19.11 GB tm      2.30us/  3486.65ms (      0 GFLOPS  455|455    GB/s) 
*** NV      1033 r_toks_16_256_9bea51c90e96722f78afa38994560b91a5209493ca06e07a50eb2d877dcfb23d arg  2 mem  19.11 GB tm      4.10us/  3486.65ms (     66 GFLOPS  128|137    GB/s) 
*** NV      1034 E_toks_64_16_4_06fd47e9c650e24766c11b129f655c7f35f0220eaa139d5cb9cbb692730058e3 arg  4 mem  19.11 GB tm      2.66us/  3486.65ms (    444 GFLOPS  302|352    GB/s) 
*** NV      1035 r_4_toks_2_8_16_4_16_4_2_4_8_468c6ffa9fd89f3e7da451536d93097a9b7f72c6c3b8d291f928e71eed611826 arg  3 mem  19.11 GB tm   1895.58us/  3488.55ms (   2715 GFLOPS    5|474    GB/s) 
*** NV      1036 r_8_toks_128_16_4_2_32_c4938a4b566be128a7529ef0804c1b993f7b0c3b1f559803a933f15896b5c82d arg  3 mem  19.11 GB tm    357.02us/  3488.91ms (   3627 GFLOPS    8|1292   GB/s) 
*** NV      1037 r_2_toks_8_4_4_16_1a6f7f1a8298a3a32e1ae4103d0c091d4bf33cb345fc242f46181ce9332a9373 arg  2 mem  19.11 GB tm      2.11us/  3488.91ms (    171 GFLOPS  250|403    GB/s) 
*** NV      1038 r_8_toks_16_8_59efef99d29f071000ea271bdbae8212b9a4c3036c2074b5cfe2f8af08763763 arg  2 mem  19.11 GB tm      2.11us/  3488.91ms (     70 GFLOPS   63|202    GB/s) 
*** NV      1039 E_toks_2_8_16_4_4_a0ef7a77c507d336b6f8775adcf32510df2abc21793ab36da3293122f95b5801 arg  4 mem  19.11 GB tm      2.27us/  3488.91ms (    216 GFLOPS  348|404    GB/s) 
*** NV      1040 E_toks_8_2_16_4_ff73096c0717113530e1af4ef8150376846600e51fb5cd7409378f38ff2e6ea6 arg  4 mem  19.11 GB tm      1.95us/  3488.91ms (     63 GFLOPS  102|168    GB/s) 
*** NV      1041 r_2_8_toks_128_16_4_2_32_989a27f8c622e7073edc603c917ee557c3951251e7a1b3adb98f0e92019a8317 arg  5 mem  19.11 GB tm    706.62us/  3489.62ms (   1850 GFLOPS    7|677    GB/s) 
*** NV      1042 r_32_toks_(start_pos+toks)_16_8_6053e42efb4d55a1ca58ae6e1236b570b94078e8ff69ad3ded3a02dca902f678 arg  5 mem  19.11 GB tm     17.86us/  3489.64ms (   3112 GFLOPS  333|8280   GB/s) 
*** NV      1043 r_toks_8_4_(start_pos+toks)_26e8871fb02d1436fe40ca4dcfa2b334d7cdd63fc4d2ebf770557834fb3cc4b5 arg  2 mem  19.11 GB tm      3.78us/  3489.64ms (     17 GFLOPS   36|36     GB/s) 
*** NV      1044 r_toks_8_4_(start_pos+toks)_ea6cf34ee39e812f3859bf1fd519cf8df686204db37f0fa60c182106d3c00aff arg  3 mem  19.11 GB tm      3.46us/  3489.65ms (     38 GFLOPS   40|40     GB/s) 
*** NV      1045 E_toks_(start_pos+toks)_8_4_84acb9c6f744a2bf14b0906425723a78b570c356c452c6ecc7bf969560042ffd arg  4 mem  19.11 GB tm      3.30us/  3489.65ms (     50 GFLOPS   82|159    GB/s) 
*** NV      1046 r_4_toks_2_8_16_4_(start_pos+toks)_cb8f75d3bda69b78fcf94ab8c736a75da3feb4e84706aa0b091e463c1ffacabd arg  3 mem  19.11 GB tm      3.84us/  3489.65ms (   2185 GFLOPS 1808|3413   GB/s) 
*** NV      1047 r_toks_64_16_4_16_2_2_2_4_8_f2d21044fc43f050118addd8d06843c08549a51ff71db6e79bfafef2707541e4 arg  4 mem  19.11 GB tm   1460.10us/  3491.11ms (   3525 GFLOPS    8|799    GB/s) 
*** NV      1048 r_toks_16_256_9bea51c90e96722f78afa38994560b91a5209493ca06e07a50eb2d877dcfb23d arg  2 mem  19.11 GB tm      4.13us/  3491.12ms (     66 GFLOPS  127|136    GB/s) 
*** NV      1049 E_toks_64_16_4_06fd47e9c650e24766c11b129f655c7f35f0220eaa139d5cb9cbb692730058e3 arg  4 mem  19.11 GB tm      2.88us/  3491.12ms (    410 GFLOPS  279|324    GB/s) 
*** NV      1050 r_toks_256_16_3_16_4_2_2_16_5dbb3c5e33bf34384bb05e6ea83ea148a2f6abf3cf6ffae7d2866b5a0ef18a8e arg  3 mem  19.11 GB tm   3876.80us/  3495.00ms (   3984 GFLOPS    8|764    GB/s) 
*** NV      1051 r_toks_256_16_3_16_4_2_2_16_ede295e2782449231e573fd6149a12cfbd69e61f08c807d8fd5d9996a018ad45 arg  4 mem  19.11 GB tm   3891.49us/  3498.89ms (   3969 GFLOPS    8|761    GB/s) 
*** NV      1052 r_toks_64_16_4_48_4_2_4_8_1d91ff8b75344556e189fdaa8922f739be4c13617461342d7bdd2951c50626f5 arg  4 mem  19.11 GB tm   4178.18us/  3503.07ms (   3695 GFLOPS    7|645    GB/s) 
*** NV      1053 E_toks_64_16_4_69472d2d47c56b2dc08e2f6244ad50dc409c1a7181a40501164c537a6cedf544 arg  2 mem  19.11 GB tm      3.17us/  3503.07ms (      0 GFLOPS  331|331    GB/s) 
*** NV      1054 E_toks_64_16_4_69472d2d47c56b2dc08e2f6244ad50dc409c1a7181a40501164c537a6cedf544 arg  2 mem  19.12 GB tm      2.27us/  3503.07ms (      0 GFLOPS  462|462    GB/s) 
*** NV      1055 E_toks_64_16_4_69472d2d47c56b2dc08e2f6244ad50dc409c1a7181a40501164c537a6cedf544 arg  2 mem  19.12 GB tm      2.40us/  3503.08ms (      0 GFLOPS  437|437    GB/s) 
*** NV      1056 r_toks_16_256_9bea51c90e96722f78afa38994560b91a5209493ca06e07a50eb2d877dcfb23d arg  2 mem  19.12 GB tm      4.10us/  3503.08ms (     66 GFLOPS  128|137    GB/s) 
*** NV      1057 E_toks_64_16_4_06fd47e9c650e24766c11b129f655c7f35f0220eaa139d5cb9cbb692730058e3 arg  4 mem  19.12 GB tm      2.69us/  3503.08ms (    439 GFLOPS  299|347    GB/s) 
*** NV      1058 r_4_toks_2_8_16_4_16_4_2_4_8_468c6ffa9fd89f3e7da451536d93097a9b7f72c6c3b8d291f928e71eed611826 arg  3 mem  19.12 GB tm   1904.19us/  3504.99ms (   2703 GFLOPS    5|472    GB/s) 
*** NV      1059 r_8_toks_128_16_4_2_32_c4938a4b566be128a7529ef0804c1b993f7b0c3b1f559803a933f15896b5c82d arg  3 mem  19.12 GB tm    357.31us/  3505.34ms (   3624 GFLOPS    8|1291   GB/s) 
*** NV      1060 r_2_toks_8_4_4_16_1a6f7f1a8298a3a32e1ae4103d0c091d4bf33cb345fc242f46181ce9332a9373 arg  2 mem  19.12 GB tm      2.11us/  3505.35ms (    171 GFLOPS  250|403    GB/s) 
*** NV      1061 r_8_toks_16_8_59efef99d29f071000ea271bdbae8212b9a4c3036c2074b5cfe2f8af08763763 arg  2 mem  19.12 GB tm      2.18us/  3505.35ms (     68 GFLOPS   61|196    GB/s) 
*** NV      1062 E_toks_2_8_16_4_4_a0ef7a77c507d336b6f8775adcf32510df2abc21793ab36da3293122f95b5801 arg  4 mem  19.12 GB tm      2.27us/  3505.35ms (    216 GFLOPS  348|404    GB/s) 
*** NV      1063 E_toks_8_2_16_4_ff73096c0717113530e1af4ef8150376846600e51fb5cd7409378f38ff2e6ea6 arg  4 mem  19.12 GB tm      1.95us/  3505.35ms (     63 GFLOPS  102|168    GB/s) 
*** NV      1064 r_2_8_toks_128_16_2_2_2_32_0c1c7e46169e63cd5facbf3871438ca9666529e366bfdab373ff24c18ad4a836 arg  5 mem  19.12 GB tm    888.51us/  3506.24ms (   1687 GFLOPS    7|815    GB/s) 
*** NV      1065 r_32_toks_(start_pos+toks)_16_8_6053e42efb4d55a1ca58ae6e1236b570b94078e8ff69ad3ded3a02dca902f678 arg  5 mem  19.12 GB tm     17.54us/  3506.26ms (   3169 GFLOPS  339|8431   GB/s) 
*** NV      1066 r_toks_8_4_(start_pos+toks)_26e8871fb02d1436fe40ca4dcfa2b334d7cdd63fc4d2ebf770557834fb3cc4b5 arg  2 mem  19.12 GB tm      3.62us/  3506.26ms (     18 GFLOPS   37|37     GB/s) 
*** NV      1067 r_toks_8_4_(start_pos+toks)_ea6cf34ee39e812f3859bf1fd519cf8df686204db37f0fa60c182106d3c00aff arg  3 mem  19.12 GB tm      3.42us/  3506.26ms (     38 GFLOPS   41|41     GB/s) 
*** NV      1068 E_toks_(start_pos+toks)_8_4_84acb9c6f744a2bf14b0906425723a78b570c356c452c6ecc7bf969560042ffd arg  4 mem  19.12 GB tm      3.23us/  3506.27ms (     51 GFLOPS   84|162    GB/s) 
*** NV      1069 r_4_toks_2_8_16_4_(start_pos+toks)_cb8f75d3bda69b78fcf94ab8c736a75da3feb4e84706aa0b091e463c1ffacabd arg  3 mem  19.12 GB tm      4.10us/  3506.27ms (   2048 GFLOPS 1695|3200   GB/s) 
*** NV      1070 r_toks_64_16_4_16_2_2_2_4_8_f2d21044fc43f050118addd8d06843c08549a51ff71db6e79bfafef2707541e4 arg  4 mem  19.12 GB tm   1481.25us/  3507.75ms (   3475 GFLOPS    7|788    GB/s) 
*** NV      1071 r_toks_16_256_9bea51c90e96722f78afa38994560b91a5209493ca06e07a50eb2d877dcfb23d arg  2 mem  19.12 GB tm      4.13us/  3507.76ms (     66 GFLOPS  127|136    GB/s) 
*** NV      1072 E_toks_64_16_4_06fd47e9c650e24766c11b129f655c7f35f0220eaa139d5cb9cbb692730058e3 arg  4 mem  19.12 GB tm      2.94us/  3507.76ms (    401 GFLOPS  273|317    GB/s) 
*** NV      1073 r_toks_256_16_3_16_4_2_2_16_5dbb3c5e33bf34384bb05e6ea83ea148a2f6abf3cf6ffae7d2866b5a0ef18a8e arg  3 mem  19.12 GB tm   3877.60us/  3511.64ms (   3984 GFLOPS    8|764    GB/s) 
*** NV      1074 r_toks_256_16_3_16_4_2_2_16_ede295e2782449231e573fd6149a12cfbd69e61f08c807d8fd5d9996a018ad45 arg  4 mem  19.12 GB tm   3902.40us/  3515.54ms (   3958 GFLOPS    8|759    GB/s) 
*** NV      1075 r_toks_64_16_4_48_2_2_2_4_8_e5cdf9cc2fc4cf071d0b0ce080aedfa02f4cad80a3b0669ecb79cc14a2bf6065 arg  4 mem  19.12 GB tm   8772.06us/  3524.31ms (   2022 GFLOPS    5|484    GB/s) 
*** NV      1076 E_toks_64_16_4_69472d2d47c56b2dc08e2f6244ad50dc409c1a7181a40501164c537a6cedf544 arg  2 mem  19.12 GB tm      2.72us/  3524.32ms (      0 GFLOPS  386|386    GB/s) 
*** NV      1077 E_toks_64_16_4_69472d2d47c56b2dc08e2f6244ad50dc409c1a7181a40501164c537a6cedf544 arg  2 mem  19.12 GB tm      2.40us/  3524.32ms (      0 GFLOPS  437|437    GB/s) 
*** NV      1078 E_toks_64_16_4_69472d2d47c56b2dc08e2f6244ad50dc409c1a7181a40501164c537a6cedf544 arg  2 mem  19.12 GB tm      2.24us/  3524.32ms (      0 GFLOPS  468|468    GB/s) 
*** NV      1079 r_toks_16_256_9bea51c90e96722f78afa38994560b91a5209493ca06e07a50eb2d877dcfb23d arg  2 mem  19.12 GB tm      4.06us/  3524.32ms (     67 GFLOPS  129|138    GB/s) 
*** NV      1080 E_toks_64_16_4_06fd47e9c650e24766c11b129f655c7f35f0220eaa139d5cb9cbb692730058e3 arg  4 mem  19.12 GB tm      2.66us/  3524.33ms (    444 GFLOPS  302|352    GB/s) 
*** NV      1081 r_4_toks_2_8_16_4_16_4_2_4_8_468c6ffa9fd89f3e7da451536d93097a9b7f72c6c3b8d291f928e71eed611826 arg  3 mem  19.12 GB tm   1892.67us/  3526.22ms (   2720 GFLOPS    5|475    GB/s) 
*** NV      1082 r_8_toks_128_16_4_2_32_c4938a4b566be128a7529ef0804c1b993f7b0c3b1f559803a933f15896b5c82d arg  3 mem  19.12 GB tm    357.31us/  3526.58ms (   3624 GFLOPS    8|1291   GB/s) 
*** NV      1083 r_2_toks_8_4_4_16_1a6f7f1a8298a3a32e1ae4103d0c091d4bf33cb345fc242f46181ce9332a9373 arg  2 mem  19.12 GB tm      2.14us/  3526.58ms (    168 GFLOPS  246|397    GB/s) 
*** NV      1084 r_8_toks_16_8_59efef99d29f071000ea271bdbae8212b9a4c3036c2074b5cfe2f8af08763763 arg  2 mem  19.12 GB tm      2.14us/  3526.58ms (     69 GFLOPS   62|199    GB/s) 
*** NV      1085 E_toks_2_8_16_4_4_a0ef7a77c507d336b6f8775adcf32510df2abc21793ab36da3293122f95b5801 arg  4 mem  19.12 GB tm      2.18us/  3526.58ms (    226 GFLOPS  364|422    GB/s) 
*** NV      1086 E_toks_8_2_16_4_ff73096c0717113530e1af4ef8150376846600e51fb5cd7409378f38ff2e6ea6 arg  4 mem  19.12 GB tm      2.05us/  3526.59ms (     60 GFLOPS   97|160    GB/s) 
*** NV      1087 r_2_8_toks_128_16_4_2_32_989a27f8c622e7073edc603c917ee557c3951251e7a1b3adb98f0e92019a8317 arg  5 mem  19.12 GB tm    706.43us/  3527.29ms (   1851 GFLOPS    7|677    GB/s) 
*** NV      1088 r_32_toks_(start_pos+toks)_16_8_6053e42efb4d55a1ca58ae6e1236b570b94078e8ff69ad3ded3a02dca902f678 arg  5 mem  19.12 GB tm     17.92us/  3527.31ms (   3101 GFLOPS  332|8251   GB/s) 
*** NV      1089 r_toks_8_4_(start_pos+toks)_26e8871fb02d1436fe40ca4dcfa2b334d7cdd63fc4d2ebf770557834fb3cc4b5 arg  2 mem  19.12 GB tm      3.68us/  3527.31ms (     18 GFLOPS   37|37     GB/s) 
*** NV      1090 r_toks_8_4_(start_pos+toks)_ea6cf34ee39e812f3859bf1fd519cf8df686204db37f0fa60c182106d3c00aff arg  3 mem  19.12 GB tm      3.42us/  3527.32ms (     38 GFLOPS   41|41     GB/s) 
*** NV      1091 E_toks_(start_pos+toks)_8_4_84acb9c6f744a2bf14b0906425723a78b570c356c452c6ecc7bf969560042ffd arg  4 mem  19.12 GB tm      3.26us/  3527.32ms (     50 GFLOPS   83|161    GB/s) 
*** NV      1092 r_4_toks_2_8_16_4_(start_pos+toks)_cb8f75d3bda69b78fcf94ab8c736a75da3feb4e84706aa0b091e463c1ffacabd arg  3 mem  19.12 GB tm      3.81us/  3527.32ms (   2203 GFLOPS 1823|3442   GB/s) 
*** NV      1093 r_toks_64_16_4_16_2_2_2_4_8_f2d21044fc43f050118addd8d06843c08549a51ff71db6e79bfafef2707541e4 arg  4 mem  19.12 GB tm   1452.96us/  3528.78ms (   3543 GFLOPS    8|803    GB/s) 
*** NV      1094 r_toks_16_256_9bea51c90e96722f78afa38994560b91a5209493ca06e07a50eb2d877dcfb23d arg  2 mem  19.12 GB tm      4.32us/  3528.78ms (     63 GFLOPS  121|130    GB/s) 
*** NV      1095 E_toks_64_16_4_06fd47e9c650e24766c11b129f655c7f35f0220eaa139d5cb9cbb692730058e3 arg  4 mem  19.12 GB tm      2.91us/  3528.78ms (    405 GFLOPS  276|321    GB/s) 
*** NV      1096 r_toks_256_16_3_16_4_2_2_16_5dbb3c5e33bf34384bb05e6ea83ea148a2f6abf3cf6ffae7d2866b5a0ef18a8e arg  3 mem  19.12 GB tm   3876.77us/  3532.66ms (   3985 GFLOPS    8|764    GB/s) 
*** NV      1097 r_toks_256_16_3_16_4_2_2_16_ede295e2782449231e573fd6149a12cfbd69e61f08c807d8fd5d9996a018ad45 arg  4 mem  19.12 GB tm   3904.10us/  3536.56ms (   3956 GFLOPS    8|759    GB/s) 
*** NV      1098 r_toks_64_16_4_48_4_2_4_8_1d91ff8b75344556e189fdaa8922f739be4c13617461342d7bdd2951c50626f5 arg  4 mem  19.12 GB tm   4166.82us/  3540.73ms (   3706 GFLOPS    7|646    GB/s) 
*** NV      1099 E_toks_64_16_4_69472d2d47c56b2dc08e2f6244ad50dc409c1a7181a40501164c537a6cedf544 arg  2 mem  19.12 GB tm      2.72us/  3540.73ms (      0 GFLOPS  386|386    GB/s) 
*** NV      1100 E_toks_64_16_4_69472d2d47c56b2dc08e2f6244ad50dc409c1a7181a40501164c537a6cedf544 arg  2 mem  19.12 GB tm      2.30us/  3540.74ms (      0 GFLOPS  455|455    GB/s) 
*** NV      1101 E_toks_64_16_4_69472d2d47c56b2dc08e2f6244ad50dc409c1a7181a40501164c537a6cedf544 arg  2 mem  19.13 GB tm      3.33us/  3540.74ms (      0 GFLOPS  315|315    GB/s) 
*** NV      1102 r_toks_16_256_9bea51c90e96722f78afa38994560b91a5209493ca06e07a50eb2d877dcfb23d arg  2 mem  19.13 GB tm      4.10us/  3540.74ms (     66 GFLOPS  128|137    GB/s) 
*** NV      1103 E_toks_64_16_4_06fd47e9c650e24766c11b129f655c7f35f0220eaa139d5cb9cbb692730058e3 arg  4 mem  19.13 GB tm      2.66us/  3540.75ms (    444 GFLOPS  302|352    GB/s) 
*** NV      1104 r_4_toks_2_8_16_4_16_4_2_4_8_468c6ffa9fd89f3e7da451536d93097a9b7f72c6c3b8d291f928e71eed611826 arg  3 mem  19.13 GB tm   1858.72us/  3542.61ms (   2769 GFLOPS    6|483    GB/s) 
*** NV      1105 r_8_toks_128_16_4_2_32_c4938a4b566be128a7529ef0804c1b993f7b0c3b1f559803a933f15896b5c82d arg  3 mem  19.13 GB tm    356.83us/  3542.96ms (   3629 GFLOPS    8|1293   GB/s) 
*** NV      1106 r_2_toks_8_4_4_16_1a6f7f1a8298a3a32e1ae4103d0c091d4bf33cb345fc242f46181ce9332a9373 arg  2 mem  19.13 GB tm      2.18us/  3542.96ms (    166 GFLOPS  243|392    GB/s) 
*** NV      1107 r_8_toks_16_8_59efef99d29f071000ea271bdbae8212b9a4c3036c2074b5cfe2f8af08763763 arg  2 mem  19.13 GB tm      2.18us/  3542.97ms (     68 GFLOPS   61|196    GB/s) 
*** NV      1108 E_toks_2_8_16_4_4_a0ef7a77c507d336b6f8775adcf32510df2abc21793ab36da3293122f95b5801 arg  4 mem  19.13 GB tm      2.21us/  3542.97ms (    223 GFLOPS  358|416    GB/s) 
*** NV      1109 E_toks_8_2_16_4_ff73096c0717113530e1af4ef8150376846600e51fb5cd7409378f38ff2e6ea6 arg  4 mem  19.13 GB tm      1.98us/  3542.97ms (     62 GFLOPS  100|165    GB/s) 
*** NV      1110 r_2_8_toks_128_16_4_2_32_989a27f8c622e7073edc603c917ee557c3951251e7a1b3adb98f0e92019a8317 arg  5 mem  19.13 GB tm    706.91us/  3543.68ms (   1850 GFLOPS    7|676    GB/s) 
*** NV      1111 r_32_toks_(start_pos+toks)_16_8_6053e42efb4d55a1ca58ae6e1236b570b94078e8ff69ad3ded3a02dca902f678 arg  5 mem  19.13 GB tm     17.89us/  3543.70ms (   3107 GFLOPS  332|8265   GB/s) 
*** NV      1112 r_toks_8_4_(start_pos+toks)_26e8871fb02d1436fe40ca4dcfa2b334d7cdd63fc4d2ebf770557834fb3cc4b5 arg  2 mem  19.13 GB tm      3.78us/  3543.70ms (     17 GFLOPS   36|36     GB/s) 
*** NV      1113 r_toks_8_4_(start_pos+toks)_ea6cf34ee39e812f3859bf1fd519cf8df686204db37f0fa60c182106d3c00aff arg  3 mem  19.13 GB tm      3.46us/  3543.70ms (     38 GFLOPS   40|40     GB/s) 
*** NV      1114 E_toks_(start_pos+toks)_8_4_84acb9c6f744a2bf14b0906425723a78b570c356c452c6ecc7bf969560042ffd arg  4 mem  19.13 GB tm      3.17us/  3543.71ms (     52 GFLOPS   85|165    GB/s) 
*** NV      1115 r_4_toks_2_8_16_4_(start_pos+toks)_cb8f75d3bda69b78fcf94ab8c736a75da3feb4e84706aa0b091e463c1ffacabd arg  3 mem  19.13 GB tm      4.19us/  3543.71ms (   2001 GFLOPS 1656|3127   GB/s) 
*** NV      1116 r_toks_64_16_4_16_2_2_2_4_8_f2d21044fc43f050118addd8d06843c08549a51ff71db6e79bfafef2707541e4 arg  4 mem  19.13 GB tm   1523.65us/  3545.23ms (   3378 GFLOPS    7|766    GB/s) 
*** NV      1117 r_toks_16_256_9bea51c90e96722f78afa38994560b91a5209493ca06e07a50eb2d877dcfb23d arg  2 mem  19.13 GB tm      4.16us/  3545.24ms (     65 GFLOPS  126|135    GB/s) 
*** NV      1118 E_toks_64_16_4_06fd47e9c650e24766c11b129f655c7f35f0220eaa139d5cb9cbb692730058e3 arg  4 mem  19.13 GB tm      2.91us/  3545.24ms (    405 GFLOPS  276|321    GB/s) 
*** NV      1119 r_toks_256_16_3_16_4_2_2_16_5dbb3c5e33bf34384bb05e6ea83ea148a2f6abf3cf6ffae7d2866b5a0ef18a8e arg  3 mem  19.13 GB tm   3878.82us/  3549.12ms (   3982 GFLOPS    8|764    GB/s) 
*** NV      1120 r_toks_256_16_3_16_4_2_2_16_ede295e2782449231e573fd6149a12cfbd69e61f08c807d8fd5d9996a018ad45 arg  4 mem  19.13 GB tm   3896.00us/  3553.02ms (   3964 GFLOPS    8|760    GB/s) 
*** NV      1121 r_toks_64_16_4_48_4_2_4_8_1d91ff8b75344556e189fdaa8922f739be4c13617461342d7bdd2951c50626f5 arg  4 mem  19.13 GB tm   4184.93us/  3557.20ms (   3689 GFLOPS    7|644    GB/s) 
*** NV      1122 E_toks_64_16_4_69472d2d47c56b2dc08e2f6244ad50dc409c1a7181a40501164c537a6cedf544 arg  2 mem  19.13 GB tm      2.72us/  3557.20ms (      0 GFLOPS  386|386    GB/s) 
*** NV      1123 E_toks_64_16_4_69472d2d47c56b2dc08e2f6244ad50dc409c1a7181a40501164c537a6cedf544 arg  2 mem  19.13 GB tm      3.23us/  3557.21ms (      0 GFLOPS  324|324    GB/s) 
*** NV      1124 E_toks_64_16_4_69472d2d47c56b2dc08e2f6244ad50dc409c1a7181a40501164c537a6cedf544 arg  2 mem  19.13 GB tm      2.24us/  3557.21ms (      0 GFLOPS  468|468    GB/s) 
*** NV      1125 r_toks_16_256_9bea51c90e96722f78afa38994560b91a5209493ca06e07a50eb2d877dcfb23d arg  2 mem  19.13 GB tm      4.16us/  3557.21ms (     65 GFLOPS  126|135    GB/s) 
*** NV      1126 E_toks_64_16_4_06fd47e9c650e24766c11b129f655c7f35f0220eaa139d5cb9cbb692730058e3 arg  4 mem  19.13 GB tm      2.69us/  3557.22ms (    439 GFLOPS  299|347    GB/s) 
*** NV      1127 r_4_toks_2_8_16_4_16_4_2_4_8_468c6ffa9fd89f3e7da451536d93097a9b7f72c6c3b8d291f928e71eed611826 arg  3 mem  19.13 GB tm   1857.54us/  3559.07ms (   2771 GFLOPS    6|483    GB/s) 
*** NV      1128 r_8_toks_128_16_4_2_32_c4938a4b566be128a7529ef0804c1b993f7b0c3b1f559803a933f15896b5c82d arg  3 mem  19.13 GB tm    356.90us/  3559.43ms (   3628 GFLOPS    8|1293   GB/s) 
*** NV      1129 r_2_toks_8_4_4_16_1a6f7f1a8298a3a32e1ae4103d0c091d4bf33cb345fc242f46181ce9332a9373 arg  2 mem  19.13 GB tm      2.18us/  3559.43ms (    166 GFLOPS  243|392    GB/s) 
*** NV      1130 r_8_toks_16_8_59efef99d29f071000ea271bdbae8212b9a4c3036c2074b5cfe2f8af08763763 arg  2 mem  19.13 GB tm      2.18us/  3559.43ms (     68 GFLOPS   61|196    GB/s) 
*** NV      1131 E_toks_2_8_16_4_4_a0ef7a77c507d336b6f8775adcf32510df2abc21793ab36da3293122f95b5801 arg  4 mem  19.13 GB tm      2.34us/  3559.44ms (    210 GFLOPS  339|393    GB/s) 
*** NV      1132 E_toks_8_2_16_4_ff73096c0717113530e1af4ef8150376846600e51fb5cd7409378f38ff2e6ea6 arg  4 mem  19.13 GB tm      1.89us/  3559.44ms (     65 GFLOPS  105|174    GB/s) 
*** NV      1133 r_2_8_toks_128_16_2_2_2_32_0c1c7e46169e63cd5facbf3871438ca9666529e366bfdab373ff24c18ad4a836 arg  5 mem  19.13 GB tm    887.52us/  3560.33ms (   1689 GFLOPS    7|816    GB/s) 
*** NV      1134 r_32_toks_(start_pos+toks)_16_8_6053e42efb4d55a1ca58ae6e1236b570b94078e8ff69ad3ded3a02dca902f678 arg  5 mem  19.13 GB tm     17.50us/  3560.34ms (   3175 GFLOPS  340|8447   GB/s) 
*** NV      1135 r_toks_8_4_(start_pos+toks)_26e8871fb02d1436fe40ca4dcfa2b334d7cdd63fc4d2ebf770557834fb3cc4b5 arg  2 mem  19.13 GB tm      3.62us/  3560.35ms (     18 GFLOPS   37|37     GB/s) 
*** NV      1136 r_toks_8_4_(start_pos+toks)_ea6cf34ee39e812f3859bf1fd519cf8df686204db37f0fa60c182106d3c00aff arg  3 mem  19.13 GB tm      3.49us/  3560.35ms (     38 GFLOPS   40|40     GB/s) 
*** NV      1137 E_toks_(start_pos+toks)_8_4_84acb9c6f744a2bf14b0906425723a78b570c356c452c6ecc7bf969560042ffd arg  4 mem  19.13 GB tm      3.26us/  3560.35ms (     50 GFLOPS   83|161    GB/s) 
*** NV      1138 r_4_toks_2_8_16_4_(start_pos+toks)_cb8f75d3bda69b78fcf94ab8c736a75da3feb4e84706aa0b091e463c1ffacabd arg  3 mem  19.13 GB tm      4.00us/  3560.36ms (   2097 GFLOPS 1736|3277   GB/s) 
*** NV      1139 r_toks_64_16_4_16_2_2_2_4_8_f2d21044fc43f050118addd8d06843c08549a51ff71db6e79bfafef2707541e4 arg  4 mem  19.13 GB tm   1460.77us/  3561.82ms (   3524 GFLOPS    8|799    GB/s) 
*** NV      1140 r_toks_16_256_9bea51c90e96722f78afa38994560b91a5209493ca06e07a50eb2d877dcfb23d arg  2 mem  19.13 GB tm      4.10us/  3561.82ms (     66 GFLOPS  128|137    GB/s) 
*** NV      1141 E_toks_64_16_4_06fd47e9c650e24766c11b129f655c7f35f0220eaa139d5cb9cbb692730058e3 arg  4 mem  19.13 GB tm      2.88us/  3561.83ms (    410 GFLOPS  279|324    GB/s) 
*** NV      1142 r_toks_256_16_3_16_4_2_2_16_5dbb3c5e33bf34384bb05e6ea83ea148a2f6abf3cf6ffae7d2866b5a0ef18a8e arg  3 mem  19.13 GB tm   3876.45us/  3565.70ms (   3985 GFLOPS    8|764    GB/s) 
*** NV      1143 r_toks_256_16_3_16_4_2_2_16_ede295e2782449231e573fd6149a12cfbd69e61f08c807d8fd5d9996a018ad45 arg  4 mem  19.13 GB tm   3892.45us/  3569.59ms (   3968 GFLOPS    8|761    GB/s) 
*** NV      1144 r_toks_64_16_4_48_2_2_2_4_8_e5cdf9cc2fc4cf071d0b0ce080aedfa02f4cad80a3b0669ecb79cc14a2bf6065 arg  4 mem  19.13 GB tm   8784.96us/  3578.38ms (   2019 GFLOPS    5|483    GB/s) 
*** NV      1145 E_toks_64_16_4_69472d2d47c56b2dc08e2f6244ad50dc409c1a7181a40501164c537a6cedf544 arg  2 mem  19.13 GB tm      3.17us/  3578.38ms (      0 GFLOPS  331|331    GB/s) 
*** NV      1146 E_toks_64_16_4_69472d2d47c56b2dc08e2f6244ad50dc409c1a7181a40501164c537a6cedf544 arg  2 mem  19.13 GB tm      2.30us/  3578.39ms (      0 GFLOPS  455|455    GB/s) 
*** NV      1147 E_toks_64_16_4_69472d2d47c56b2dc08e2f6244ad50dc409c1a7181a40501164c537a6cedf544 arg  2 mem  19.13 GB tm      2.46us/  3578.39ms (      0 GFLOPS  426|426    GB/s) 
*** NV      1148 r_toks_16_256_9bea51c90e96722f78afa38994560b91a5209493ca06e07a50eb2d877dcfb23d arg  2 mem  19.13 GB tm      4.54us/  3578.39ms (     60 GFLOPS  115|123    GB/s) 
*** NV      1149 E_toks_64_16_4_06fd47e9c650e24766c11b129f655c7f35f0220eaa139d5cb9cbb692730058e3 arg  4 mem  19.13 GB tm      2.75us/  3578.39ms (    429 GFLOPS  292|339    GB/s) 
*** NV      1150 r_4_toks_2_8_16_4_16_4_2_4_8_468c6ffa9fd89f3e7da451536d93097a9b7f72c6c3b8d291f928e71eed611826 arg  3 mem  19.13 GB tm   1918.46us/  3580.31ms (   2683 GFLOPS    5|468    GB/s) 
*** NV      1151 r_8_toks_128_16_4_2_32_c4938a4b566be128a7529ef0804c1b993f7b0c3b1f559803a933f15896b5c82d arg  3 mem  19.13 GB tm    357.25us/  3580.67ms (   3625 GFLOPS    8|1292   GB/s) 
*** NV      1152 r_2_toks_8_4_4_16_1a6f7f1a8298a3a32e1ae4103d0c091d4bf33cb345fc242f46181ce9332a9373 arg  2 mem  19.13 GB tm      2.21us/  3580.67ms (    163 GFLOPS  239|386    GB/s) 
*** NV      1153 r_8_toks_16_8_59efef99d29f071000ea271bdbae8212b9a4c3036c2074b5cfe2f8af08763763 arg  2 mem  19.13 GB tm      2.11us/  3580.67ms (     70 GFLOPS   63|202    GB/s) 
*** NV      1154 E_toks_2_8_16_4_4_a0ef7a77c507d336b6f8775adcf32510df2abc21793ab36da3293122f95b5801 arg  4 mem  19.13 GB tm      2.18us/  3580.68ms (    226 GFLOPS  364|422    GB/s) 
*** NV      1155 E_toks_8_2_16_4_ff73096c0717113530e1af4ef8150376846600e51fb5cd7409378f38ff2e6ea6 arg  4 mem  19.13 GB tm      2.11us/  3580.68ms (     58 GFLOPS   94|155    GB/s) 
*** NV      1156 r_2_8_toks_128_16_4_2_32_989a27f8c622e7073edc603c917ee557c3951251e7a1b3adb98f0e92019a8317 arg  5 mem  19.14 GB tm    706.56us/  3581.39ms (   1851 GFLOPS    7|677    GB/s) 
*** NV      1157 r_32_toks_(start_pos+toks)_16_8_6053e42efb4d55a1ca58ae6e1236b570b94078e8ff69ad3ded3a02dca902f678 arg  5 mem  19.14 GB tm     17.89us/  3581.40ms (   3107 GFLOPS  332|8265   GB/s) 
*** NV      1158 r_toks_8_4_(start_pos+toks)_26e8871fb02d1436fe40ca4dcfa2b334d7cdd63fc4d2ebf770557834fb3cc4b5 arg  2 mem  19.14 GB tm      3.78us/  3581.41ms (     17 GFLOPS   36|36     GB/s) 
*** NV      1159 r_toks_8_4_(start_pos+toks)_ea6cf34ee39e812f3859bf1fd519cf8df686204db37f0fa60c182106d3c00aff arg  3 mem  19.14 GB tm      3.49us/  3581.41ms (     38 GFLOPS   40|40     GB/s) 
*** NV      1160 E_toks_(start_pos+toks)_8_4_84acb9c6f744a2bf14b0906425723a78b570c356c452c6ecc7bf969560042ffd arg  4 mem  19.14 GB tm      3.26us/  3581.41ms (     50 GFLOPS   83|161    GB/s) 
*** NV      1161 r_4_toks_2_8_16_4_(start_pos+toks)_cb8f75d3bda69b78fcf94ab8c736a75da3feb4e84706aa0b091e463c1ffacabd arg  3 mem  19.14 GB tm      3.97us/  3581.42ms (   2114 GFLOPS 1750|3303   GB/s) 
*** NV      1162 r_toks_64_16_4_16_2_2_2_4_8_f2d21044fc43f050118addd8d06843c08549a51ff71db6e79bfafef2707541e4 arg  4 mem  19.14 GB tm   1444.13us/  3582.86ms (   3564 GFLOPS    8|808    GB/s) 
*** NV      1163 r_toks_16_256_9bea51c90e96722f78afa38994560b91a5209493ca06e07a50eb2d877dcfb23d arg  2 mem  19.14 GB tm      4.13us/  3582.87ms (     66 GFLOPS  127|136    GB/s) 
*** NV      1164 E_toks_64_16_4_06fd47e9c650e24766c11b129f655c7f35f0220eaa139d5cb9cbb692730058e3 arg  4 mem  19.14 GB tm      2.88us/  3582.87ms (    410 GFLOPS  279|324    GB/s) 
*** NV      1165 r_toks_256_16_3_16_4_2_2_16_5dbb3c5e33bf34384bb05e6ea83ea148a2f6abf3cf6ffae7d2866b5a0ef18a8e arg  3 mem  19.14 GB tm   3879.07us/  3586.75ms (   3982 GFLOPS    8|764    GB/s) 
*** NV      1166 r_toks_256_16_3_16_4_2_2_16_ede295e2782449231e573fd6149a12cfbd69e61f08c807d8fd5d9996a018ad45 arg  4 mem  19.14 GB tm   3888.77us/  3590.64ms (   3972 GFLOPS    8|762    GB/s) 
*** NV      1167 r_toks_64_16_4_48_4_2_4_8_1d91ff8b75344556e189fdaa8922f739be4c13617461342d7bdd2951c50626f5 arg  4 mem  19.14 GB tm   4175.55us/  3594.81ms (   3698 GFLOPS    7|645    GB/s) 
*** NV      1168 E_toks_64_16_4_69472d2d47c56b2dc08e2f6244ad50dc409c1a7181a40501164c537a6cedf544 arg  2 mem  19.14 GB tm      2.78us/  3594.82ms (      0 GFLOPS  377|377    GB/s) 
*** NV      1169 E_toks_64_16_4_69472d2d47c56b2dc08e2f6244ad50dc409c1a7181a40501164c537a6cedf544 arg  2 mem  19.14 GB tm      2.40us/  3594.82ms (      0 GFLOPS  437|437    GB/s) 
*** NV      1170 E_toks_64_16_4_69472d2d47c56b2dc08e2f6244ad50dc409c1a7181a40501164c537a6cedf544 arg  2 mem  19.14 GB tm      2.24us/  3594.82ms (      0 GFLOPS  468|468    GB/s) 
*** NV      1171 r_toks_16_256_9bea51c90e96722f78afa38994560b91a5209493ca06e07a50eb2d877dcfb23d arg  2 mem  19.14 GB tm      4.00us/  3594.82ms (     68 GFLOPS  131|140    GB/s) 
*** NV      1172 E_toks_64_16_4_06fd47e9c650e24766c11b129f655c7f35f0220eaa139d5cb9cbb692730058e3 arg  4 mem  19.14 GB tm      2.50us/  3594.83ms (    473 GFLOPS  322|374    GB/s) 
*** NV      1173 r_4_toks_2_8_16_4_16_4_2_4_8_468c6ffa9fd89f3e7da451536d93097a9b7f72c6c3b8d291f928e71eed611826 arg  3 mem  19.14 GB tm   1884.99us/  3596.71ms (   2731 GFLOPS    5|476    GB/s) 
*** NV      1174 r_8_toks_128_16_4_2_32_c4938a4b566be128a7529ef0804c1b993f7b0c3b1f559803a933f15896b5c82d arg  3 mem  19.14 GB tm    356.80us/  3597.07ms (   3629 GFLOPS    8|1293   GB/s) 
*** NV      1175 r_2_toks_8_4_4_16_1a6f7f1a8298a3a32e1ae4103d0c091d4bf33cb345fc242f46181ce9332a9373 arg  2 mem  19.14 GB tm      2.08us/  3597.07ms (    173 GFLOPS  254|410    GB/s) 
*** NV      1176 r_8_toks_16_8_59efef99d29f071000ea271bdbae8212b9a4c3036c2074b5cfe2f8af08763763 arg  2 mem  19.14 GB tm      2.11us/  3597.07ms (     70 GFLOPS   63|202    GB/s) 
*** NV      1177 E_toks_2_8_16_4_4_a0ef7a77c507d336b6f8775adcf32510df2abc21793ab36da3293122f95b5801 arg  4 mem  19.14 GB tm      2.43us/  3597.08ms (    202 GFLOPS  325|377    GB/s) 
*** NV      1178 E_toks_8_2_16_4_ff73096c0717113530e1af4ef8150376846600e51fb5cd7409378f38ff2e6ea6 arg  4 mem  19.14 GB tm      1.98us/  3597.08ms (     62 GFLOPS  100|165    GB/s) 
*** NV      1179 r_2_8_toks_128_16_4_2_32_989a27f8c622e7073edc603c917ee557c3951251e7a1b3adb98f0e92019a8317 arg  5 mem  19.14 GB tm    706.88us/  3597.78ms (   1850 GFLOPS    7|676    GB/s) 
*** NV      1180 r_32_toks_(start_pos+toks)_16_8_6053e42efb4d55a1ca58ae6e1236b570b94078e8ff69ad3ded3a02dca902f678 arg  5 mem  19.14 GB tm     17.86us/  3597.80ms (   3112 GFLOPS  333|8280   GB/s) 
*** NV      1181 r_toks_8_4_(start_pos+toks)_26e8871fb02d1436fe40ca4dcfa2b334d7cdd63fc4d2ebf770557834fb3cc4b5 arg  2 mem  19.14 GB tm      3.58us/  3597.81ms (     18 GFLOPS   38|38     GB/s) 
*** NV      1182 r_toks_8_4_(start_pos+toks)_ea6cf34ee39e812f3859bf1fd519cf8df686204db37f0fa60c182106d3c00aff arg  3 mem  19.14 GB tm      3.46us/  3597.81ms (     38 GFLOPS   40|40     GB/s) 
*** NV      1183 E_toks_(start_pos+toks)_8_4_84acb9c6f744a2bf14b0906425723a78b570c356c452c6ecc7bf969560042ffd arg  4 mem  19.14 GB tm      3.30us/  3597.81ms (     50 GFLOPS   82|159    GB/s) 
*** NV      1184 r_4_toks_2_8_16_4_(start_pos+toks)_cb8f75d3bda69b78fcf94ab8c736a75da3feb4e84706aa0b091e463c1ffacabd arg  3 mem  19.14 GB tm      4.03us/  3597.82ms (   2081 GFLOPS 1722|3251   GB/s) 
*** NV      1185 r_toks_64_16_4_16_2_2_2_4_8_f2d21044fc43f050118addd8d06843c08549a51ff71db6e79bfafef2707541e4 arg  4 mem  19.14 GB tm   1453.70us/  3599.27ms (   3541 GFLOPS    8|803    GB/s) 
*** NV      1186 r_toks_16_256_9bea51c90e96722f78afa38994560b91a5209493ca06e07a50eb2d877dcfb23d arg  2 mem  19.14 GB tm      4.35us/  3599.27ms (     63 GFLOPS  121|129    GB/s) 
*** NV      1187 E_toks_64_16_4_06fd47e9c650e24766c11b129f655c7f35f0220eaa139d5cb9cbb692730058e3 arg  4 mem  19.14 GB tm      2.85us/  3599.28ms (    414 GFLOPS  282|328    GB/s) 
*** NV      1188 r_toks_256_16_3_16_4_2_2_16_5dbb3c5e33bf34384bb05e6ea83ea148a2f6abf3cf6ffae7d2866b5a0ef18a8e arg  3 mem  19.14 GB tm   3878.24us/  3603.16ms (   3983 GFLOPS    8|764    GB/s) 
*** NV      1189 r_toks_256_16_3_16_4_2_2_16_ede295e2782449231e573fd6149a12cfbd69e61f08c807d8fd5d9996a018ad45 arg  4 mem  19.14 GB tm   3891.94us/  3607.05ms (   3969 GFLOPS    8|761    GB/s) 
*** NV      1190 r_toks_64_16_4_48_4_2_4_8_1d91ff8b75344556e189fdaa8922f739be4c13617461342d7bdd2951c50626f5 arg  4 mem  19.14 GB tm   4173.15us/  3611.22ms (   3700 GFLOPS    7|646    GB/s) 
*** NV      1191 E_toks_64_16_4_69472d2d47c56b2dc08e2f6244ad50dc409c1a7181a40501164c537a6cedf544 arg  2 mem  19.14 GB tm      2.69us/  3611.22ms (      0 GFLOPS  390|390    GB/s) 
*** NV      1192 E_toks_64_16_4_69472d2d47c56b2dc08e2f6244ad50dc409c1a7181a40501164c537a6cedf544 arg  2 mem  19.14 GB tm      2.27us/  3611.23ms (      0 GFLOPS  462|462    GB/s) 
*** NV      1193 E_toks_64_16_4_69472d2d47c56b2dc08e2f6244ad50dc409c1a7181a40501164c537a6cedf544 arg  2 mem  19.14 GB tm      3.46us/  3611.23ms (      0 GFLOPS  303|303    GB/s) 
*** NV      1194 r_toks_16_256_9bea51c90e96722f78afa38994560b91a5209493ca06e07a50eb2d877dcfb23d arg  2 mem  19.14 GB tm      4.58us/  3611.23ms (     60 GFLOPS  115|123    GB/s) 
*** NV      1195 E_toks_64_16_4_06fd47e9c650e24766c11b129f655c7f35f0220eaa139d5cb9cbb692730058e3 arg  4 mem  19.14 GB tm      2.91us/  3611.24ms (    405 GFLOPS  276|321    GB/s) 
*** NV      1196 r_4_toks_2_8_16_4_16_4_2_4_8_468c6ffa9fd89f3e7da451536d93097a9b7f72c6c3b8d291f928e71eed611826 arg  3 mem  19.14 GB tm   1918.24us/  3613.15ms (   2683 GFLOPS    5|468    GB/s) 
*** NV      1197 r_8_toks_128_16_4_2_32_c4938a4b566be128a7529ef0804c1b993f7b0c3b1f559803a933f15896b5c82d arg  3 mem  19.14 GB tm    357.12us/  3613.51ms (   3626 GFLOPS    8|1292   GB/s) 
*** NV      1198 r_2_toks_8_4_4_16_1a6f7f1a8298a3a32e1ae4103d0c091d4bf33cb345fc242f46181ce9332a9373 arg  2 mem  19.14 GB tm      2.11us/  3613.51ms (    171 GFLOPS  250|403    GB/s) 
*** NV      1199 r_8_toks_16_8_59efef99d29f071000ea271bdbae8212b9a4c3036c2074b5cfe2f8af08763763 arg  2 mem  19.14 GB tm      2.11us/  3613.52ms (     70 GFLOPS   63|202    GB/s) 
*** NV      1200 E_toks_2_8_16_4_4_a0ef7a77c507d336b6f8775adcf32510df2abc21793ab36da3293122f95b5801 arg  4 mem  19.14 GB tm      2.14us/  3613.52ms (    229 GFLOPS  369|428    GB/s) 
*** NV      1201 E_toks_8_2_16_4_ff73096c0717113530e1af4ef8150376846600e51fb5cd7409378f38ff2e6ea6 arg  4 mem  19.14 GB tm      1.92us/  3613.52ms (     64 GFLOPS  103|171    GB/s) 
*** NV      1202 r_2_8_toks_128_16_2_2_2_32_0c1c7e46169e63cd5facbf3871438ca9666529e366bfdab373ff24c18ad4a836 arg  5 mem  19.15 GB tm    886.43us/  3614.41ms (   1691 GFLOPS    7|817    GB/s) 
*** NV      1203 r_32_toks_(start_pos+toks)_16_8_6053e42efb4d55a1ca58ae6e1236b570b94078e8ff69ad3ded3a02dca902f678 arg  5 mem  19.15 GB tm     17.50us/  3614.42ms (   3175 GFLOPS  340|8447   GB/s) 
*** NV      1204 r_toks_8_4_(start_pos+toks)_26e8871fb02d1436fe40ca4dcfa2b334d7cdd63fc4d2ebf770557834fb3cc4b5 arg  2 mem  19.15 GB tm      3.81us/  3614.43ms (     17 GFLOPS   35|35     GB/s) 
*** NV      1205 r_toks_8_4_(start_pos+toks)_ea6cf34ee39e812f3859bf1fd519cf8df686204db37f0fa60c182106d3c00aff arg  3 mem  19.15 GB tm      3.49us/  3614.43ms (     38 GFLOPS   40|40     GB/s) 
*** NV      1206 E_toks_(start_pos+toks)_8_4_84acb9c6f744a2bf14b0906425723a78b570c356c452c6ecc7bf969560042ffd arg  4 mem  19.15 GB tm      3.33us/  3614.43ms (     49 GFLOPS   81|158    GB/s) 
*** NV      1207 r_4_toks_2_8_16_4_(start_pos+toks)_cb8f75d3bda69b78fcf94ab8c736a75da3feb4e84706aa0b091e463c1ffacabd arg  3 mem  19.15 GB tm      3.81us/  3614.44ms (   2203 GFLOPS 1823|3442   GB/s) 
*** NV      1208 r_toks_64_16_4_16_2_2_2_4_8_f2d21044fc43f050118addd8d06843c08549a51ff71db6e79bfafef2707541e4 arg  4 mem  19.15 GB tm   1461.70us/  3615.90ms (   3522 GFLOPS    8|798    GB/s) 
*** NV      1209 r_toks_16_256_9bea51c90e96722f78afa38994560b91a5209493ca06e07a50eb2d877dcfb23d arg  2 mem  19.15 GB tm      4.13us/  3615.90ms (     66 GFLOPS  127|136    GB/s) 
*** NV      1210 E_toks_64_16_4_06fd47e9c650e24766c11b129f655c7f35f0220eaa139d5cb9cbb692730058e3 arg  4 mem  19.15 GB tm      2.85us/  3615.91ms (    414 GFLOPS  282|328    GB/s) 
*** NV      1211 r_toks_256_16_3_16_4_2_2_16_5dbb3c5e33bf34384bb05e6ea83ea148a2f6abf3cf6ffae7d2866b5a0ef18a8e arg  3 mem  19.15 GB tm   3879.42us/  3619.79ms (   3982 GFLOPS    8|764    GB/s) 
*** NV      1212 r_toks_256_16_3_16_4_2_2_16_ede295e2782449231e573fd6149a12cfbd69e61f08c807d8fd5d9996a018ad45 arg  4 mem  19.15 GB tm   3890.69us/  3623.68ms (   3970 GFLOPS    8|761    GB/s) 
*** NV      1213 r_toks_64_16_4_48_2_2_2_4_8_e5cdf9cc2fc4cf071d0b0ce080aedfa02f4cad80a3b0669ecb79cc14a2bf6065 arg  4 mem  19.15 GB tm   8789.47us/  3632.47ms (   2018 GFLOPS    5|483    GB/s) 
*** NV      1214 E_toks_64_16_4_69472d2d47c56b2dc08e2f6244ad50dc409c1a7181a40501164c537a6cedf544 arg  2 mem  19.15 GB tm      2.75us/  3632.47ms (      0 GFLOPS  381|381    GB/s) 
*** NV      1215 E_toks_64_16_4_69472d2d47c56b2dc08e2f6244ad50dc409c1a7181a40501164c537a6cedf544 arg  2 mem  19.15 GB tm      3.36us/  3632.47ms (      0 GFLOPS  312|312    GB/s) 
*** NV      1216 E_toks_64_16_4_69472d2d47c56b2dc08e2f6244ad50dc409c1a7181a40501164c537a6cedf544 arg  2 mem  19.15 GB tm      2.30us/  3632.47ms (      0 GFLOPS  455|455    GB/s) 
*** NV      1217 r_toks_16_256_9bea51c90e96722f78afa38994560b91a5209493ca06e07a50eb2d877dcfb23d arg  2 mem  19.15 GB tm      4.58us/  3632.48ms (     60 GFLOPS  115|123    GB/s) 
*** NV      1218 E_toks_64_16_4_06fd47e9c650e24766c11b129f655c7f35f0220eaa139d5cb9cbb692730058e3 arg  4 mem  19.15 GB tm      2.82us/  3632.48ms (    419 GFLOPS  285|332    GB/s) 
*** NV      1219 r_4_toks_2_8_16_4_16_4_2_4_8_468c6ffa9fd89f3e7da451536d93097a9b7f72c6c3b8d291f928e71eed611826 arg  3 mem  19.15 GB tm   1946.59us/  3634.43ms (   2644 GFLOPS    5|461    GB/s) 
*** NV      1220 r_8_toks_128_16_4_2_32_c4938a4b566be128a7529ef0804c1b993f7b0c3b1f559803a933f15896b5c82d arg  3 mem  19.15 GB tm    357.18us/  3634.79ms (   3626 GFLOPS    8|1292   GB/s) 
*** NV      1221 r_2_toks_8_4_4_16_1a6f7f1a8298a3a32e1ae4103d0c091d4bf33cb345fc242f46181ce9332a9373 arg  2 mem  19.15 GB tm      2.11us/  3634.79ms (    171 GFLOPS  250|403    GB/s) 
*** NV      1222 r_8_toks_16_8_59efef99d29f071000ea271bdbae8212b9a4c3036c2074b5cfe2f8af08763763 arg  2 mem  19.15 GB tm      2.14us/  3634.79ms (     69 GFLOPS   62|199    GB/s) 
*** NV      1223 E_toks_2_8_16_4_4_a0ef7a77c507d336b6f8775adcf32510df2abc21793ab36da3293122f95b5801 arg  4 mem  19.15 GB tm      2.18us/  3634.79ms (    226 GFLOPS  364|422    GB/s) 
*** NV      1224 E_toks_8_2_16_4_ff73096c0717113530e1af4ef8150376846600e51fb5cd7409378f38ff2e6ea6 arg  4 mem  19.15 GB tm      1.95us/  3634.79ms (     63 GFLOPS  102|168    GB/s) 
*** NV      1225 r_2_8_toks_128_16_4_2_32_989a27f8c622e7073edc603c917ee557c3951251e7a1b3adb98f0e92019a8317 arg  5 mem  19.15 GB tm    706.46us/  3635.50ms (   1851 GFLOPS    7|677    GB/s) 
*** NV      1226 r_32_toks_(start_pos+toks)_16_8_6053e42efb4d55a1ca58ae6e1236b570b94078e8ff69ad3ded3a02dca902f678 arg  5 mem  19.15 GB tm     17.95us/  3635.52ms (   3096 GFLOPS  331|8236   GB/s) 
*** NV      1227 r_toks_8_4_(start_pos+toks)_26e8871fb02d1436fe40ca4dcfa2b334d7cdd63fc4d2ebf770557834fb3cc4b5 arg  2 mem  19.15 GB tm      3.68us/  3635.52ms (     18 GFLOPS   37|37     GB/s) 
*** NV      1228 r_toks_8_4_(start_pos+toks)_ea6cf34ee39e812f3859bf1fd519cf8df686204db37f0fa60c182106d3c00aff arg  3 mem  19.15 GB tm      3.42us/  3635.53ms (     38 GFLOPS   41|41     GB/s) 
*** NV      1229 E_toks_(start_pos+toks)_8_4_84acb9c6f744a2bf14b0906425723a78b570c356c452c6ecc7bf969560042ffd arg  4 mem  19.15 GB tm      3.26us/  3635.53ms (     50 GFLOPS   83|161    GB/s) 
*** NV      1230 r_4_toks_2_8_16_4_(start_pos+toks)_cb8f75d3bda69b78fcf94ab8c736a75da3feb4e84706aa0b091e463c1ffacabd arg  3 mem  19.15 GB tm      3.94us/  3635.53ms (   2131 GFLOPS 1764|3330   GB/s) 
*** NV      1231 r_toks_64_16_4_16_2_2_2_4_8_f2d21044fc43f050118addd8d06843c08549a51ff71db6e79bfafef2707541e4 arg  4 mem  19.15 GB tm   1412.90us/  3636.95ms (   3643 GFLOPS    8|826    GB/s) 
*** NV      1232 r_toks_16_256_9bea51c90e96722f78afa38994560b91a5209493ca06e07a50eb2d877dcfb23d arg  2 mem  19.15 GB tm      4.16us/  3636.95ms (     65 GFLOPS  126|135    GB/s) 
*** NV      1233 E_toks_64_16_4_06fd47e9c650e24766c11b129f655c7f35f0220eaa139d5cb9cbb692730058e3 arg  4 mem  19.15 GB tm      2.91us/  3636.95ms (    405 GFLOPS  276|321    GB/s) 
*** NV      1234 r_toks_256_16_3_16_4_2_2_16_5dbb3c5e33bf34384bb05e6ea83ea148a2f6abf3cf6ffae7d2866b5a0ef18a8e arg  3 mem  19.15 GB tm   3877.89us/  3640.83ms (   3983 GFLOPS    8|764    GB/s) 
*** NV      1235 r_toks_256_16_3_16_4_2_2_16_ede295e2782449231e573fd6149a12cfbd69e61f08c807d8fd5d9996a018ad45 arg  4 mem  19.15 GB tm   3892.99us/  3644.72ms (   3968 GFLOPS    8|761    GB/s) 
*** NV      1236 r_toks_64_16_4_48_4_2_4_8_1d91ff8b75344556e189fdaa8922f739be4c13617461342d7bdd2951c50626f5 arg  4 mem  19.15 GB tm   4168.70us/  3648.89ms (   3704 GFLOPS    7|646    GB/s) 
*** NV      1237 E_toks_64_16_4_69472d2d47c56b2dc08e2f6244ad50dc409c1a7181a40501164c537a6cedf544 arg  2 mem  19.15 GB tm      3.20us/  3648.90ms (      0 GFLOPS  328|328    GB/s) 
*** NV      1238 E_toks_64_16_4_69472d2d47c56b2dc08e2f6244ad50dc409c1a7181a40501164c537a6cedf544 arg  2 mem  19.15 GB tm      2.24us/  3648.90ms (      0 GFLOPS  468|468    GB/s) 
*** NV      1239 E_toks_64_16_4_69472d2d47c56b2dc08e2f6244ad50dc409c1a7181a40501164c537a6cedf544 arg  2 mem  19.15 GB tm      2.40us/  3648.90ms (      0 GFLOPS  437|437    GB/s) 
*** NV      1240 r_toks_16_256_9bea51c90e96722f78afa38994560b91a5209493ca06e07a50eb2d877dcfb23d arg  2 mem  19.15 GB tm      4.13us/  3648.90ms (     66 GFLOPS  127|136    GB/s) 
*** NV      1241 E_toks_64_16_4_06fd47e9c650e24766c11b129f655c7f35f0220eaa139d5cb9cbb692730058e3 arg  4 mem  19.15 GB tm      2.69us/  3648.91ms (    439 GFLOPS  299|347    GB/s) 
*** NV      1242 r_4_toks_2_8_16_4_16_4_2_4_8_468c6ffa9fd89f3e7da451536d93097a9b7f72c6c3b8d291f928e71eed611826 arg  3 mem  19.15 GB tm   1876.00us/  3650.78ms (   2744 GFLOPS    5|479    GB/s) 
*** NV      1243 r_8_toks_128_16_4_2_32_c4938a4b566be128a7529ef0804c1b993f7b0c3b1f559803a933f15896b5c82d arg  3 mem  19.15 GB tm    357.44us/  3651.14ms (   3623 GFLOPS    8|1291   GB/s) 
*** NV      1244 r_2_toks_8_4_4_16_1a6f7f1a8298a3a32e1ae4103d0c091d4bf33cb345fc242f46181ce9332a9373 arg  2 mem  19.15 GB tm      2.14us/  3651.14ms (    168 GFLOPS  246|397    GB/s) 
*** NV      1245 r_8_toks_16_8_59efef99d29f071000ea271bdbae8212b9a4c3036c2074b5cfe2f8af08763763 arg  2 mem  19.15 GB tm      2.14us/  3651.15ms (     69 GFLOPS   62|199    GB/s) 
*** NV      1246 E_toks_2_8_16_4_4_a0ef7a77c507d336b6f8775adcf32510df2abc21793ab36da3293122f95b5801 arg  4 mem  19.15 GB tm      2.18us/  3651.15ms (    226 GFLOPS  364|422    GB/s) 
*** NV      1247 E_toks_8_2_16_4_ff73096c0717113530e1af4ef8150376846600e51fb5cd7409378f38ff2e6ea6 arg  4 mem  19.15 GB tm      1.98us/  3651.15ms (     62 GFLOPS  100|165    GB/s) 
*** NV      1248 r_2_8_toks_128_16_4_2_32_989a27f8c622e7073edc603c917ee557c3951251e7a1b3adb98f0e92019a8317 arg  5 mem  19.16 GB tm    707.14us/  3651.86ms (   1849 GFLOPS    7|676    GB/s) 
*** NV      1249 r_32_toks_(start_pos+toks)_16_8_6053e42efb4d55a1ca58ae6e1236b570b94078e8ff69ad3ded3a02dca902f678 arg  5 mem  19.16 GB tm     17.86us/  3651.87ms (   3112 GFLOPS  333|8280   GB/s) 
*** NV      1250 r_toks_8_4_(start_pos+toks)_26e8871fb02d1436fe40ca4dcfa2b334d7cdd63fc4d2ebf770557834fb3cc4b5 arg  2 mem  19.16 GB tm      3.68us/  3651.88ms (     18 GFLOPS   37|37     GB/s) 
*** NV      1251 r_toks_8_4_(start_pos+toks)_ea6cf34ee39e812f3859bf1fd519cf8df686204db37f0fa60c182106d3c00aff arg  3 mem  19.16 GB tm      3.46us/  3651.88ms (     38 GFLOPS   40|40     GB/s) 
*** NV      1252 E_toks_(start_pos+toks)_8_4_84acb9c6f744a2bf14b0906425723a78b570c356c452c6ecc7bf969560042ffd arg  4 mem  19.16 GB tm      3.26us/  3651.88ms (     50 GFLOPS   83|161    GB/s) 
*** NV      1253 r_4_toks_2_8_16_4_(start_pos+toks)_cb8f75d3bda69b78fcf94ab8c736a75da3feb4e84706aa0b091e463c1ffacabd arg  3 mem  19.16 GB tm      4.06us/  3651.89ms (   2064 GFLOPS 1708|3225   GB/s) 
*** NV      1254 r_toks_64_16_4_16_2_2_2_4_8_f2d21044fc43f050118addd8d06843c08549a51ff71db6e79bfafef2707541e4 arg  4 mem  19.16 GB tm   1434.88us/  3653.32ms (   3587 GFLOPS    8|813    GB/s) 
*** NV      1255 r_toks_16_256_9bea51c90e96722f78afa38994560b91a5209493ca06e07a50eb2d877dcfb23d arg  2 mem  19.16 GB tm      4.26us/  3653.33ms (     64 GFLOPS  123|132    GB/s) 
*** NV      1256 E_toks_64_16_4_06fd47e9c650e24766c11b129f655c7f35f0220eaa139d5cb9cbb692730058e3 arg  4 mem  19.16 GB tm      2.88us/  3653.33ms (    410 GFLOPS  279|324    GB/s) 
*** NV      1257 r_toks_256_16_3_16_4_2_2_16_5dbb3c5e33bf34384bb05e6ea83ea148a2f6abf3cf6ffae7d2866b5a0ef18a8e arg  3 mem  19.16 GB tm   3878.34us/  3657.21ms (   3983 GFLOPS    8|764    GB/s) 
*** NV      1258 r_toks_256_16_3_16_4_2_2_16_ede295e2782449231e573fd6149a12cfbd69e61f08c807d8fd5d9996a018ad45 arg  4 mem  19.16 GB tm   3910.91us/  3661.12ms (   3949 GFLOPS    8|758    GB/s) 
*** NV      1259 r_toks_64_16_4_48_4_2_4_8_1d91ff8b75344556e189fdaa8922f739be4c13617461342d7bdd2951c50626f5 arg  4 mem  19.16 GB tm   4172.00us/  3665.29ms (   3701 GFLOPS    7|646    GB/s) 
*** NV      1260 E_toks_64_16_4_69472d2d47c56b2dc08e2f6244ad50dc409c1a7181a40501164c537a6cedf544 arg  2 mem  19.16 GB tm      2.72us/  3665.29ms (      0 GFLOPS  386|386    GB/s) 
*** NV      1261 E_toks_64_16_4_69472d2d47c56b2dc08e2f6244ad50dc409c1a7181a40501164c537a6cedf544 arg  2 mem  19.16 GB tm      2.43us/  3665.30ms (      0 GFLOPS  431|431    GB/s) 
*** NV      1262 E_toks_64_16_4_69472d2d47c56b2dc08e2f6244ad50dc409c1a7181a40501164c537a6cedf544 arg  2 mem  19.16 GB tm      2.30us/  3665.30ms (      0 GFLOPS  455|455    GB/s) 
*** NV      1263 r_toks_16_256_9bea51c90e96722f78afa38994560b91a5209493ca06e07a50eb2d877dcfb23d arg  2 mem  19.16 GB tm      4.03us/  3665.30ms (     68 GFLOPS  130|139    GB/s) 
*** NV      1264 E_toks_64_16_4_06fd47e9c650e24766c11b129f655c7f35f0220eaa139d5cb9cbb692730058e3 arg  4 mem  19.16 GB tm      2.50us/  3665.31ms (    473 GFLOPS  322|374    GB/s) 
*** NV      1265 r_4_toks_2_8_16_4_16_4_2_4_8_468c6ffa9fd89f3e7da451536d93097a9b7f72c6c3b8d291f928e71eed611826 arg  3 mem  19.16 GB tm   1884.61us/  3667.19ms (   2731 GFLOPS    5|477    GB/s) 
*** NV      1266 r_8_toks_128_16_4_2_32_c4938a4b566be128a7529ef0804c1b993f7b0c3b1f559803a933f15896b5c82d arg  3 mem  19.16 GB tm    356.93us/  3667.55ms (   3628 GFLOPS    8|1293   GB/s) 
*** NV      1267 r_2_toks_8_4_4_16_1a6f7f1a8298a3a32e1ae4103d0c091d4bf33cb345fc242f46181ce9332a9373 arg  2 mem  19.16 GB tm      2.14us/  3667.55ms (    168 GFLOPS  246|397    GB/s) 
*** NV      1268 r_8_toks_16_8_59efef99d29f071000ea271bdbae8212b9a4c3036c2074b5cfe2f8af08763763 arg  2 mem  19.16 GB tm      2.14us/  3667.55ms (     69 GFLOPS   62|199    GB/s) 
*** NV      1269 E_toks_2_8_16_4_4_a0ef7a77c507d336b6f8775adcf32510df2abc21793ab36da3293122f95b5801 arg  4 mem  19.16 GB tm      2.30us/  3667.55ms (    213 GFLOPS  343|398    GB/s) 
*** NV      1270 E_toks_8_2_16_4_ff73096c0717113530e1af4ef8150376846600e51fb5cd7409378f38ff2e6ea6 arg  4 mem  19.16 GB tm      1.92us/  3667.56ms (     64 GFLOPS  103|171    GB/s) 
*** NV      1271 r_2_8_toks_128_16_2_2_2_32_0c1c7e46169e63cd5facbf3871438ca9666529e366bfdab373ff24c18ad4a836 arg  5 mem  19.16 GB tm    888.51us/  3668.44ms (   1687 GFLOPS    7|815    GB/s) 
*** NV      1272 r_32_toks_(start_pos+toks)_16_8_6053e42efb4d55a1ca58ae6e1236b570b94078e8ff69ad3ded3a02dca902f678 arg  5 mem  19.16 GB tm     17.41us/  3668.46ms (   3192 GFLOPS  342|8493   GB/s) 
*** NV      1273 r_toks_8_4_(start_pos+toks)_26e8871fb02d1436fe40ca4dcfa2b334d7cdd63fc4d2ebf770557834fb3cc4b5 arg  2 mem  19.16 GB tm      3.62us/  3668.47ms (     18 GFLOPS   37|37     GB/s) 
*** NV      1274 r_toks_8_4_(start_pos+toks)_ea6cf34ee39e812f3859bf1fd519cf8df686204db37f0fa60c182106d3c00aff arg  3 mem  19.16 GB tm      3.42us/  3668.47ms (     38 GFLOPS   41|41     GB/s) 
*** NV      1275 E_toks_(start_pos+toks)_8_4_84acb9c6f744a2bf14b0906425723a78b570c356c452c6ecc7bf969560042ffd arg  4 mem  19.16 GB tm      3.36us/  3668.47ms (     49 GFLOPS   80|156    GB/s) 
*** NV      1276 r_4_toks_2_8_16_4_(start_pos+toks)_cb8f75d3bda69b78fcf94ab8c736a75da3feb4e84706aa0b091e463c1ffacabd arg  3 mem  19.16 GB tm      3.94us/  3668.48ms (   2131 GFLOPS 1764|3330   GB/s) 
*** NV      1277 r_toks_64_16_4_16_2_2_2_4_8_f2d21044fc43f050118addd8d06843c08549a51ff71db6e79bfafef2707541e4 arg  4 mem  19.16 GB tm   1403.84us/  3669.88ms (   3667 GFLOPS    8|831    GB/s) 
*** NV      1278 r_toks_16_256_9bea51c90e96722f78afa38994560b91a5209493ca06e07a50eb2d877dcfb23d arg  2 mem  19.16 GB tm      4.35us/  3669.88ms (     63 GFLOPS  121|129    GB/s) 
*** NV      1279 E_toks_64_16_4_06fd47e9c650e24766c11b129f655c7f35f0220eaa139d5cb9cbb692730058e3 arg  4 mem  19.16 GB tm      2.91us/  3669.89ms (    405 GFLOPS  276|321    GB/s) 
*** NV      1280 r_toks_256_16_3_16_4_2_2_16_5dbb3c5e33bf34384bb05e6ea83ea148a2f6abf3cf6ffae7d2866b5a0ef18a8e arg  3 mem  19.16 GB tm   3880.45us/  3673.77ms (   3981 GFLOPS    8|763    GB/s) 
*** NV      1281 r_toks_256_16_3_16_4_2_2_16_ede295e2782449231e573fd6149a12cfbd69e61f08c807d8fd5d9996a018ad45 arg  4 mem  19.16 GB tm   3903.10us/  3677.67ms (   3957 GFLOPS    8|759    GB/s) 
*** NV      1282 r_toks_64_16_4_48_2_2_2_4_8_e5cdf9cc2fc4cf071d0b0ce080aedfa02f4cad80a3b0669ecb79cc14a2bf6065 arg  4 mem  19.16 GB tm   8783.23us/  3686.45ms (   2019 GFLOPS    5|483    GB/s) 
*** NV      1283 E_toks_64_16_4_69472d2d47c56b2dc08e2f6244ad50dc409c1a7181a40501164c537a6cedf544 arg  2 mem  19.16 GB tm      2.75us/  3686.46ms (      0 GFLOPS  381|381    GB/s) 
*** NV      1284 E_toks_64_16_4_69472d2d47c56b2dc08e2f6244ad50dc409c1a7181a40501164c537a6cedf544 arg  2 mem  19.16 GB tm      2.27us/  3686.46ms (      0 GFLOPS  462|462    GB/s) 
*** NV      1285 E_toks_64_16_4_69472d2d47c56b2dc08e2f6244ad50dc409c1a7181a40501164c537a6cedf544 arg  2 mem  19.16 GB tm      3.17us/  3686.46ms (      0 GFLOPS  331|331    GB/s) 
*** NV      1286 r_toks_16_256_9bea51c90e96722f78afa38994560b91a5209493ca06e07a50eb2d877dcfb23d arg  2 mem  19.16 GB tm      4.61us/  3686.47ms (     59 GFLOPS  114|122    GB/s) 
*** NV      1287 E_toks_64_16_4_06fd47e9c650e24766c11b129f655c7f35f0220eaa139d5cb9cbb692730058e3 arg  4 mem  19.16 GB tm      2.94us/  3686.47ms (    401 GFLOPS  273|317    GB/s) 
*** NV      1288 r_4_toks_2_8_16_4_16_4_2_4_8_468c6ffa9fd89f3e7da451536d93097a9b7f72c6c3b8d291f928e71eed611826 arg  3 mem  19.16 GB tm   1873.73us/  3688.34ms (   2747 GFLOPS    5|479    GB/s) 
*** NV      1289 r_8_toks_128_16_4_2_32_c4938a4b566be128a7529ef0804c1b993f7b0c3b1f559803a933f15896b5c82d arg  3 mem  19.16 GB tm    357.31us/  3688.70ms (   3624 GFLOPS    8|1291   GB/s) 
*** NV      1290 r_2_toks_8_4_4_16_1a6f7f1a8298a3a32e1ae4103d0c091d4bf33cb345fc242f46181ce9332a9373 arg  2 mem  19.16 GB tm      2.11us/  3688.70ms (    171 GFLOPS  250|403    GB/s) 
*** NV      1291 r_8_toks_16_8_59efef99d29f071000ea271bdbae8212b9a4c3036c2074b5cfe2f8af08763763 arg  2 mem  19.16 GB tm      2.14us/  3688.71ms (     69 GFLOPS   62|199    GB/s) 
*** NV      1292 E_toks_2_8_16_4_4_a0ef7a77c507d336b6f8775adcf32510df2abc21793ab36da3293122f95b5801 arg  4 mem  19.16 GB tm      2.21us/  3688.71ms (    223 GFLOPS  358|416    GB/s) 
*** NV      1293 E_toks_8_2_16_4_ff73096c0717113530e1af4ef8150376846600e51fb5cd7409378f38ff2e6ea6 arg  4 mem  19.16 GB tm      2.08us/  3688.71ms (     59 GFLOPS   95|158    GB/s) 
*** NV      1294 r_2_8_toks_128_16_4_2_32_989a27f8c622e7073edc603c917ee557c3951251e7a1b3adb98f0e92019a8317 arg  5 mem  19.17 GB tm    706.75us/  3689.42ms (   1850 GFLOPS    7|677    GB/s) 
*** NV      1295 r_32_toks_(start_pos+toks)_16_8_6053e42efb4d55a1ca58ae6e1236b570b94078e8ff69ad3ded3a02dca902f678 arg  5 mem  19.17 GB tm     17.82us/  3689.43ms (   3118 GFLOPS  334|8295   GB/s) 
*** NV      1296 r_toks_8_4_(start_pos+toks)_26e8871fb02d1436fe40ca4dcfa2b334d7cdd63fc4d2ebf770557834fb3cc4b5 arg  2 mem  19.17 GB tm      3.65us/  3689.44ms (     18 GFLOPS   37|37     GB/s) 
*** NV      1297 r_toks_8_4_(start_pos+toks)_ea6cf34ee39e812f3859bf1fd519cf8df686204db37f0fa60c182106d3c00aff arg  3 mem  19.17 GB tm      3.46us/  3689.44ms (     38 GFLOPS   40|40     GB/s) 
*** NV      1298 E_toks_(start_pos+toks)_8_4_84acb9c6f744a2bf14b0906425723a78b570c356c452c6ecc7bf969560042ffd arg  4 mem  19.17 GB tm      3.36us/  3689.44ms (     49 GFLOPS   80|156    GB/s) 
*** NV      1299 r_4_toks_2_8_16_4_(start_pos+toks)_cb8f75d3bda69b78fcf94ab8c736a75da3feb4e84706aa0b091e463c1ffacabd arg  3 mem  19.17 GB tm      4.16us/  3689.45ms (   2016 GFLOPS 1669|3151   GB/s) 
*** NV      1300 r_toks_64_16_4_16_2_2_2_4_8_f2d21044fc43f050118addd8d06843c08549a51ff71db6e79bfafef2707541e4 arg  4 mem  19.17 GB tm   1460.90us/  3690.91ms (   3523 GFLOPS    8|799    GB/s) 
*** NV      1301 r_toks_16_256_9bea51c90e96722f78afa38994560b91a5209493ca06e07a50eb2d877dcfb23d arg  2 mem  19.17 GB tm      4.10us/  3690.91ms (     66 GFLOPS  128|137    GB/s) 
*** NV      1302 E_toks_64_16_4_06fd47e9c650e24766c11b129f655c7f35f0220eaa139d5cb9cbb692730058e3 arg  4 mem  19.17 GB tm      2.88us/  3690.92ms (    410 GFLOPS  279|324    GB/s) 
*** NV      1303 r_toks_256_16_3_16_4_2_2_16_5dbb3c5e33bf34384bb05e6ea83ea148a2f6abf3cf6ffae7d2866b5a0ef18a8e arg  3 mem  19.17 GB tm   3876.77us/  3694.79ms (   3985 GFLOPS    8|764    GB/s) 
*** NV      1304 r_toks_256_16_3_16_4_2_2_16_ede295e2782449231e573fd6149a12cfbd69e61f08c807d8fd5d9996a018ad45 arg  4 mem  19.17 GB tm   3891.46us/  3698.68ms (   3969 GFLOPS    8|761    GB/s) 
*** NV      1305 r_toks_64_16_4_48_4_2_4_8_1d91ff8b75344556e189fdaa8922f739be4c13617461342d7bdd2951c50626f5 arg  4 mem  19.17 GB tm   4170.59us/  3702.86ms (   3702 GFLOPS    7|646    GB/s) 
*** NV      1306 E_toks_64_16_4_69472d2d47c56b2dc08e2f6244ad50dc409c1a7181a40501164c537a6cedf544 arg  2 mem  19.17 GB tm      2.72us/  3702.86ms (      0 GFLOPS  386|386    GB/s) 
*** NV      1307 E_toks_64_16_4_69472d2d47c56b2dc08e2f6244ad50dc409c1a7181a40501164c537a6cedf544 arg  2 mem  19.17 GB tm      3.17us/  3702.86ms (      0 GFLOPS  331|331    GB/s) 
*** NV      1308 E_toks_64_16_4_69472d2d47c56b2dc08e2f6244ad50dc409c1a7181a40501164c537a6cedf544 arg  2 mem  19.17 GB tm      2.30us/  3702.86ms (      0 GFLOPS  455|455    GB/s) 
*** NV      1309 r_toks_16_256_9bea51c90e96722f78afa38994560b91a5209493ca06e07a50eb2d877dcfb23d arg  2 mem  19.17 GB tm      4.03us/  3702.87ms (     68 GFLOPS  130|139    GB/s) 
*** NV      1310 E_toks_64_16_4_06fd47e9c650e24766c11b129f655c7f35f0220eaa139d5cb9cbb692730058e3 arg  4 mem  19.17 GB tm      2.69us/  3702.87ms (    439 GFLOPS  299|347    GB/s) 
*** NV      1311 r_4_toks_2_8_16_4_16_4_2_4_8_468c6ffa9fd89f3e7da451536d93097a9b7f72c6c3b8d291f928e71eed611826 arg  3 mem  19.17 GB tm   1896.54us/  3704.77ms (   2714 GFLOPS    5|474    GB/s) 
*** NV      1312 r_8_toks_128_16_4_2_32_c4938a4b566be128a7529ef0804c1b993f7b0c3b1f559803a933f15896b5c82d arg  3 mem  19.17 GB tm    357.47us/  3705.12ms (   3623 GFLOPS    8|1291   GB/s) 
*** NV      1313 r_2_toks_8_4_4_16_1a6f7f1a8298a3a32e1ae4103d0c091d4bf33cb345fc242f46181ce9332a9373 arg  2 mem  19.17 GB tm      2.11us/  3705.13ms (    171 GFLOPS  250|403    GB/s) 
*** NV      1314 r_8_toks_16_8_59efef99d29f071000ea271bdbae8212b9a4c3036c2074b5cfe2f8af08763763 arg  2 mem  19.17 GB tm      2.11us/  3705.13ms (     70 GFLOPS   63|202    GB/s) 
*** NV      1315 E_toks_2_8_16_4_4_a0ef7a77c507d336b6f8775adcf32510df2abc21793ab36da3293122f95b5801 arg  4 mem  19.17 GB tm      2.34us/  3705.13ms (    210 GFLOPS  339|393    GB/s) 
*** NV      1316 E_toks_8_2_16_4_ff73096c0717113530e1af4ef8150376846600e51fb5cd7409378f38ff2e6ea6 arg  4 mem  19.17 GB tm      2.11us/  3705.13ms (     58 GFLOPS   94|155    GB/s) 
*** NV      1317 r_2_8_toks_128_16_4_2_32_989a27f8c622e7073edc603c917ee557c3951251e7a1b3adb98f0e92019a8317 arg  5 mem  19.17 GB tm    707.01us/  3705.84ms (   1849 GFLOPS    7|676    GB/s) 
*** NV      1318 r_32_toks_(start_pos+toks)_16_8_6053e42efb4d55a1ca58ae6e1236b570b94078e8ff69ad3ded3a02dca902f678 arg  5 mem  19.17 GB tm     17.95us/  3705.86ms (   3096 GFLOPS  331|8236   GB/s) 
*** NV      1319 r_toks_8_4_(start_pos+toks)_26e8871fb02d1436fe40ca4dcfa2b334d7cdd63fc4d2ebf770557834fb3cc4b5 arg  2 mem  19.17 GB tm      3.65us/  3705.86ms (     18 GFLOPS   37|37     GB/s) 
*** NV      1320 r_toks_8_4_(start_pos+toks)_ea6cf34ee39e812f3859bf1fd519cf8df686204db37f0fa60c182106d3c00aff arg  3 mem  19.17 GB tm      3.46us/  3705.87ms (     38 GFLOPS   40|40     GB/s) 
*** NV      1321 E_toks_(start_pos+toks)_8_4_84acb9c6f744a2bf14b0906425723a78b570c356c452c6ecc7bf969560042ffd arg  4 mem  19.17 GB tm      3.23us/  3705.87ms (     51 GFLOPS   84|162    GB/s) 
*** NV      1322 r_4_toks_2_8_16_4_(start_pos+toks)_cb8f75d3bda69b78fcf94ab8c736a75da3feb4e84706aa0b091e463c1ffacabd arg  3 mem  19.17 GB tm      3.97us/  3705.87ms (   2114 GFLOPS 1750|3303   GB/s) 
*** NV      1323 r_toks_64_16_4_16_2_2_2_4_8_f2d21044fc43f050118addd8d06843c08549a51ff71db6e79bfafef2707541e4 arg  4 mem  19.17 GB tm   1401.82us/  3707.27ms (   3672 GFLOPS    8|833    GB/s) 
*** NV      1324 r_toks_16_256_9bea51c90e96722f78afa38994560b91a5209493ca06e07a50eb2d877dcfb23d arg  2 mem  19.17 GB tm      4.19us/  3707.28ms (     65 GFLOPS  125|134    GB/s) 
*** NV      1325 E_toks_64_16_4_06fd47e9c650e24766c11b129f655c7f35f0220eaa139d5cb9cbb692730058e3 arg  4 mem  19.17 GB tm      2.91us/  3707.28ms (    405 GFLOPS  276|321    GB/s) 
*** NV      1326 r_toks_256_16_3_16_4_2_2_16_5dbb3c5e33bf34384bb05e6ea83ea148a2f6abf3cf6ffae7d2866b5a0ef18a8e arg  3 mem  19.17 GB tm   3878.18us/  3711.16ms (   3983 GFLOPS    8|764    GB/s) 
*** NV      1327 r_toks_256_16_3_16_4_2_2_16_ede295e2782449231e573fd6149a12cfbd69e61f08c807d8fd5d9996a018ad45 arg  4 mem  19.17 GB tm   3890.82us/  3715.05ms (   3970 GFLOPS    8|761    GB/s) 
*** NV      1328 r_toks_64_16_4_48_4_2_4_8_1d91ff8b75344556e189fdaa8922f739be4c13617461342d7bdd2951c50626f5 arg  4 mem  19.17 GB tm   4184.90us/  3719.24ms (   3690 GFLOPS    7|644    GB/s) 
*** NV      1329 E_toks_64_16_4_69472d2d47c56b2dc08e2f6244ad50dc409c1a7181a40501164c537a6cedf544 arg  2 mem  19.17 GB tm      3.20us/  3719.24ms (      0 GFLOPS  328|328    GB/s) 
*** NV      1330 E_toks_64_16_4_69472d2d47c56b2dc08e2f6244ad50dc409c1a7181a40501164c537a6cedf544 arg  2 mem  19.17 GB tm      2.27us/  3719.24ms (      0 GFLOPS  462|462    GB/s) 
*** NV      1331 E_toks_64_16_4_69472d2d47c56b2dc08e2f6244ad50dc409c1a7181a40501164c537a6cedf544 arg  2 mem  19.17 GB tm      2.40us/  3719.24ms (      0 GFLOPS  437|437    GB/s) 
*** NV      1332 r_toks_16_256_9bea51c90e96722f78afa38994560b91a5209493ca06e07a50eb2d877dcfb23d arg  2 mem  19.17 GB tm      4.10us/  3719.25ms (     66 GFLOPS  128|137    GB/s) 
*** NV      1333 E_toks_64_16_4_06fd47e9c650e24766c11b129f655c7f35f0220eaa139d5cb9cbb692730058e3 arg  4 mem  19.17 GB tm      2.66us/  3719.25ms (    444 GFLOPS  302|352    GB/s) 
*** NV      1334 r_4_toks_2_8_16_4_16_4_2_4_8_468c6ffa9fd89f3e7da451536d93097a9b7f72c6c3b8d291f928e71eed611826 arg  3 mem  19.17 GB tm   1903.20us/  3721.15ms (   2705 GFLOPS    5|472    GB/s) 
*** NV      1335 r_8_toks_128_16_4_2_32_c4938a4b566be128a7529ef0804c1b993f7b0c3b1f559803a933f15896b5c82d arg  3 mem  19.17 GB tm    357.47us/  3721.51ms (   3623 GFLOPS    8|1291   GB/s) 
*** NV      1336 r_2_toks_8_4_4_16_1a6f7f1a8298a3a32e1ae4103d0c091d4bf33cb345fc242f46181ce9332a9373 arg  2 mem  19.17 GB tm      2.18us/  3721.51ms (    166 GFLOPS  243|392    GB/s) 
*** NV      1337 r_8_toks_16_8_59efef99d29f071000ea271bdbae8212b9a4c3036c2074b5cfe2f8af08763763 arg  2 mem  19.17 GB tm      2.14us/  3721.51ms (     69 GFLOPS   62|199    GB/s) 
*** NV      1338 E_toks_2_8_16_4_4_a0ef7a77c507d336b6f8775adcf32510df2abc21793ab36da3293122f95b5801 arg  4 mem  19.17 GB tm      2.18us/  3721.52ms (    226 GFLOPS  364|422    GB/s) 
*** NV      1339 E_toks_8_2_16_4_ff73096c0717113530e1af4ef8150376846600e51fb5cd7409378f38ff2e6ea6 arg  4 mem  19.17 GB tm      1.92us/  3721.52ms (     64 GFLOPS  103|171    GB/s) 
*** NV      1340 r_2_8_toks_128_16_2_2_2_32_0c1c7e46169e63cd5facbf3871438ca9666529e366bfdab373ff24c18ad4a836 arg  5 mem  19.18 GB tm    888.99us/  3722.41ms (   1686 GFLOPS    7|815    GB/s) 
*** NV      1341 r_32_toks_(start_pos+toks)_16_8_6053e42efb4d55a1ca58ae6e1236b570b94078e8ff69ad3ded3a02dca902f678 arg  5 mem  19.18 GB tm     17.73us/  3722.43ms (   3135 GFLOPS  335|8340   GB/s) 
*** NV      1342 r_toks_8_4_(start_pos+toks)_26e8871fb02d1436fe40ca4dcfa2b334d7cdd63fc4d2ebf770557834fb3cc4b5 arg  2 mem  19.18 GB tm      3.58us/  3722.43ms (     18 GFLOPS   38|38     GB/s) 
*** NV      1343 r_toks_8_4_(start_pos+toks)_ea6cf34ee39e812f3859bf1fd519cf8df686204db37f0fa60c182106d3c00aff arg  3 mem  19.18 GB tm      3.42us/  3722.43ms (     38 GFLOPS   41|41     GB/s) 
*** NV      1344 E_toks_(start_pos+toks)_8_4_84acb9c6f744a2bf14b0906425723a78b570c356c452c6ecc7bf969560042ffd arg  4 mem  19.18 GB tm      3.26us/  3722.44ms (     50 GFLOPS   83|161    GB/s) 
*** NV      1345 r_4_toks_2_8_16_4_(start_pos+toks)_cb8f75d3bda69b78fcf94ab8c736a75da3feb4e84706aa0b091e463c1ffacabd arg  3 mem  19.18 GB tm      3.90us/  3722.44ms (   2149 GFLOPS 1778|3357   GB/s) 
*** NV      1346 r_toks_64_16_4_16_2_2_2_4_8_f2d21044fc43f050118addd8d06843c08549a51ff71db6e79bfafef2707541e4 arg  4 mem  19.18 GB tm   1501.76us/  3723.94ms (   3428 GFLOPS    7|777    GB/s) 
*** NV      1347 r_toks_16_256_9bea51c90e96722f78afa38994560b91a5209493ca06e07a50eb2d877dcfb23d arg  2 mem  19.18 GB tm      4.16us/  3723.95ms (     65 GFLOPS  126|135    GB/s) 
*** NV      1348 E_toks_64_16_4_06fd47e9c650e24766c11b129f655c7f35f0220eaa139d5cb9cbb692730058e3 arg  4 mem  19.18 GB tm      2.98us/  3723.95ms (    396 GFLOPS  270|314    GB/s) 
*** NV      1349 r_toks_256_16_3_16_4_2_2_16_5dbb3c5e33bf34384bb05e6ea83ea148a2f6abf3cf6ffae7d2866b5a0ef18a8e arg  3 mem  19.18 GB tm   3879.49us/  3727.83ms (   3982 GFLOPS    8|763    GB/s) 
*** NV      1350 r_toks_256_16_3_16_4_2_2_16_ede295e2782449231e573fd6149a12cfbd69e61f08c807d8fd5d9996a018ad45 arg  4 mem  19.18 GB tm   3888.99us/  3731.72ms (   3972 GFLOPS    8|762    GB/s) 
*** NV      1351 r_toks_64_16_4_48_2_2_2_4_8_e5cdf9cc2fc4cf071d0b0ce080aedfa02f4cad80a3b0669ecb79cc14a2bf6065 arg  4 mem  19.18 GB tm   8765.47us/  3740.48ms (   2023 GFLOPS    5|484    GB/s) 
*** NV      1352 E_toks_64_16_4_69472d2d47c56b2dc08e2f6244ad50dc409c1a7181a40501164c537a6cedf544 arg  2 mem  19.18 GB tm      2.82us/  3740.49ms (      0 GFLOPS  372|372    GB/s) 
*** NV      1353 E_toks_64_16_4_69472d2d47c56b2dc08e2f6244ad50dc409c1a7181a40501164c537a6cedf544 arg  2 mem  19.18 GB tm      2.40us/  3740.49ms (      0 GFLOPS  437|437    GB/s) 
*** NV      1354 E_toks_64_16_4_69472d2d47c56b2dc08e2f6244ad50dc409c1a7181a40501164c537a6cedf544 arg  2 mem  19.18 GB tm      2.34us/  3740.49ms (      0 GFLOPS  449|449    GB/s) 
*** NV      1355 r_toks_16_256_9bea51c90e96722f78afa38994560b91a5209493ca06e07a50eb2d877dcfb23d arg  2 mem  19.18 GB tm      4.13us/  3740.49ms (     66 GFLOPS  127|136    GB/s) 
*** NV      1356 E_toks_64_16_4_06fd47e9c650e24766c11b129f655c7f35f0220eaa139d5cb9cbb692730058e3 arg  4 mem  19.18 GB tm      2.69us/  3740.50ms (    439 GFLOPS  299|347    GB/s) 
*** NV      1357 r_4_toks_2_8_16_4_16_4_2_4_8_468c6ffa9fd89f3e7da451536d93097a9b7f72c6c3b8d291f928e71eed611826 arg  3 mem  19.18 GB tm   1877.28us/  3742.37ms (   2742 GFLOPS    5|478    GB/s) 
*** NV      1358 r_8_toks_128_16_4_2_32_c4938a4b566be128a7529ef0804c1b993f7b0c3b1f559803a933f15896b5c82d arg  3 mem  19.18 GB tm    357.09us/  3742.73ms (   3627 GFLOPS    8|1292   GB/s) 
*** NV      1359 r_2_toks_8_4_4_16_1a6f7f1a8298a3a32e1ae4103d0c091d4bf33cb345fc242f46181ce9332a9373 arg  2 mem  19.18 GB tm      2.11us/  3742.73ms (    171 GFLOPS  250|403    GB/s) 
*** NV      1360 r_8_toks_16_8_59efef99d29f071000ea271bdbae8212b9a4c3036c2074b5cfe2f8af08763763 arg  2 mem  19.18 GB tm      2.08us/  3742.74ms (     71 GFLOPS   64|205    GB/s) 
*** NV      1361 E_toks_2_8_16_4_4_a0ef7a77c507d336b6f8775adcf32510df2abc21793ab36da3293122f95b5801 arg  4 mem  19.18 GB tm      2.21us/  3742.74ms (    223 GFLOPS  358|416    GB/s) 
*** NV      1362 E_toks_8_2_16_4_ff73096c0717113530e1af4ef8150376846600e51fb5cd7409378f38ff2e6ea6 arg  4 mem  19.18 GB tm      1.95us/  3742.74ms (     63 GFLOPS  102|168    GB/s) 
*** NV      1363 r_2_8_toks_128_16_2_2_2_32_0c1c7e46169e63cd5facbf3871438ca9666529e366bfdab373ff24c18ad4a836 arg  5 mem  19.18 GB tm    887.84us/  3743.63ms (   1688 GFLOPS    7|816    GB/s) 
*** NV      1364 r_32_toks_(start_pos+toks)_16_8_6053e42efb4d55a1ca58ae6e1236b570b94078e8ff69ad3ded3a02dca902f678 arg  5 mem  19.18 GB tm     17.50us/  3743.64ms (   3175 GFLOPS  340|8447   GB/s) 
*** NV      1365 r_toks_8_4_(start_pos+toks)_26e8871fb02d1436fe40ca4dcfa2b334d7cdd63fc4d2ebf770557834fb3cc4b5 arg  2 mem  19.18 GB tm      3.84us/  3743.65ms (     17 GFLOPS   35|35     GB/s) 
*** NV      1366 r_toks_8_4_(start_pos+toks)_ea6cf34ee39e812f3859bf1fd519cf8df686204db37f0fa60c182106d3c00aff arg  3 mem  19.18 GB tm      3.46us/  3743.65ms (     38 GFLOPS   40|40     GB/s) 
*** NV      1367 E_toks_(start_pos+toks)_8_4_84acb9c6f744a2bf14b0906425723a78b570c356c452c6ecc7bf969560042ffd arg  4 mem  19.18 GB tm      3.58us/  3743.66ms (     46 GFLOPS   75|146    GB/s) 
*** NV      1368 r_4_toks_2_8_16_4_(start_pos+toks)_cb8f75d3bda69b78fcf94ab8c736a75da3feb4e84706aa0b091e463c1ffacabd arg  3 mem  19.18 GB tm      4.03us/  3743.66ms (   2081 GFLOPS 1722|3251   GB/s) 
*** NV      1369 r_toks_64_16_4_16_2_2_2_4_8_f2d21044fc43f050118addd8d06843c08549a51ff71db6e79bfafef2707541e4 arg  4 mem  19.18 GB tm   1418.56us/  3745.08ms (   3629 GFLOPS    8|823    GB/s) 
*** NV      1370 r_toks_16_256_9bea51c90e96722f78afa38994560b91a5209493ca06e07a50eb2d877dcfb23d arg  2 mem  19.18 GB tm      4.32us/  3745.08ms (     63 GFLOPS  121|130    GB/s) 
*** NV      1371 E_toks_64_16_4_06fd47e9c650e24766c11b129f655c7f35f0220eaa139d5cb9cbb692730058e3 arg  4 mem  19.18 GB tm      2.85us/  3745.09ms (    414 GFLOPS  282|328    GB/s) 
*** NV      1372 r_toks_256_16_3_16_4_2_2_16_5dbb3c5e33bf34384bb05e6ea83ea148a2f6abf3cf6ffae7d2866b5a0ef18a8e arg  3 mem  19.18 GB tm   3874.24us/  3748.96ms (   3987 GFLOPS    8|765    GB/s) 
*** NV      1373 r_toks_256_16_3_16_4_2_2_16_ede295e2782449231e573fd6149a12cfbd69e61f08c807d8fd5d9996a018ad45 arg  4 mem  19.18 GB tm   3891.71us/  3752.85ms (   3969 GFLOPS    8|761    GB/s) 
*** NV      1374 r_toks_64_16_4_48_2_2_2_4_8_e5cdf9cc2fc4cf071d0b0ce080aedfa02f4cad80a3b0669ecb79cc14a2bf6065 arg  4 mem  19.18 GB tm   8773.76us/  3761.63ms (   2022 GFLOPS    5|483    GB/s) 
*** NV      1375 E_toks_64_16_4_69472d2d47c56b2dc08e2f6244ad50dc409c1a7181a40501164c537a6cedf544 arg  2 mem  19.18 GB tm      2.88us/  3761.63ms (      0 GFLOPS  364|364    GB/s) 
*** NV      1376 E_toks_64_16_4_69472d2d47c56b2dc08e2f6244ad50dc409c1a7181a40501164c537a6cedf544 arg  2 mem  19.18 GB tm      2.30us/  3761.63ms (      0 GFLOPS  455|455    GB/s) 
*** NV      1377 E_toks_64_16_4_69472d2d47c56b2dc08e2f6244ad50dc409c1a7181a40501164c537a6cedf544 arg  2 mem  19.18 GB tm      3.30us/  3761.63ms (      0 GFLOPS  318|318    GB/s) 
*** NV      1378 r_toks_16_256_9bea51c90e96722f78afa38994560b91a5209493ca06e07a50eb2d877dcfb23d arg  2 mem  19.18 GB tm      4.58us/  3761.64ms (     60 GFLOPS  115|123    GB/s) 
*** NV      1379 E_toks_64_16_4_06fd47e9c650e24766c11b129f655c7f35f0220eaa139d5cb9cbb692730058e3 arg  4 mem  19.18 GB tm      2.82us/  3761.64ms (    419 GFLOPS  285|332    GB/s) 
*** NV      1380 r_4_toks_2_8_16_4_16_4_2_4_8_468c6ffa9fd89f3e7da451536d93097a9b7f72c6c3b8d291f928e71eed611826 arg  3 mem  19.18 GB tm   1851.84us/  3763.49ms (   2780 GFLOPS    6|485    GB/s) 
*** NV      1381 r_8_toks_128_16_4_2_32_c4938a4b566be128a7529ef0804c1b993f7b0c3b1f559803a933f15896b5c82d arg  3 mem  19.18 GB tm    357.22us/  3763.85ms (   3625 GFLOPS    8|1292   GB/s) 
*** NV      1382 r_2_toks_8_4_4_16_1a6f7f1a8298a3a32e1ae4103d0c091d4bf33cb345fc242f46181ce9332a9373 arg  2 mem  19.18 GB tm      2.08us/  3763.85ms (    173 GFLOPS  254|410    GB/s) 
*** NV      1383 r_8_toks_16_8_59efef99d29f071000ea271bdbae8212b9a4c3036c2074b5cfe2f8af08763763 arg  2 mem  19.18 GB tm      2.11us/  3763.85ms (     70 GFLOPS   63|202    GB/s) 
*** NV      1384 E_toks_2_8_16_4_4_a0ef7a77c507d336b6f8775adcf32510df2abc21793ab36da3293122f95b5801 arg  4 mem  19.18 GB tm      2.21us/  3763.86ms (    223 GFLOPS  358|416    GB/s) 
*** NV      1385 E_toks_8_2_16_4_ff73096c0717113530e1af4ef8150376846600e51fb5cd7409378f38ff2e6ea6 arg  4 mem  19.18 GB tm      1.95us/  3763.86ms (     63 GFLOPS  102|168    GB/s) 
*** NV      1386 r_2_8_toks_128_16_2_2_2_32_0c1c7e46169e63cd5facbf3871438ca9666529e366bfdab373ff24c18ad4a836 arg  5 mem  19.18 GB tm    887.49us/  3764.75ms (   1689 GFLOPS    7|816    GB/s) 
*** NV      1387 r_32_toks_(start_pos+toks)_16_8_6053e42efb4d55a1ca58ae6e1236b570b94078e8ff69ad3ded3a02dca902f678 arg  5 mem  19.18 GB tm     17.60us/  3764.76ms (   3158 GFLOPS  338|8401   GB/s) 
*** NV      1388 r_toks_8_4_(start_pos+toks)_26e8871fb02d1436fe40ca4dcfa2b334d7cdd63fc4d2ebf770557834fb3cc4b5 arg  2 mem  19.18 GB tm      3.55us/  3764.77ms (     18 GFLOPS   38|38     GB/s) 
*** NV      1389 r_toks_8_4_(start_pos+toks)_ea6cf34ee39e812f3859bf1fd519cf8df686204db37f0fa60c182106d3c00aff arg  3 mem  19.18 GB tm      3.42us/  3764.77ms (     38 GFLOPS   41|41     GB/s) 
*** NV      1390 E_toks_(start_pos+toks)_8_4_84acb9c6f744a2bf14b0906425723a78b570c356c452c6ecc7bf969560042ffd arg  4 mem  19.18 GB tm      3.26us/  3764.77ms (     50 GFLOPS   83|161    GB/s) 
*** NV      1391 r_4_toks_2_8_16_4_(start_pos+toks)_cb8f75d3bda69b78fcf94ab8c736a75da3feb4e84706aa0b091e463c1ffacabd arg  3 mem  19.18 GB tm      3.81us/  3764.78ms (   2203 GFLOPS 1823|3442   GB/s) 
*** NV      1392 r_toks_64_16_4_16_2_2_2_4_8_f2d21044fc43f050118addd8d06843c08549a51ff71db6e79bfafef2707541e4 arg  4 mem  19.18 GB tm   1445.66us/  3766.22ms (   3561 GFLOPS    8|807    GB/s) 
*** NV      1393 r_toks_16_256_9bea51c90e96722f78afa38994560b91a5209493ca06e07a50eb2d877dcfb23d arg  2 mem  19.18 GB tm      4.13us/  3766.23ms (     66 GFLOPS  127|136    GB/s) 
*** NV      1394 E_toks_64_16_4_06fd47e9c650e24766c11b129f655c7f35f0220eaa139d5cb9cbb692730058e3 arg  4 mem  19.18 GB tm      2.91us/  3766.23ms (    405 GFLOPS  276|321    GB/s) 
*** NV      1395 r_toks_256_16_3_16_4_2_2_16_5dbb3c5e33bf34384bb05e6ea83ea148a2f6abf3cf6ffae7d2866b5a0ef18a8e arg  3 mem  19.18 GB tm   3879.36us/  3770.11ms (   3982 GFLOPS    8|764    GB/s) 
*** NV      1396 r_toks_256_16_3_16_4_2_2_16_ede295e2782449231e573fd6149a12cfbd69e61f08c807d8fd5d9996a018ad45 arg  4 mem  19.18 GB tm   3898.40us/  3774.01ms (   3962 GFLOPS    8|760    GB/s) 
*** NV      1397 r_toks_64_16_4_48_2_2_2_4_8_e5cdf9cc2fc4cf071d0b0ce080aedfa02f4cad80a3b0669ecb79cc14a2bf6065 arg  4 mem  19.18 GB tm   8776.03us/  3782.78ms (   2021 GFLOPS    5|483    GB/s) 
*** NV      1398 E_toks_64_16_4_69472d2d47c56b2dc08e2f6244ad50dc409c1a7181a40501164c537a6cedf544 arg  2 mem  19.19 GB tm      2.78us/  3782.79ms (      0 GFLOPS  377|377    GB/s) 
*** NV      1399 E_toks_64_16_4_69472d2d47c56b2dc08e2f6244ad50dc409c1a7181a40501164c537a6cedf544 arg  2 mem  19.19 GB tm      3.14us/  3782.79ms (      0 GFLOPS  334|334    GB/s) 
*** NV      1400 E_toks_64_16_4_69472d2d47c56b2dc08e2f6244ad50dc409c1a7181a40501164c537a6cedf544 arg  2 mem  19.19 GB tm      2.27us/  3782.79ms (      0 GFLOPS  462|462    GB/s) 
*** NV      1401 r_toks_16_256_9bea51c90e96722f78afa38994560b91a5209493ca06e07a50eb2d877dcfb23d arg  2 mem  19.19 GB tm      4.54us/  3782.80ms (     60 GFLOPS  115|123    GB/s) 
*** NV      1402 E_toks_64_16_4_06fd47e9c650e24766c11b129f655c7f35f0220eaa139d5cb9cbb692730058e3 arg  4 mem  19.19 GB tm      2.82us/  3782.80ms (    419 GFLOPS  285|332    GB/s) 
*** NV      1403 r_4_toks_2_8_16_4_16_4_2_4_8_468c6ffa9fd89f3e7da451536d93097a9b7f72c6c3b8d291f928e71eed611826 arg  3 mem  19.19 GB tm   1877.57us/  3784.68ms (   2741 GFLOPS    5|478    GB/s) 
*** NV      1404 r_8_toks_128_16_4_2_32_c4938a4b566be128a7529ef0804c1b993f7b0c3b1f559803a933f15896b5c82d arg  3 mem  19.19 GB tm    357.41us/  3785.03ms (   3623 GFLOPS    8|1291   GB/s) 
*** NV      1405 r_2_toks_8_4_4_16_1a6f7f1a8298a3a32e1ae4103d0c091d4bf33cb345fc242f46181ce9332a9373 arg  2 mem  19.19 GB tm      2.08us/  3785.04ms (    173 GFLOPS  254|410    GB/s) 
*** NV      1406 r_8_toks_16_8_59efef99d29f071000ea271bdbae8212b9a4c3036c2074b5cfe2f8af08763763 arg  2 mem  19.19 GB tm      2.21us/  3785.04ms (     67 GFLOPS   60|193    GB/s) 
*** NV      1407 E_toks_2_8_16_4_4_a0ef7a77c507d336b6f8775adcf32510df2abc21793ab36da3293122f95b5801 arg  4 mem  19.19 GB tm      2.18us/  3785.04ms (    226 GFLOPS  364|422    GB/s) 
*** NV      1408 E_toks_8_2_16_4_ff73096c0717113530e1af4ef8150376846600e51fb5cd7409378f38ff2e6ea6 arg  4 mem  19.19 GB tm      1.89us/  3785.04ms (     65 GFLOPS  105|174    GB/s) 
*** NV      1409 r_2_8_toks_128_16_2_2_2_32_0c1c7e46169e63cd5facbf3871438ca9666529e366bfdab373ff24c18ad4a836 arg  5 mem  19.19 GB tm    887.84us/  3785.93ms (   1688 GFLOPS    7|816    GB/s) 
*** NV      1410 r_32_toks_(start_pos+toks)_16_8_6053e42efb4d55a1ca58ae6e1236b570b94078e8ff69ad3ded3a02dca902f678 arg  5 mem  19.19 GB tm     17.44us/  3785.95ms (   3187 GFLOPS  341|8478   GB/s) 
*** NV      1411 r_toks_8_4_(start_pos+toks)_26e8871fb02d1436fe40ca4dcfa2b334d7cdd63fc4d2ebf770557834fb3cc4b5 arg  2 mem  19.19 GB tm      3.55us/  3785.95ms (     18 GFLOPS   38|38     GB/s) 
*** NV      1412 r_toks_8_4_(start_pos+toks)_ea6cf34ee39e812f3859bf1fd519cf8df686204db37f0fa60c182106d3c00aff arg  3 mem  19.19 GB tm      3.55us/  3785.96ms (     37 GFLOPS   39|39     GB/s) 
*** NV      1413 E_toks_(start_pos+toks)_8_4_84acb9c6f744a2bf14b0906425723a78b570c356c452c6ecc7bf969560042ffd arg  4 mem  19.19 GB tm      3.26us/  3785.96ms (     50 GFLOPS   83|161    GB/s) 
*** NV      1414 r_4_toks_2_8_16_4_(start_pos+toks)_cb8f75d3bda69b78fcf94ab8c736a75da3feb4e84706aa0b091e463c1ffacabd arg  3 mem  19.19 GB tm      3.84us/  3785.96ms (   2185 GFLOPS 1808|3413   GB/s) 
*** NV      1415 r_toks_64_16_4_16_2_2_2_4_8_f2d21044fc43f050118addd8d06843c08549a51ff71db6e79bfafef2707541e4 arg  4 mem  19.19 GB tm   1434.82us/  3787.40ms (   3588 GFLOPS    8|813    GB/s) 
*** NV      1416 r_toks_16_256_9bea51c90e96722f78afa38994560b91a5209493ca06e07a50eb2d877dcfb23d arg  2 mem  19.19 GB tm      4.10us/  3787.40ms (     66 GFLOPS  128|137    GB/s) 
*** NV      1417 E_toks_64_16_4_06fd47e9c650e24766c11b129f655c7f35f0220eaa139d5cb9cbb692730058e3 arg  4 mem  19.19 GB tm      2.88us/  3787.40ms (    410 GFLOPS  279|324    GB/s) 
*** NV      1418 r_toks_256_16_3_16_4_2_2_16_5dbb3c5e33bf34384bb05e6ea83ea148a2f6abf3cf6ffae7d2866b5a0ef18a8e arg  3 mem  19.19 GB tm   3879.39us/  3791.28ms (   3982 GFLOPS    8|764    GB/s) 
*** NV      1419 r_toks_256_16_3_16_4_2_2_16_ede295e2782449231e573fd6149a12cfbd69e61f08c807d8fd5d9996a018ad45 arg  4 mem  19.19 GB tm   3903.65us/  3795.19ms (   3957 GFLOPS    8|759    GB/s) 
*** NV      1420 r_toks_64_16_4_48_2_2_2_4_8_e5cdf9cc2fc4cf071d0b0ce080aedfa02f4cad80a3b0669ecb79cc14a2bf6065 arg  4 mem  19.19 GB tm   8775.30us/  3803.96ms (   2021 GFLOPS    5|483    GB/s) 
*** NV      1421 E_toks_64_16_4_69472d2d47c56b2dc08e2f6244ad50dc409c1a7181a40501164c537a6cedf544 arg  2 mem  19.19 GB tm      3.20us/  3803.97ms (      0 GFLOPS  328|328    GB/s) 
*** NV      1422 E_toks_64_16_4_69472d2d47c56b2dc08e2f6244ad50dc409c1a7181a40501164c537a6cedf544 arg  2 mem  19.19 GB tm      2.30us/  3803.97ms (      0 GFLOPS  455|455    GB/s) 
*** NV      1423 E_toks_64_16_4_69472d2d47c56b2dc08e2f6244ad50dc409c1a7181a40501164c537a6cedf544 arg  2 mem  19.19 GB tm      2.43us/  3803.97ms (      0 GFLOPS  431|431    GB/s) 
*** NV      1424 r_toks_16_256_9bea51c90e96722f78afa38994560b91a5209493ca06e07a50eb2d877dcfb23d arg  2 mem  19.19 GB tm      4.58us/  3803.98ms (     60 GFLOPS  115|123    GB/s) 
*** NV      1425 E_toks_64_16_4_06fd47e9c650e24766c11b129f655c7f35f0220eaa139d5cb9cbb692730058e3 arg  4 mem  19.19 GB tm      2.82us/  3803.98ms (    419 GFLOPS  285|332    GB/s) 
*** NV      1426 r_4_toks_2_8_16_4_16_4_2_4_8_468c6ffa9fd89f3e7da451536d93097a9b7f72c6c3b8d291f928e71eed611826 arg  3 mem  19.19 GB tm   1836.90us/  3805.81ms (   2802 GFLOPS    6|489    GB/s) 
*** NV      1427 r_8_toks_128_16_4_2_32_c4938a4b566be128a7529ef0804c1b993f7b0c3b1f559803a933f15896b5c82d arg  3 mem  19.19 GB tm    356.13us/  3806.17ms (   3636 GFLOPS    8|1296   GB/s) 
*** NV      1428 r_2_toks_8_4_4_16_1a6f7f1a8298a3a32e1ae4103d0c091d4bf33cb345fc242f46181ce9332a9373 arg  2 mem  19.19 GB tm      2.27us/  3806.17ms (    159 GFLOPS  233|375    GB/s) 
*** NV      1429 r_8_toks_16_8_59efef99d29f071000ea271bdbae8212b9a4c3036c2074b5cfe2f8af08763763 arg  2 mem  19.19 GB tm      2.11us/  3806.18ms (     70 GFLOPS   63|202    GB/s) 
*** NV      1430 E_toks_2_8_16_4_4_a0ef7a77c507d336b6f8775adcf32510df2abc21793ab36da3293122f95b5801 arg  4 mem  19.19 GB tm      2.18us/  3806.18ms (    226 GFLOPS  364|422    GB/s) 
*** NV      1431 E_toks_8_2_16_4_ff73096c0717113530e1af4ef8150376846600e51fb5cd7409378f38ff2e6ea6 arg  4 mem  19.19 GB tm      1.89us/  3806.18ms (     65 GFLOPS  105|174    GB/s) 
*** NV      1432 r_2_8_toks_128_16_2_2_2_32_0c1c7e46169e63cd5facbf3871438ca9666529e366bfdab373ff24c18ad4a836 arg  5 mem  19.19 GB tm    887.39us/  3807.07ms (   1689 GFLOPS    7|817    GB/s) 
*** NV      1433 r_32_toks_(start_pos+toks)_16_8_6053e42efb4d55a1ca58ae6e1236b570b94078e8ff69ad3ded3a02dca902f678 arg  5 mem  19.19 GB tm     17.54us/  3807.08ms (   3169 GFLOPS  339|8431   GB/s) 
*** NV      1434 r_toks_8_4_(start_pos+toks)_26e8871fb02d1436fe40ca4dcfa2b334d7cdd63fc4d2ebf770557834fb3cc4b5 arg  2 mem  19.19 GB tm      3.65us/  3807.09ms (     18 GFLOPS   37|37     GB/s) 
*** NV      1435 r_toks_8_4_(start_pos+toks)_ea6cf34ee39e812f3859bf1fd519cf8df686204db37f0fa60c182106d3c00aff arg  3 mem  19.19 GB tm      3.42us/  3807.09ms (     38 GFLOPS   41|41     GB/s) 
*** NV      1436 E_toks_(start_pos+toks)_8_4_84acb9c6f744a2bf14b0906425723a78b570c356c452c6ecc7bf969560042ffd arg  4 mem  19.19 GB tm      3.30us/  3807.09ms (     50 GFLOPS   82|159    GB/s) 
*** NV      1437 r_4_toks_2_8_16_4_(start_pos+toks)_cb8f75d3bda69b78fcf94ab8c736a75da3feb4e84706aa0b091e463c1ffacabd arg  3 mem  19.19 GB tm      4.00us/  3807.10ms (   2097 GFLOPS 1736|3277   GB/s) 
*** NV      1438 r_toks_64_16_4_16_2_2_2_4_8_f2d21044fc43f050118addd8d06843c08549a51ff71db6e79bfafef2707541e4 arg  4 mem  19.19 GB tm   1435.46us/  3808.53ms (   3586 GFLOPS    8|813    GB/s) 
*** NV      1439 r_toks_16_256_9bea51c90e96722f78afa38994560b91a5209493ca06e07a50eb2d877dcfb23d arg  2 mem  19.19 GB tm      4.13us/  3808.54ms (     66 GFLOPS  127|136    GB/s) 
*** NV      1440 E_toks_64_16_4_06fd47e9c650e24766c11b129f655c7f35f0220eaa139d5cb9cbb692730058e3 arg  4 mem  19.19 GB tm      2.98us/  3808.54ms (    396 GFLOPS  270|314    GB/s) 
*** NV      1441 r_toks_256_16_3_16_4_2_2_16_5dbb3c5e33bf34384bb05e6ea83ea148a2f6abf3cf6ffae7d2866b5a0ef18a8e arg  3 mem  19.19 GB tm   3877.98us/  3812.42ms (   3983 GFLOPS    8|764    GB/s) 
*** NV      1442 r_toks_256_16_3_16_4_2_2_16_ede295e2782449231e573fd6149a12cfbd69e61f08c807d8fd5d9996a018ad45 arg  4 mem  19.19 GB tm   3888.29us/  3816.31ms (   3972 GFLOPS    8|762    GB/s) 
*** NV      1443 r_toks_64_16_4_48_2_2_2_4_8_e5cdf9cc2fc4cf071d0b0ce080aedfa02f4cad80a3b0669ecb79cc14a2bf6065 arg  4 mem  19.19 GB tm   8768.61us/  3825.08ms (   2023 GFLOPS    5|484    GB/s) 
*** NV      1444 E_toks_64_16_4_69472d2d47c56b2dc08e2f6244ad50dc409c1a7181a40501164c537a6cedf544 arg  2 mem  19.19 GB tm      2.69us/  3825.08ms (      0 GFLOPS  390|390    GB/s) 
*** NV      1445 E_toks_64_16_4_69472d2d47c56b2dc08e2f6244ad50dc409c1a7181a40501164c537a6cedf544 arg  2 mem  19.20 GB tm      2.43us/  3825.08ms (      0 GFLOPS  431|431    GB/s) 
*** NV      1446 E_toks_64_16_4_69472d2d47c56b2dc08e2f6244ad50dc409c1a7181a40501164c537a6cedf544 arg  2 mem  19.20 GB tm      2.24us/  3825.08ms (      0 GFLOPS  468|468    GB/s) 
*** NV      1447 r_toks_16_256_9bea51c90e96722f78afa38994560b91a5209493ca06e07a50eb2d877dcfb23d arg  2 mem  19.20 GB tm      4.13us/  3825.09ms (     66 GFLOPS  127|136    GB/s) 
*** NV      1448 E_toks_64_16_4_06fd47e9c650e24766c11b129f655c7f35f0220eaa139d5cb9cbb692730058e3 arg  4 mem  19.20 GB tm      2.66us/  3825.09ms (    444 GFLOPS  302|352    GB/s) 
*** NV      1449 r_4_toks_2_8_16_4_16_4_2_4_8_468c6ffa9fd89f3e7da451536d93097a9b7f72c6c3b8d291f928e71eed611826 arg  3 mem  19.20 GB tm   1854.21us/  3826.94ms (   2776 GFLOPS    6|484    GB/s) 
*** NV      1450 r_8_toks_128_16_4_2_32_c4938a4b566be128a7529ef0804c1b993f7b0c3b1f559803a933f15896b5c82d arg  3 mem  19.20 GB tm    357.25us/  3827.30ms (   3625 GFLOPS    8|1292   GB/s) 
*** NV      1451 r_2_toks_8_4_4_16_1a6f7f1a8298a3a32e1ae4103d0c091d4bf33cb345fc242f46181ce9332a9373 arg  2 mem  19.20 GB tm      2.14us/  3827.30ms (    168 GFLOPS  246|397    GB/s) 
*** NV      1452 r_8_toks_16_8_59efef99d29f071000ea271bdbae8212b9a4c3036c2074b5cfe2f8af08763763 arg  2 mem  19.20 GB tm      2.11us/  3827.31ms (     70 GFLOPS   63|202    GB/s) 
*** NV      1453 E_toks_2_8_16_4_4_a0ef7a77c507d336b6f8775adcf32510df2abc21793ab36da3293122f95b5801 arg  4 mem  19.20 GB tm      2.27us/  3827.31ms (    216 GFLOPS  348|404    GB/s) 
*** NV      1454 E_toks_8_2_16_4_ff73096c0717113530e1af4ef8150376846600e51fb5cd7409378f38ff2e6ea6 arg  4 mem  19.20 GB tm      1.89us/  3827.31ms (     65 GFLOPS  105|174    GB/s) 
*** NV      1455 r_2_8_toks_128_16_2_2_2_32_0c1c7e46169e63cd5facbf3871438ca9666529e366bfdab373ff24c18ad4a836 arg  5 mem  19.20 GB tm    888.19us/  3828.20ms (   1688 GFLOPS    7|816    GB/s) 
*** NV      1456 r_32_toks_(start_pos+toks)_16_8_6053e42efb4d55a1ca58ae6e1236b570b94078e8ff69ad3ded3a02dca902f678 arg  5 mem  19.20 GB tm     17.50us/  3828.22ms (   3175 GFLOPS  340|8447   GB/s) 
*** NV      1457 r_toks_8_4_(start_pos+toks)_26e8871fb02d1436fe40ca4dcfa2b334d7cdd63fc4d2ebf770557834fb3cc4b5 arg  2 mem  19.20 GB tm      3.68us/  3828.22ms (     18 GFLOPS   37|37     GB/s) 
*** NV      1458 r_toks_8_4_(start_pos+toks)_ea6cf34ee39e812f3859bf1fd519cf8df686204db37f0fa60c182106d3c00aff arg  3 mem  19.20 GB tm      3.62us/  3828.22ms (     36 GFLOPS   39|39     GB/s) 
*** NV      1459 E_toks_(start_pos+toks)_8_4_84acb9c6f744a2bf14b0906425723a78b570c356c452c6ecc7bf969560042ffd arg  4 mem  19.20 GB tm      3.33us/  3828.23ms (     49 GFLOPS   81|158    GB/s) 
*** NV      1460 r_4_toks_2_8_16_4_(start_pos+toks)_cb8f75d3bda69b78fcf94ab8c736a75da3feb4e84706aa0b091e463c1ffacabd arg  3 mem  19.20 GB tm      3.94us/  3828.23ms (   2131 GFLOPS 1764|3330   GB/s) 
*** NV      1461 r_toks_64_16_4_16_2_2_2_4_8_f2d21044fc43f050118addd8d06843c08549a51ff71db6e79bfafef2707541e4 arg  4 mem  19.20 GB tm   1459.46us/  3829.69ms (   3527 GFLOPS    8|800    GB/s) 
*** NV      1462 r_toks_16_256_9bea51c90e96722f78afa38994560b91a5209493ca06e07a50eb2d877dcfb23d arg  2 mem  19.20 GB tm      4.45us/  3829.69ms (     61 GFLOPS  118|126    GB/s) 
*** NV      1463 E_toks_64_16_4_06fd47e9c650e24766c11b129f655c7f35f0220eaa139d5cb9cbb692730058e3 arg  4 mem  19.20 GB tm      2.94us/  3829.70ms (    401 GFLOPS  273|317    GB/s) 
*** NV      1464 r_toks_256_16_3_16_4_2_2_16_5dbb3c5e33bf34384bb05e6ea83ea148a2f6abf3cf6ffae7d2866b5a0ef18a8e arg  3 mem  19.20 GB tm   3877.70us/  3833.58ms (   3984 GFLOPS    8|764    GB/s) 
*** NV      1465 r_toks_256_16_3_16_4_2_2_16_ede295e2782449231e573fd6149a12cfbd69e61f08c807d8fd5d9996a018ad45 arg  4 mem  19.20 GB tm   3893.12us/  3837.47ms (   3967 GFLOPS    8|761    GB/s) 
*** NV      1466 r_toks_64_16_4_48_2_2_2_4_8_e5cdf9cc2fc4cf071d0b0ce080aedfa02f4cad80a3b0669ecb79cc14a2bf6065 arg  4 mem  19.20 GB tm   8781.60us/  3846.25ms (   2020 GFLOPS    5|483    GB/s) 
*** NV      1467 E_toks_64_16_4_69472d2d47c56b2dc08e2f6244ad50dc409c1a7181a40501164c537a6cedf544 arg  2 mem  19.20 GB tm      2.72us/  3846.25ms (      0 GFLOPS  386|386    GB/s) 
*** NV      1468 E_toks_64_16_4_69472d2d47c56b2dc08e2f6244ad50dc409c1a7181a40501164c537a6cedf544 arg  2 mem  19.20 GB tm      2.24us/  3846.25ms (      0 GFLOPS  468|468    GB/s) 
*** NV      1469 E_toks_64_16_4_33a651053b69d4528e6841ca7531087a162a4b56c2bb29403fafbcc1c53715f8 arg  2 mem  19.20 GB tm      2.53us/  3846.26ms (      0 GFLOPS  415|415    GB/s) 
*** NV      1470 r_toks_16_256_9bea51c90e96722f78afa38994560b91a5209493ca06e07a50eb2d877dcfb23d arg  2 mem  19.20 GB tm      4.83us/  3846.26ms (     56 GFLOPS  109|116    GB/s) 
*** NV      1471 E_toks_64_16_4_2437f5787b92ef880ea340a3f6defc9746039428398e7113e2cc0c58051416bc arg  4 mem  19.20 GB tm      2.91us/  3846.27ms (    405 GFLOPS  366|411    GB/s) 
*** NV      1472 r_1187_32_4_16_2_2_2_4_8_54efefe3ad26e25281aee5c75ee8154fa590d907d5d7ce7203007b221aa9ce8c arg  5 mem  19.20 GB tm   2867.90us/  3849.13ms (   2390 GFLOPS  179|680    GB/s) 
*** NV      1473 r_32_4_1187_ded031b0e297fe4d56e6bca792a2e4d4948297b88c6435fae06ab0a28db8c67f arg  2 mem  19.20 GB tm     46.43us/  3849.18ms (      7 GFLOPS   13|13     GB/s) 
*** NV      1474 r_128_16_8_1187_7da14102900bfc75c32fee9dbc04f24d778449741b752dc5737a0b1ce2e107b5 arg  3 mem  19.20 GB tm     11.04us/  3849.19ms (    881 GFLOPS   55|882    GB/s) 
*** NV      1475 r_16_8_b4bb03fadd22815ef0df0faac8ba18a5ed09d12cdce26ec47c6a08d63793a34c arg  2 mem  19.20 GB tm      1.47us/  3849.19ms (      1 GFLOPS    0|1      GB/s) 
function 3c974c41 in   341.97 ms: FFNBlock.__call__.<locals>._run
function 3c974c41 in   103.90 ms: FFNBlock.__call__.<locals>._run
function 3c974c41 in    76.68 ms: FFNBlock.__call__.<locals>._run
function 3c974c41 in    76.23 ms: FFNBlock.__call__.<locals>._run
function 75dc90bf in    77.98 ms: FFNBlock.__call__.<locals>._run
function 75dc90bf in    86.96 ms: FFNBlock.__call__.<locals>._run
function 3c974c41 in    76.98 ms: FFNBlock.__call__.<locals>._run
function 75dc90bf in    76.39 ms: FFNBlock.__call__.<locals>._run
function 75dc90bf in    76.44 ms: FFNBlock.__call__.<locals>._run
function 3c974c41 in    76.70 ms: FFNBlock.__call__.<locals>._run
function 75dc90bf in    76.53 ms: FFNBlock.__call__.<locals>._run
function 75dc90bf in    76.38 ms: FFNBlock.__call__.<locals>._run
function 3c974c41 in    76.56 ms: FFNBlock.__call__.<locals>._run
function 75dc90bf in    76.54 ms: FFNBlock.__call__.<locals>._run
function 75dc90bf in    76.36 ms: FFNBlock.__call__.<locals>._run
function 3c974c41 in    75.73 ms: FFNBlock.__call__.<locals>._run
function 75dc90bf in    76.81 ms: FFNBlock.__call__.<locals>._run
function 75dc90bf in    77.01 ms: FFNBlock.__call__.<locals>._run
function 3c974c41 in    76.99 ms: FFNBlock.__call__.<locals>._run
function 75dc90bf in    76.86 ms: FFNBlock.__call__.<locals>._run
function 75dc90bf in    77.03 ms: FFNBlock.__call__.<locals>._run
function 3c974c41 in    76.29 ms: FFNBlock.__call__.<locals>._run
function 75dc90bf in    76.56 ms: FFNBlock.__call__.<locals>._run
function 75dc90bf in    75.58 ms: FFNBlock.__call__.<locals>._run
function 3c974c41 in    75.89 ms: FFNBlock.__call__.<locals>._run
function 75dc90bf in    76.22 ms: FFNBlock.__call__.<locals>._run
function 75dc90bf in    76.19 ms: FFNBlock.__call__.<locals>._run
function 3c974c41 in    75.68 ms: FFNBlock.__call__.<locals>._run
function 75dc90bf in    76.01 ms: FFNBlock.__call__.<locals>._run
function 75dc90bf in    76.21 ms: FFNBlock.__call__.<locals>._run
function 3c974c41 in    76.57 ms: FFNBlock.__call__.<locals>._run
function 3c974c41 in    76.21 ms: FFNBlock.__call__.<locals>._run
function 3c974c41 in    75.80 ms: FFNBlock.__call__.<locals>._run
function 3c974c41 in    76.35 ms: FFNBlock.__call__.<locals>._run
function 3c974c41 in    76.34 ms: FFNBlock.__call__.<locals>._run
function 3c974c41 in    76.15 ms: FFNBlock.__call__.<locals>._run
scheduled    21 kernels in   233.49 ms | CACHE MISS ec126221 |   57492 uops in cache | /home/ubuntu/tinygrad-arkey/extra/llm_research/decode/nv_vocab_nacc4_qualification.py:25
scheduled    21 kernels in   223.59 ms | CACHE MISS 66d416aa |   57519 uops in cache | /home/ubuntu/tinygrad-arkey/extra/llm_research/decode/nv_vocab_nacc4_qualification.py:25
scheduled   154 kernels in   578.90 ms | CACHE MISS b2a2159e |   57897 uops in cache | /home/ubuntu/tinygrad-arkey/extra/llm_research/decode/nv_vocab_nacc4_qualification.py:25
JIT captured 1 linears with 2 inputs
memory reduced from 83.08 MB -> 62.63 MB, 190 -> 39 bufs
JIT GRAPHing batch with 32 kernels
JIT GRAPHing batch with 64 kernels
JIT GRAPHing batch with 128 kernels
JIT GRAPHing batch with 256 kernels
JIT GRAPHing batch with 394 kernels
*** NV      1476 batched 32                                     arg  0 mem  19.17 GB tm     58.23us/  3849.25ms (      0 GFLOPS   26|26     GB/s) 
*** NV      1477 batched 64                                     arg  0 mem  19.17 GB tm     48.30ms/  3897.55ms (   2729 GFLOPS    7|619    GB/s) 
*** NV      1478 batched 128                                    arg  0 mem  19.19 GB tm    110.73ms/  4008.28ms (   3211 GFLOPS    8|675    GB/s) 
*** NV      1479 batched 256                                    arg  0 mem  19.20 GB tm    206.09ms/  4214.37ms (   3242 GFLOPS    8|677    GB/s) 
*** NV      1480 batched 394                                    arg  0 mem  19.22 GB tm    331.95ms/  4546.32ms (   3113 GFLOPS    9|664    GB/s) 
*** NV      1481 batched 32                                     arg  0 mem  19.22 GB tm     19.14us/  4546.34ms (      0 GFLOPS   80|80     GB/s) 
*** NV      1482 batched 64                                     arg  0 mem  19.22 GB tm     47.51ms/  4593.85ms (   2778 GFLOPS    7|639    GB/s) 
*** NV      1483 batched 128                                    arg  0 mem  19.22 GB tm    111.96ms/  4705.81ms (   3179 GFLOPS    8|675    GB/s) 
*** NV      1484 batched 256                                    arg  0 mem  19.22 GB tm    206.84ms/  4912.66ms (   3233 GFLOPS    8|683    GB/s) 
*** NV      1485 batched 394                                    arg  0 mem  19.22 GB tm    333.07ms/  5245.73ms (   3106 GFLOPS    9|670    GB/s) 
*** NV      1486 batched 32                                     arg  0 mem  19.22 GB tm     18.75us/  5245.74ms (      0 GFLOPS   81|81     GB/s) 
*** NV      1487 batched 64                                     arg  0 mem  19.22 GB tm     48.43ms/  5294.17ms (   2729 GFLOPS    7|637    GB/s) 
*** NV      1488 batched 128                                    arg  0 mem  19.22 GB tm    112.32ms/  5406.49ms (   3172 GFLOPS    8|680    GB/s) 
*** NV      1489 batched 256                                    arg  0 mem  19.22 GB tm    207.25ms/  5613.74ms (   3230 GFLOPS    8|691    GB/s) 
*** NV      1490 batched 394                                    arg  0 mem  19.22 GB tm    333.65ms/  5947.39ms (   3103 GFLOPS    9|677    GB/s) 
*** NV      1491 batched 32                                     arg  0 mem  19.22 GB tm     46.35us/  5947.44ms (      0 GFLOPS   33|33     GB/s) 
*** NV      1492 batched 64                                     arg  0 mem  19.22 GB tm     48.71ms/  5996.15ms (   2717 GFLOPS    7|642    GB/s) 
*** NV      1493 batched 128                                    arg  0 mem  19.22 GB tm    111.64ms/  6107.79ms (   3194 GFLOPS    8|691    GB/s) 
*** NV      1494 batched 256                                    arg  0 mem  19.22 GB tm    207.72ms/  6315.51ms (   3227 GFLOPS    8|698    GB/s) 
*** NV      1495 batched 394                                    arg  0 mem  19.22 GB tm    333.97ms/  6649.48ms (   3104 GFLOPS    9|685    GB/s) 
*** NV      1496 batched 32                                     arg  0 mem  19.22 GB tm     49.20us/  6649.53ms (      0 GFLOPS   31|31     GB/s) 
*** NV      1497 batched 64                                     arg  0 mem  19.22 GB tm     48.73ms/  6698.26ms (   2720 GFLOPS    7|652    GB/s) 
*** NV      1498 batched 128                                    arg  0 mem  19.22 GB tm    111.71ms/  6809.97ms (   3195 GFLOPS    8|698    GB/s) 
*** NV      1499 batched 256                                    arg  0 mem  19.22 GB tm    208.00ms/  7017.97ms (   3226 GFLOPS    8|705    GB/s) 
*** NV      1500 batched 394                                    arg  0 mem  19.22 GB tm    334.40ms/  7352.37ms (   3103 GFLOPS    9|692    GB/s) 
*** NV      1501 batched 32                                     arg  0 mem  19.22 GB tm     40.67us/  7352.41ms (      0 GFLOPS   37|37     GB/s) 
*** NV      1502 batched 64                                     arg  0 mem  19.22 GB tm     48.84ms/  7401.25ms (   2718 GFLOPS    7|660    GB/s) 
*** NV      1503 batched 128                                    arg  0 mem  19.22 GB tm    111.92ms/  7513.17ms (   3192 GFLOPS    8|704    GB/s) 
*** NV      1504 batched 256                                    arg  0 mem  19.22 GB tm    208.28ms/  7721.45ms (   3225 GFLOPS    8|713    GB/s) 
*** NV      1505 batched 394                                    arg  0 mem  19.22 GB tm    334.85ms/  8056.29ms (   3102 GFLOPS    9|699    GB/s) 
*** NV      1506 batched 32                                     arg  0 mem  19.22 GB tm     40.51us/  8056.33ms (      0 GFLOPS   38|38     GB/s) 
*** NV      1507 batched 64                                     arg  0 mem  19.22 GB tm     47.92ms/  8104.25ms (   2774 GFLOPS    7|683    GB/s) 
*** NV      1508 batched 128                                    arg  0 mem  19.22 GB tm    112.96ms/  8217.21ms (   3165 GFLOPS    8|705    GB/s) 
*** NV      1509 batched 256                                    arg  0 mem  19.22 GB tm    208.44ms/  8425.65ms (   3225 GFLOPS    8|721    GB/s) 
*** NV      1510 batched 394                                    arg  0 mem  19.22 GB tm    335.36ms/  8761.01ms (   3101 GFLOPS    9|706    GB/s) 
*** NV      1511 batched 32                                     arg  0 mem  19.22 GB tm     42.51us/  8761.05ms (      0 GFLOPS   36|36     GB/s) 
*** NV      1512 batched 64                                     arg  0 mem  19.22 GB tm     48.05ms/  8809.10ms (   2770 GFLOPS    7|690    GB/s) 
*** NV      1513 batched 128                                    arg  0 mem  19.22 GB tm    112.98ms/  8922.08ms (   3168 GFLOPS    8|712    GB/s) 
*** NV      1514 batched 256                                    arg  0 mem  19.22 GB tm    208.62ms/  9130.70ms (   3226 GFLOPS    8|729    GB/s) 
*** NV      1515 batched 394                                    arg  0 mem  19.22 GB tm    335.67ms/  9466.37ms (   3101 GFLOPS    9|714    GB/s) 
*** NV      1516 batched 32                                     arg  0 mem  19.22 GB tm     68.28us/  9466.44ms (      0 GFLOPS   22|22     GB/s) 
*** NV      1517 batched 64                                     arg  0 mem  19.22 GB tm     48.99ms/  9515.43ms (   2720 GFLOPS    7|687    GB/s) 
*** NV      1518 batched 128                                    arg  0 mem  19.22 GB tm    113.18ms/  9628.61ms (   3165 GFLOPS    8|718    GB/s) 
*** NV      1519 batched 256                                    arg  0 mem  19.22 GB tm    208.77ms/  9837.39ms (   3227 GFLOPS    8|737    GB/s) 
*** NV      1520 batched 394                                    arg  0 mem  19.22 GB tm    336.08ms/ 10173.47ms (   3101 GFLOPS    9|721    GB/s) 
*** NV      1521 batched 32                                     arg  0 mem  19.22 GB tm     45.53us/ 10173.51ms (      0 GFLOPS   33|33     GB/s) 
*** NV      1522 batched 64                                     arg  0 mem  19.22 GB tm     49.03ms/ 10222.54ms (   2722 GFLOPS    7|696    GB/s) 
*** NV      1523 batched 128                                    arg  0 mem  19.22 GB tm    113.31ms/ 10335.85ms (   3165 GFLOPS    8|725    GB/s) 
*** NV      1524 batched 256                                    arg  0 mem  19.22 GB tm    209.05ms/ 10544.90ms (   3226 GFLOPS    8|744    GB/s) 
*** NV      1525 batched 394                                    arg  0 mem  19.22 GB tm    336.37ms/ 10881.27ms (   3101 GFLOPS    9|729    GB/s) 
*** NV      1526 batched 32                                     arg  0 mem  19.22 GB tm     31.92us/ 10881.30ms (      0 GFLOPS   48|48     GB/s) 
*** NV      1527 batched 64                                     arg  0 mem  19.22 GB tm     49.02ms/ 10930.32ms (   2727 GFLOPS    7|706    GB/s) 
*** NV      1528 batched 128                                    arg  0 mem  19.22 GB tm    113.34ms/ 11043.66ms (   3167 GFLOPS    8|732    GB/s) 
*** NV      1529 batched 256                                    arg  0 mem  19.22 GB tm    209.31ms/ 11252.97ms (   3226 GFLOPS    8|752    GB/s) 
*** NV      1530 batched 394                                    arg  0 mem  19.22 GB tm    336.73ms/ 11589.70ms (   3101 GFLOPS    9|736    GB/s) 
*** NV      1531 batched 32                                     arg  0 mem  19.22 GB tm     20.22us/ 11589.72ms (      0 GFLOPS   75|75     GB/s) 
*** NV      1532 batched 64                                     arg  0 mem  19.22 GB tm     48.21ms/ 11637.93ms (   2776 GFLOPS    7|727    GB/s) 
*** NV      1533 batched 128                                    arg  0 mem  19.22 GB tm    113.44ms/ 11751.37ms (   3167 GFLOPS    8|738    GB/s) 
*** NV      1534 batched 256                                    arg  0 mem  19.22 GB tm    209.64ms/ 11961.01ms (   3224 GFLOPS    8|759    GB/s) 
*** NV      1535 batched 394                                    arg  0 mem  19.22 GB tm    337.19ms/ 12298.20ms (   3100 GFLOPS    9|743    GB/s) 
*** NV      1536 batched 32                                     arg  0 mem  19.22 GB tm     20.32us/ 12298.22ms (      0 GFLOPS   75|75     GB/s) 
*** NV      1537 batched 64                                     arg  0 mem  19.22 GB tm     48.27ms/ 12346.50ms (   2776 GFLOPS    7|736    GB/s) 
*** NV      1538 batched 128                                    arg  0 mem  19.22 GB tm    113.59ms/ 12460.08ms (   3165 GFLOPS    8|744    GB/s) 
*** NV      1539 batched 256                                    arg  0 mem  19.22 GB tm    209.77ms/ 12669.85ms (   3225 GFLOPS    8|767    GB/s) 
*** NV      1540 batched 394                                    arg  0 mem  19.22 GB tm    337.44ms/ 13007.29ms (   3101 GFLOPS    9|751    GB/s) 
*** NV      1541 batched 32                                     arg  0 mem  19.22 GB tm     30.86us/ 13007.32ms (      0 GFLOPS   49|49     GB/s) 
*** NV      1542 batched 64                                     arg  0 mem  19.22 GB tm     49.26ms/ 13056.58ms (   2724 GFLOPS    7|731    GB/s) 
*** NV      1543 batched 128                                    arg  0 mem  19.22 GB tm    113.69ms/ 13170.26ms (   3165 GFLOPS    8|751    GB/s) 
*** NV      1544 batched 256                                    arg  0 mem  19.22 GB tm    210.13ms/ 13380.40ms (   3223 GFLOPS    8|774    GB/s) 
*** NV      1545 batched 394                                    arg  0 mem  19.22 GB tm    337.95ms/ 13718.35ms (   3100 GFLOPS    9|758    GB/s) 
*** NV      1546 batched 32                                     arg  0 mem  19.22 GB tm     30.33us/ 13718.38ms (      0 GFLOPS   50|50     GB/s) 
*** NV      1547 batched 64                                     arg  0 mem  19.22 GB tm     49.37ms/ 13767.75ms (   2722 GFLOPS    7|739    GB/s) 
*** NV      1548 batched 128                                    arg  0 mem  19.22 GB tm    113.81ms/ 13881.55ms (   3165 GFLOPS    8|757    GB/s) 
*** NV      1549 batched 256                                    arg  0 mem  19.22 GB tm    210.22ms/ 14091.78ms (   3225 GFLOPS    8|782    GB/s) 
*** NV      1550 batched 394                                    arg  0 mem  19.22 GB tm    338.29ms/ 14430.07ms (   3100 GFLOPS    9|765    GB/s) 
function be46bbf3 in   143.85 ms: FFNBlock.__call__.<locals>._run
function e1ccca55 in    78.82 ms: FFNBlock.__call__.<locals>._run
function 7d7170dd in    70.16 ms: FFNBlock.__call__.<locals>._run
function 20e65bae in    73.73 ms: FFNBlock.__call__.<locals>._run
function 579f9687 in    84.92 ms: FFNBlock.__call__.<locals>._run
function 2707b8aa in    82.11 ms: FFNBlock.__call__.<locals>._run
function 3033e948 in    87.63 ms: FFNBlock.__call__.<locals>._run
function bf660482 in    91.22 ms: FFNBlock.__call__.<locals>._run
function 9537c6ef in    97.99 ms: FFNBlock.__call__.<locals>._run
function ce80f48b in   104.90 ms: FFNBlock.__call__.<locals>._run
function 84374fef in   110.70 ms: FFNBlock.__call__.<locals>._run
function f16ec524 in   116.38 ms: FFNBlock.__call__.<locals>._run
function 64c5f03d in   126.69 ms: FFNBlock.__call__.<locals>._run
function 172a2069 in   153.73 ms: FFNBlock.__call__.<locals>._run
function 79604903 in   143.85 ms: FFNBlock.__call__.<locals>._run
function 1295054a in   155.27 ms: FFNBlock.__call__.<locals>._run
function a3f7bb25 in   165.71 ms: FFNBlock.__call__.<locals>._run
function fb9a950f in   437.36 ms: FFNBlock.__call__.<locals>._run
function 39234a44 in   188.74 ms: FFNBlock.__call__.<locals>._run
function 61bca00a in   208.23 ms: FFNBlock.__call__.<locals>._run
function 9eeb3a43 in   227.15 ms: FFNBlock.__call__.<locals>._run
function f59d77bb in   245.43 ms: FFNBlock.__call__.<locals>._run
function 5aa3df17 in   259.58 ms: FFNBlock.__call__.<locals>._run
function 767e53e9 in   286.95 ms: FFNBlock.__call__.<locals>._run
function 349923e9 in   312.83 ms: FFNBlock.__call__.<locals>._run
function b1277e40 in   324.36 ms: FFNBlock.__call__.<locals>._run
function 67e44605 in   359.49 ms: FFNBlock.__call__.<locals>._run
function 54f848ab in   656.85 ms: FFNBlock.__call__.<locals>._run
function 6c186031 in   430.26 ms: FFNBlock.__call__.<locals>._run
function bc5f3f0f in   452.73 ms: FFNBlock.__call__.<locals>._run
function 77f3236d in   493.42 ms: FFNBlock.__call__.<locals>._run
function 0dfd6397 in   529.16 ms: FFNBlock.__call__.<locals>._run
function 00d7f912 in   838.76 ms: FFNBlock.__call__.<locals>._run
function ed9da7bf in   598.85 ms: FFNBlock.__call__.<locals>._run
function 6c6f5a5f in   659.48 ms: FFNBlock.__call__.<locals>._run
function e69c8e5e in   966.56 ms: FFNBlock.__call__.<locals>._run
scheduled    14 kernels in    40.97 ms | CACHE MISS e14dd64a |   82808 uops in cache | /home/ubuntu/tinygrad-arkey/extra/llm_research/decode/nv_vocab_nacc4_qualification.py:27
scheduled    15 kernels in    84.89 ms | CACHE MISS cb530a10 |   83265 uops in cache | /home/ubuntu/tinygrad-arkey/extra/llm_research/decode/nv_vocab_nacc4_qualification.py:27
scheduled    16 kernels in    66.01 ms | CACHE MISS f3d90f0f |   83360 uops in cache | /home/ubuntu/tinygrad-arkey/extra/llm_research/decode/nv_vocab_nacc4_qualification.py:27
scheduled    17 kernels in    66.96 ms | CACHE MISS 2d0a87de |   83461 uops in cache | /home/ubuntu/tinygrad-arkey/extra/llm_research/decode/nv_vocab_nacc4_qualification.py:27
scheduled    18 kernels in    73.55 ms | CACHE MISS e5ce15cd |   83584 uops in cache | /home/ubuntu/tinygrad-arkey/extra/llm_research/decode/nv_vocab_nacc4_qualification.py:27
scheduled    19 kernels in    75.72 ms | CACHE MISS df2b3b1c |   83697 uops in cache | /home/ubuntu/tinygrad-arkey/extra/llm_research/decode/nv_vocab_nacc4_qualification.py:27
scheduled    20 kernels in    79.03 ms | CACHE MISS 1f2720e7 |   83816 uops in cache | /home/ubuntu/tinygrad-arkey/extra/llm_research/decode/nv_vocab_nacc4_qualification.py:27
scheduled    21 kernels in    83.51 ms | CACHE MISS c8eef309 |   83941 uops in cache | /home/ubuntu/tinygrad-arkey/extra/llm_research/decode/nv_vocab_nacc4_qualification.py:27
scheduled    22 kernels in    86.98 ms | CACHE MISS 00731078 |   84073 uops in cache | /home/ubuntu/tinygrad-arkey/extra/llm_research/decode/nv_vocab_nacc4_qualification.py:27
scheduled    23 kernels in    91.94 ms | CACHE MISS 85fb50f0 |   84213 uops in cache | /home/ubuntu/tinygrad-arkey/extra/llm_research/decode/nv_vocab_nacc4_qualification.py:27
scheduled    24 kernels in    97.55 ms | CACHE MISS 39f072f7 |   84359 uops in cache | /home/ubuntu/tinygrad-arkey/extra/llm_research/decode/nv_vocab_nacc4_qualification.py:27
scheduled    25 kernels in   102.51 ms | CACHE MISS bd0ad43a |   84511 uops in cache | /home/ubuntu/tinygrad-arkey/extra/llm_research/decode/nv_vocab_nacc4_qualification.py:27
scheduled    26 kernels in   110.15 ms | CACHE MISS faf6afaf |   84669 uops in cache | /home/ubuntu/tinygrad-arkey/extra/llm_research/decode/nv_vocab_nacc4_qualification.py:27
scheduled    27 kernels in   123.42 ms | CACHE MISS a0208752 |   84856 uops in cache | /home/ubuntu/tinygrad-arkey/extra/llm_research/decode/nv_vocab_nacc4_qualification.py:27
scheduled    28 kernels in   128.71 ms | CACHE MISS cb56e716 |   85026 uops in cache | /home/ubuntu/tinygrad-arkey/extra/llm_research/decode/nv_vocab_nacc4_qualification.py:27
scheduled    29 kernels in   137.30 ms | CACHE MISS 86d311bc |   85202 uops in cache | /home/ubuntu/tinygrad-arkey/extra/llm_research/decode/nv_vocab_nacc4_qualification.py:27
scheduled    30 kernels in   149.38 ms | CACHE MISS 49bcac23 |   85384 uops in cache | /home/ubuntu/tinygrad-arkey/extra/llm_research/decode/nv_vocab_nacc4_qualification.py:27
scheduled    31 kernels in   158.75 ms | CACHE MISS ee9c13da |   85572 uops in cache | /home/ubuntu/tinygrad-arkey/extra/llm_research/decode/nv_vocab_nacc4_qualification.py:27
scheduled    32 kernels in   170.08 ms | CACHE MISS 7510107c |   85766 uops in cache | /home/ubuntu/tinygrad-arkey/extra/llm_research/decode/nv_vocab_nacc4_qualification.py:27
scheduled    33 kernels in   185.54 ms | CACHE MISS 21ac8c48 |   85971 uops in cache | /home/ubuntu/tinygrad-arkey/extra/llm_research/decode/nv_vocab_nacc4_qualification.py:27
scheduled    34 kernels in   198.20 ms | CACHE MISS 34f592f2 |   86182 uops in cache | /home/ubuntu/tinygrad-arkey/extra/llm_research/decode/nv_vocab_nacc4_qualification.py:27
scheduled    36 kernels in   211.41 ms | CACHE MISS c7917d5f |   86400 uops in cache | /home/ubuntu/tinygrad-arkey/extra/llm_research/decode/nv_vocab_nacc4_qualification.py:27
scheduled    36 kernels in   227.34 ms | CACHE MISS c30d4c62 |   86623 uops in cache | /home/ubuntu/tinygrad-arkey/extra/llm_research/decode/nv_vocab_nacc4_qualification.py:27
scheduled    37 kernels in   244.34 ms | CACHE MISS 331e3dad |   86852 uops in cache | /home/ubuntu/tinygrad-arkey/extra/llm_research/decode/nv_vocab_nacc4_qualification.py:27
scheduled    39 kernels in   271.37 ms | CACHE MISS c178e651 |   87088 uops in cache | /home/ubuntu/tinygrad-arkey/extra/llm_research/decode/nv_vocab_nacc4_qualification.py:27
scheduled    39 kernels in   278.25 ms | CACHE MISS 2f7cf550 |   87324 uops in cache | /home/ubuntu/tinygrad-arkey/extra/llm_research/decode/nv_vocab_nacc4_qualification.py:27
scheduled    40 kernels in   298.03 ms | CACHE MISS 4e0a4c2a |   87571 uops in cache | /home/ubuntu/tinygrad-arkey/extra/llm_research/decode/nv_vocab_nacc4_qualification.py:27
scheduled    42 kernels in   320.93 ms | CACHE MISS 3e4ef8a3 |   87825 uops in cache | /home/ubuntu/tinygrad-arkey/extra/llm_research/decode/nv_vocab_nacc4_qualification.py:27
scheduled    42 kernels in   342.37 ms | CACHE MISS cf247201 |   88084 uops in cache | /home/ubuntu/tinygrad-arkey/extra/llm_research/decode/nv_vocab_nacc4_qualification.py:27
scheduled    43 kernels in   366.54 ms | CACHE MISS e161982f |   88349 uops in cache | /home/ubuntu/tinygrad-arkey/extra/llm_research/decode/nv_vocab_nacc4_qualification.py:27
scheduled    45 kernels in   390.30 ms | CACHE MISS 583db23d |   88621 uops in cache | /home/ubuntu/tinygrad-arkey/extra/llm_research/decode/nv_vocab_nacc4_qualification.py:27
scheduled    46 kernels in   413.77 ms | CACHE MISS 384245d9 |   88899 uops in cache | /home/ubuntu/tinygrad-arkey/extra/llm_research/decode/nv_vocab_nacc4_qualification.py:27
scheduled    47 kernels in   440.74 ms | CACHE MISS 1ea435fe |   89183 uops in cache | /home/ubuntu/tinygrad-arkey/extra/llm_research/decode/nv_vocab_nacc4_qualification.py:27
scheduled    48 kernels in   476.20 ms | CACHE MISS c0be0145 |   89473 uops in cache | /home/ubuntu/tinygrad-arkey/extra/llm_research/decode/nv_vocab_nacc4_qualification.py:27
scheduled    49 kernels in   499.30 ms | CACHE MISS 2f569726 |   89769 uops in cache | /home/ubuntu/tinygrad-arkey/extra/llm_research/decode/nv_vocab_nacc4_qualification.py:27
scheduled    50 kernels in   529.53 ms | CACHE MISS 33e68a58 |   90071 uops in cache | /home/ubuntu/tinygrad-arkey/extra/llm_research/decode/nv_vocab_nacc4_qualification.py:27
scheduled    51 kernels in  1109.16 ms | CACHE MISS e840dea8 |   90679 uops in cache | /home/ubuntu/tinygrad-arkey/extra/llm_research/decode/nv_vocab_nacc4_qualification.py:27
*** NV      1551 E_c9699af0d7ec2ef027b0f07fc5156c7a5f00221c2efb3447f24a23d08b2e0346 arg  2 mem  19.22 GB tm      1.54us/ 14430.07ms (      0 GFLOPS    0|0      GB/s) 
*** NV      1552 E_2_c8a3207cf1b8954ec08b9564cce9b00f69be9c09493c58ea1abd46b3664424e7 arg  1 mem  19.22 GB tm      1.76us/ 14430.07ms (      0 GFLOPS    0|0      GB/s) 
*** NV      1553 E_16_4_2_8_16_2_4_4_35a6fe556c331254f920c4212fdc0c33244d8269d7c93cb1897349f36a254aee arg  3 mem  19.22 GB tm      3.23us/ 14430.08ms (   2083 GFLOPS  730|730    GB/s) 
*** NV      1554 E_1187_32_4_76d37a73a646ec3a4b5e32ab783e0ace496f5855bbba7492c8c7fe87bbff5f1f arg  3 mem  19.22 GB tm      3.04us/ 14430.08ms (  14269 GFLOPS  200|200    GB/s) 
*** NV      1555 r_32_32_4_32_4_b7c5eeb3ced63845c64b323fd8e5e923a69c1e162de001a94b565dcd96e9293f arg  2 mem  19.22 GB tm      5.28us/ 14430.09ms (     99 GFLOPS  202|202    GB/s) 
*** NV      1556 rmsnorm_native_1_4096                          arg  3 mem  19.22 GB tm      5.50us/ 14430.09ms (      5 GFLOPS    6|15     GB/s) 
*** NV      1557 q4k_g3_lanemap_gemv_vec_4096_4096              arg  3 mem  19.22 GB tm      9.50us/ 14430.10ms (  16122 GFLOPS  996|5351   GB/s) 
*** NV      1558 q4k_g3_lanemap_gemv_vec_1024_4096              arg  3 mem  19.22 GB tm      4.58us/ 14430.11ms (   8371 GFLOPS  518|2778   GB/s) 
*** NV      1559 q6k_v_four_warp_fp16_direct_1024_4096          arg  3 mem  19.22 GB tm      5.31us/ 14430.11ms (  11646 GFLOPS  650|4244   GB/s) 
*** NV      1560 reduce_output_rmsnorm_rope_32_128              arg  4 mem  19.22 GB tm      2.62us/ 14430.11ms (     15 GFLOPS   19|42     GB/s) 
*** NV      1561 reduce_output_rmsnorm_rope_kv_cache_8_128      arg  5 mem  19.22 GB tm      2.43us/ 14430.12ms (      5 GFLOPS    7|16     GB/s) 
*** NV      1562 flash_vec_llama_score_pv_32_128_6_widekv16_vtail1 arg  3 mem  19.22 GB tm      6.66us/ 14430.12ms (   3079 GFLOPS  490|3554   GB/s) 
*** NV      1563 flash_fused_gmax_combine_f16_32_128_s6_lw128_regw arg  2 mem  19.22 GB tm      1.92us/ 14430.12ms (     64 GFLOPS   56|116    GB/s) 
*** NV      1564 q4k_g3_lanemap_gemv_vec_epi_resadd_4096_4096   arg  4 mem  19.22 GB tm      9.66us/ 14430.13ms (  15869 GFLOPS  981|5317   GB/s) 
*** NV      1565 rmsnorm_native_1_4096                          arg  3 mem  19.22 GB tm      4.80us/ 14430.14ms (      6 GFLOPS    7|17     GB/s) 
*** NV      1566 q4k_gate_up_four_warp_vec_fp16_12288_4096      arg  4 mem  19.22 GB tm     43.30us/ 14430.18ms (  21870 GFLOPS 1309|6176   GB/s) 
*** NV      1567 q6k_fp16_packed_lanemap_u4_4096_12288_epi_ffnresadd arg  4 mem  19.22 GB tm     32.29us/ 14430.21ms (  15150 GFLOPS 1281|6300   GB/s) 
*** NV      1568 rmsnorm_q8_1_llama_provider_4096               arg  3 mem  19.22 GB tm      2.62us/ 14430.22ms (    136 GFLOPS   11|134    GB/s) 
*** NV      1569 q4k_warp_coop_q8_dp4a_direct_4096_4096         arg  3 mem  19.22 GB tm     10.94us/ 14430.23ms (  11881 GFLOPS  864|8048   GB/s) 
*** NV      1570 q4k_q6k_warp_coop_q8_dp4a_pair_direct_1024_4096 arg  5 mem  19.22 GB tm      7.26us/ 14430.24ms (   6785 GFLOPS  800|5630   GB/s) 
*** NV      1571 reduce_output_rmsnorm_rope_32_128              arg  4 mem  19.22 GB tm      3.46us/ 14430.24ms (     12 GFLOPS   14|32     GB/s) 
*** NV      1572 reduce_output_rmsnorm_rope_kv_cache_8_128      arg  5 mem  19.22 GB tm      2.40us/ 14430.24ms (      5 GFLOPS    7|17     GB/s) 
*** NV      1573 flash_vec_llama_score_pv_32_128_6_widekv16_vtail1 arg  3 mem  19.22 GB tm      6.53us/ 14430.25ms (   3140 GFLOPS  500|3624   GB/s) 
*** NV      1574 flash_fused_gmax_combine_f16_32_128_s6_lw128_regw arg  2 mem  19.22 GB tm      1.95us/ 14430.25ms (     63 GFLOPS   55|114    GB/s) 
*** NV      1575 q4k_g3_lanemap_gemv_vec_epi_resadd_4096_4096   arg  4 mem  19.22 GB tm     10.08us/ 14430.26ms (  15214 GFLOPS  940|5097   GB/s) 
*** NV      1576 rmsnorm_native_1_4096                          arg  3 mem  19.22 GB tm      5.06us/ 14430.27ms (      6 GFLOPS    6|17     GB/s) 
*** NV      1577 q4k_gate_up_four_warp_vec_fp16_12288_4096      arg  4 mem  19.22 GB tm     36.06us/ 14430.30ms (  26255 GFLOPS 1571|7414   GB/s) 
*** NV      1578 q6k_fp16_packed_lanemap_u4_4096_12288_epi_ffnresadd arg  4 mem  19.22 GB tm     27.94us/ 14430.33ms (  17510 GFLOPS 1480|7282   GB/s) 
*** NV      1579 rmsnorm_q8_1_llama_provider_4096               arg  3 mem  19.22 GB tm      2.59us/ 14430.33ms (    137 GFLOPS   11|136    GB/s) 
*** NV      1580 q4k_warp_coop_q8_dp4a_direct_4096_4096         arg  3 mem  19.22 GB tm      8.64us/ 14430.34ms (  15049 GFLOPS 1095|10194  GB/s) 
*** NV      1581 q4k_q6k_warp_coop_q8_dp4a_pair_direct_1024_4096 arg  5 mem  19.22 GB tm      6.21us/ 14430.35ms (   7939 GFLOPS  936|6587   GB/s) 
*** NV      1582 reduce_output_rmsnorm_rope_32_128              arg  4 mem  19.22 GB tm      2.75us/ 14430.35ms (     15 GFLOPS   18|40     GB/s) 
*** NV      1583 reduce_output_rmsnorm_rope_kv_cache_8_128      arg  5 mem  19.22 GB tm      2.43us/ 14430.35ms (      5 GFLOPS    7|16     GB/s) 
*** NV      1584 flash_vec_llama_score_pv_32_128_6_widekv16_vtail1 arg  3 mem  19.22 GB tm      5.98us/ 14430.36ms (   3425 GFLOPS  545|3954   GB/s) 
*** NV      1585 flash_fused_gmax_combine_f16_32_128_s6_lw128_regw arg  2 mem  19.22 GB tm      1.95us/ 14430.36ms (     63 GFLOPS   55|114    GB/s) 
*** NV      1586 q4k_g3_lanemap_gemv_vec_epi_resadd_4096_4096   arg  4 mem  19.22 GB tm      9.50us/ 14430.37ms (  16136 GFLOPS  997|5406   GB/s) 
*** NV      1587 rmsnorm_native_1_4096                          arg  3 mem  19.22 GB tm      4.74us/ 14430.37ms (      6 GFLOPS    7|18     GB/s) 
*** NV      1588 q4k_gate_up_four_warp_vec_fp16_12288_4096      arg  4 mem  19.22 GB tm     37.22us/ 14430.41ms (  25442 GFLOPS 1522|7185   GB/s) 
*** NV      1589 q6k_fp16_packed_lanemap_u4_4096_12288_epi_ffnresadd arg  4 mem  19.22 GB tm     28.51us/ 14430.44ms (  17156 GFLOPS 1450|7135   GB/s) 
*** NV      1590 rmsnorm_q8_1_llama_provider_4096               arg  3 mem  19.22 GB tm      3.14us/ 14430.44ms (    114 GFLOPS    9|112    GB/s) 
*** NV      1591 q4k_warp_coop_q8_dp4a_direct_4096_4096         arg  3 mem  19.22 GB tm      8.83us/ 14430.45ms (  14722 GFLOPS 1071|9973   GB/s) 
*** NV      1592 q4k_q6k_warp_coop_q8_dp4a_pair_direct_1024_4096 arg  5 mem  19.22 GB tm      6.37us/ 14430.46ms (   7739 GFLOPS  913|6422   GB/s) 
*** NV      1593 reduce_output_rmsnorm_rope_32_128              arg  4 mem  19.22 GB tm      3.62us/ 14430.46ms (     11 GFLOPS   14|31     GB/s) 
*** NV      1594 reduce_output_rmsnorm_rope_kv_cache_8_128      arg  5 mem  19.22 GB tm      2.98us/ 14430.46ms (      4 GFLOPS    6|13     GB/s) 
*** NV      1595 flash_vec_llama_score_pv_32_128_6_widekv16_vtail1 arg  3 mem  19.22 GB tm      6.78us/ 14430.47ms (   3021 GFLOPS  481|3487   GB/s) 
*** NV      1596 flash_fused_gmax_combine_f16_32_128_s6_lw128_regw arg  2 mem  19.22 GB tm      2.30us/ 14430.47ms (     54 GFLOPS   47|96     GB/s) 
*** NV      1597 q4k_g3_lanemap_gemv_vec_epi_resadd_4096_4096   arg  4 mem  19.22 GB tm      9.54us/ 14430.48ms (  16082 GFLOPS  994|5388   GB/s) 
*** NV      1598 rmsnorm_native_1_4096                          arg  3 mem  19.22 GB tm      5.09us/ 14430.49ms (      6 GFLOPS    6|17     GB/s) 
*** NV      1599 q4k_gate_up_four_warp_vec_fp16_12288_4096      arg  4 mem  19.22 GB tm     37.06us/ 14430.53ms (  25552 GFLOPS 1529|7216   GB/s) 
*** NV      1600 q6k_fp16_packed_lanemap_u4_4096_12288_epi_ffnresadd arg  4 mem  19.22 GB tm     27.68us/ 14430.55ms (  17672 GFLOPS 1494|7349   GB/s) 
*** NV      1601 rmsnorm_q8_1_llama_provider_4096               arg  3 mem  19.22 GB tm      2.53us/ 14430.56ms (    141 GFLOPS   12|139    GB/s) 
*** NV      1602 q4k_warp_coop_q8_dp4a_direct_4096_4096         arg  3 mem  19.22 GB tm      9.09us/ 14430.56ms (  14307 GFLOPS 1041|9692   GB/s) 
*** NV      1603 q4k_warp_coop_q8_dp4a_pair_direct_1024_4096    arg  5 mem  19.22 GB tm      5.63us/ 14430.57ms (   9402 GFLOPS  840|6703   GB/s) 
*** NV      1604 reduce_output_rmsnorm_rope_32_128              arg  4 mem  19.22 GB tm      2.91us/ 14430.57ms (     14 GFLOPS   17|38     GB/s) 
*** NV      1605 reduce_output_rmsnorm_rope_kv_cache_8_128      arg  5 mem  19.22 GB tm      2.66us/ 14430.58ms (      5 GFLOPS    6|15     GB/s) 
*** NV      1606 flash_vec_llama_score_pv_32_128_6_widekv16_vtail1 arg  3 mem  19.22 GB tm      6.46us/ 14430.58ms (   3171 GFLOPS  505|3660   GB/s) 
*** NV      1607 flash_fused_gmax_combine_f16_32_128_s6_lw128_regw arg  2 mem  19.22 GB tm      1.89us/ 14430.58ms (     65 GFLOPS   57|118    GB/s) 
*** NV      1608 q4k_g3_lanemap_gemv_vec_epi_resadd_4096_4096   arg  4 mem  19.22 GB tm      9.06us/ 14430.59ms (  16934 GFLOPS 1047|5674   GB/s) 
*** NV      1609 rmsnorm_native_1_4096                          arg  3 mem  19.22 GB tm      5.06us/ 14430.60ms (      6 GFLOPS    6|17     GB/s) 
*** NV      1610 q4k_gate_up_four_warp_vec_fp16_12288_4096      arg  4 mem  19.22 GB tm     36.10us/ 14430.63ms (  26232 GFLOPS 1570|7408   GB/s) 
*** NV      1611 q4k_fp16_mmvq_direct_vec_4096_12288_epi_ffnresadd arg  4 mem  19.22 GB tm     24.13us/ 14430.66ms (  19165 GFLOPS 1176|6780   GB/s) 
*** NV      1612 rmsnorm_q8_1_llama_provider_4096               arg  3 mem  19.22 GB tm      2.62us/ 14430.66ms (    136 GFLOPS   11|134    GB/s) 
*** NV      1613 q4k_warp_coop_q8_dp4a_direct_4096_4096         arg  3 mem  19.22 GB tm      9.09us/ 14430.67ms (  14307 GFLOPS 1041|9692   GB/s) 
*** NV      1614 q4k_warp_coop_q8_dp4a_pair_direct_1024_4096    arg  5 mem  19.22 GB tm      5.22us/ 14430.68ms (  10152 GFLOPS  907|7237   GB/s) 
*** NV      1615 reduce_output_rmsnorm_rope_32_128              arg  4 mem  19.22 GB tm      2.37us/ 14430.68ms (     17 GFLOPS   21|47     GB/s) 
*** NV      1616 reduce_output_rmsnorm_rope_kv_cache_8_128      arg  5 mem  19.22 GB tm      2.59us/ 14430.68ms (      5 GFLOPS    6|15     GB/s) 
*** NV      1617 flash_vec_llama_score_pv_32_128_6_widekv16_vtail1 arg  3 mem  19.22 GB tm      6.50us/ 14430.69ms (   3155 GFLOPS  502|3642   GB/s) 
*** NV      1618 flash_fused_gmax_combine_f16_32_128_s6_lw128_regw arg  2 mem  19.22 GB tm      2.18us/ 14430.69ms (     57 GFLOPS   50|102    GB/s) 
*** NV      1619 q4k_g3_lanemap_gemv_vec_epi_resadd_4096_4096   arg  4 mem  19.22 GB tm      8.86us/ 14430.70ms (  17301 GFLOPS 1069|5797   GB/s) 
*** NV      1620 rmsnorm_native_1_4096                          arg  3 mem  19.22 GB tm      4.93us/ 14430.70ms (      6 GFLOPS    7|17     GB/s) 
*** NV      1621 q4k_gate_up_four_warp_vec_fp16_12288_4096      arg  4 mem  19.22 GB tm     36.38us/ 14430.74ms (  26024 GFLOPS 1557|7349   GB/s) 
*** NV      1622 q4k_fp16_mmvq_direct_vec_4096_12288_epi_ffnresadd arg  4 mem  19.22 GB tm     20.83us/ 14430.76ms (  22198 GFLOPS 1362|7852   GB/s) 
*** NV      1623 rmsnorm_q8_1_llama_provider_4096               arg  3 mem  19.22 GB tm      2.34us/ 14430.76ms (    153 GFLOPS   12|151    GB/s) 
*** NV      1624 q4k_warp_coop_q8_dp4a_direct_4096_4096         arg  3 mem  19.22 GB tm      8.80us/ 14430.77ms (  14775 GFLOPS 1075|10009  GB/s) 
*** NV      1625 q4k_q6k_warp_coop_q8_dp4a_pair_direct_1024_4096 arg  5 mem  19.22 GB tm      6.40us/ 14430.78ms (   7700 GFLOPS  908|6390   GB/s) 
*** NV      1626 reduce_output_rmsnorm_rope_32_128              arg  4 mem  19.22 GB tm      2.43us/ 14430.78ms (     16 GFLOPS   20|45     GB/s) 
*** NV      1627 reduce_output_rmsnorm_rope_kv_cache_8_128      arg  5 mem  19.22 GB tm      2.91us/ 14430.78ms (      4 GFLOPS    6|14     GB/s) 
*** NV      1628 flash_vec_llama_score_pv_32_128_6_widekv16_vtail1 arg  3 mem  19.22 GB tm      6.43us/ 14430.79ms (   3187 GFLOPS  507|3678   GB/s) 
*** NV      1629 flash_fused_gmax_combine_f16_32_128_s6_lw128_regw arg  2 mem  19.22 GB tm      1.98us/ 14430.79ms (     62 GFLOPS   54|112    GB/s) 
*** NV      1630 q4k_g3_lanemap_gemv_vec_epi_resadd_4096_4096   arg  4 mem  19.22 GB tm      9.25us/ 14430.80ms (  16582 GFLOPS 1025|5556   GB/s) 
*** NV      1631 rmsnorm_native_1_4096                          arg  3 mem  19.22 GB tm      5.02us/ 14430.81ms (      6 GFLOPS    7|17     GB/s) 
*** NV      1632 q4k_gate_up_four_warp_vec_fp16_12288_4096      arg  4 mem  19.22 GB tm     36.70us/ 14430.84ms (  25797 GFLOPS 1544|7285   GB/s) 
*** NV      1633 q6k_fp16_packed_lanemap_u4_4096_12288_epi_ffnresadd arg  4 mem  19.22 GB tm     27.68us/ 14430.87ms (  17672 GFLOPS 1494|7349   GB/s) 
*** NV      1634 rmsnorm_q8_1_llama_provider_4096               arg  3 mem  19.22 GB tm      2.59us/ 14430.87ms (    137 GFLOPS   11|136    GB/s) 
*** NV      1635 q4k_warp_coop_q8_dp4a_direct_4096_4096         arg  3 mem  19.22 GB tm      8.86us/ 14430.88ms (  14669 GFLOPS 1067|9937   GB/s) 
*** NV      1636 q4k_warp_coop_q8_dp4a_pair_direct_1024_4096    arg  5 mem  19.22 GB tm      5.02us/ 14430.89ms (  10540 GFLOPS  942|7514   GB/s) 
*** NV      1637 reduce_output_rmsnorm_rope_32_128              arg  4 mem  19.22 GB tm      2.40us/ 14430.89ms (     17 GFLOPS   21|46     GB/s) 
*** NV      1638 reduce_output_rmsnorm_rope_kv_cache_8_128      arg  5 mem  19.22 GB tm      2.59us/ 14430.89ms (      5 GFLOPS    6|15     GB/s) 
*** NV      1639 flash_vec_llama_score_pv_32_128_6_widekv16_vtail1 arg  3 mem  19.22 GB tm      6.30us/ 14430.90ms (   3251 GFLOPS  517|3753   GB/s) 
*** NV      1640 flash_fused_gmax_combine_f16_32_128_s6_lw128_regw arg  2 mem  19.22 GB tm      1.89us/ 14430.90ms (     65 GFLOPS   57|118    GB/s) 
*** NV      1641 q4k_g3_lanemap_gemv_vec_epi_resadd_4096_4096   arg  4 mem  19.22 GB tm      9.02us/ 14430.91ms (  16994 GFLOPS 1050|5694   GB/s) 
*** NV      1642 rmsnorm_native_1_4096                          arg  3 mem  19.22 GB tm      4.83us/ 14430.91ms (      6 GFLOPS    7|17     GB/s) 
*** NV      1643 q4k_gate_up_four_warp_vec_fp16_12288_4096      arg  4 mem  19.22 GB tm     36.48us/ 14430.95ms (  25956 GFLOPS 1553|7330   GB/s) 
*** NV      1644 q4k_fp16_mmvq_direct_vec_4096_12288_epi_ffnresadd arg  4 mem  19.22 GB tm     21.09us/ 14430.97ms (  21928 GFLOPS 1345|7757   GB/s) 
*** NV      1645 rmsnorm_q8_1_llama_provider_4096               arg  3 mem  19.22 GB tm      3.20us/ 14430.97ms (    111 GFLOPS    9|110    GB/s) 
*** NV      1646 q4k_warp_coop_q8_dp4a_direct_4096_4096         arg  3 mem  19.22 GB tm      8.93us/ 14430.98ms (  14564 GFLOPS 1059|9866   GB/s) 
*** NV      1647 q4k_warp_coop_q8_dp4a_pair_direct_1024_4096    arg  5 mem  19.22 GB tm      5.86us/ 14430.99ms (   9043 GFLOPS  808|6446   GB/s) 
*** NV      1648 reduce_output_rmsnorm_rope_32_128              arg  4 mem  19.22 GB tm      2.59us/ 14430.99ms (     15 GFLOPS   19|43     GB/s) 
*** NV      1649 reduce_output_rmsnorm_rope_kv_cache_8_128      arg  5 mem  19.22 GB tm      2.66us/ 14430.99ms (      5 GFLOPS    6|15     GB/s) 
*** NV      1650 flash_vec_llama_score_pv_32_128_6_widekv16_vtail1 arg  3 mem  19.22 GB tm      6.34us/ 14431.00ms (   3235 GFLOPS  515|3734   GB/s) 
*** NV      1651 flash_fused_gmax_combine_f16_32_128_s6_lw128_regw arg  2 mem  19.22 GB tm      1.92us/ 14431.00ms (     64 GFLOPS   56|116    GB/s) 
*** NV      1652 q4k_g3_lanemap_gemv_vec_epi_resadd_4096_4096   arg  4 mem  19.22 GB tm      9.06us/ 14431.01ms (  16934 GFLOPS 1047|5674   GB/s) 
*** NV      1653 rmsnorm_native_1_4096                          arg  3 mem  19.22 GB tm      4.80us/ 14431.02ms (      6 GFLOPS    7|17     GB/s) 
*** NV      1654 q4k_gate_up_four_warp_vec_fp16_12288_4096      arg  4 mem  19.22 GB tm     36.06us/ 14431.05ms (  26255 GFLOPS 1571|7414   GB/s) 
*** NV      1655 q4k_fp16_mmvq_direct_vec_4096_12288_epi_ffnresadd arg  4 mem  19.22 GB tm     20.67us/ 14431.07ms (  22369 GFLOPS 1372|7913   GB/s) 
*** NV      1656 rmsnorm_q8_1_llama_provider_4096               arg  3 mem  19.22 GB tm      2.40us/ 14431.08ms (    148 GFLOPS   12|147    GB/s) 
*** NV      1657 q4k_warp_coop_q8_dp4a_direct_4096_4096         arg  3 mem  19.22 GB tm      8.64us/ 14431.08ms (  15049 GFLOPS 1095|10194  GB/s) 
*** NV      1658 q4k_q6k_warp_coop_q8_dp4a_pair_direct_1024_4096 arg  5 mem  19.22 GB tm      6.24us/ 14431.09ms (   7898 GFLOPS  932|6554   GB/s) 
*** NV      1659 reduce_output_rmsnorm_rope_32_128              arg  4 mem  19.22 GB tm      2.88us/ 14431.09ms (     14 GFLOPS   17|38     GB/s) 
*** NV      1660 reduce_output_rmsnorm_rope_kv_cache_8_128      arg  5 mem  19.22 GB tm      2.75us/ 14431.10ms (      4 GFLOPS    6|15     GB/s) 
*** NV      1661 flash_vec_llama_score_pv_32_128_6_widekv16_vtail1 arg  3 mem  19.22 GB tm      6.66us/ 14431.10ms (   3079 GFLOPS  490|3554   GB/s) 
*** NV      1662 flash_fused_gmax_combine_f16_32_128_s6_lw128_regw arg  2 mem  19.22 GB tm      1.92us/ 14431.10ms (     64 GFLOPS   56|116    GB/s) 
*** NV      1663 q4k_g3_lanemap_gemv_vec_epi_resadd_4096_4096   arg  4 mem  19.22 GB tm      9.15us/ 14431.11ms (  16756 GFLOPS 1036|5614   GB/s) 
*** NV      1664 rmsnorm_native_1_4096                          arg  3 mem  19.22 GB tm      4.80us/ 14431.12ms (      6 GFLOPS    7|17     GB/s) 
*** NV      1665 q4k_gate_up_four_warp_vec_fp16_12288_4096      arg  4 mem  19.22 GB tm     36.86us/ 14431.16ms (  25685 GFLOPS 1537|7253   GB/s) 
*** NV      1666 q6k_fp16_packed_lanemap_u4_4096_12288_epi_ffnresadd arg  4 mem  19.22 GB tm     27.90us/ 14431.18ms (  17530 GFLOPS 1482|7290   GB/s) 
*** NV      1667 rmsnorm_q8_1_llama_provider_4096               arg  3 mem  19.22 GB tm      2.56us/ 14431.19ms (    139 GFLOPS   11|138    GB/s) 
*** NV      1668 q4k_warp_coop_q8_dp4a_direct_4096_4096         arg  3 mem  19.22 GB tm      8.86us/ 14431.19ms (  14669 GFLOPS 1067|9937   GB/s) 
*** NV      1669 q4k_warp_coop_q8_dp4a_pair_direct_1024_4096    arg  5 mem  19.22 GB tm      5.09us/ 14431.20ms (  10407 GFLOPS  930|7419   GB/s) 
*** NV      1670 reduce_output_rmsnorm_rope_32_128              arg  4 mem  19.22 GB tm      2.50us/ 14431.20ms (     16 GFLOPS   20|44     GB/s) 
*** NV      1671 reduce_output_rmsnorm_rope_kv_cache_8_128      arg  5 mem  19.22 GB tm      2.69us/ 14431.21ms (      4 GFLOPS    6|15     GB/s) 
*** NV      1672 flash_vec_llama_score_pv_32_128_6_widekv16_vtail1 arg  3 mem  19.22 GB tm      6.30us/ 14431.21ms (   3251 GFLOPS  517|3753   GB/s) 
*** NV      1673 flash_fused_gmax_combine_f16_32_128_s6_lw128_regw arg  2 mem  19.22 GB tm      1.89us/ 14431.21ms (     65 GFLOPS   57|118    GB/s) 
*** NV      1674 q4k_g3_lanemap_gemv_vec_epi_resadd_4096_4096   arg  4 mem  19.22 GB tm      8.96us/ 14431.22ms (  17115 GFLOPS 1058|5734   GB/s) 
*** NV      1675 rmsnorm_native_1_4096                          arg  3 mem  19.22 GB tm      4.77us/ 14431.23ms (      6 GFLOPS    7|18     GB/s) 
*** NV      1676 q4k_gate_up_four_warp_vec_fp16_12288_4096      arg  4 mem  19.22 GB tm     36.83us/ 14431.26ms (  25708 GFLOPS 1538|7260   GB/s) 
*** NV      1677 q4k_fp16_mmvq_direct_vec_4096_12288_epi_ffnresadd arg  4 mem  19.22 GB tm     20.10us/ 14431.28ms (  23011 GFLOPS 1412|8140   GB/s) 
*** NV      1678 rmsnorm_q8_1_llama_provider_4096               arg  3 mem  19.22 GB tm      2.75us/ 14431.29ms (    129 GFLOPS   11|128    GB/s) 
*** NV      1679 q4k_warp_coop_q8_dp4a_direct_4096_4096         arg  3 mem  19.22 GB tm      9.06us/ 14431.30ms (  14358 GFLOPS 1044|9726   GB/s) 
*** NV      1680 q4k_warp_coop_q8_dp4a_pair_direct_1024_4096    arg  5 mem  19.22 GB tm      5.06us/ 14431.30ms (  10473 GFLOPS  936|7466   GB/s) 
*** NV      1681 reduce_output_rmsnorm_rope_32_128              arg  4 mem  19.22 GB tm      2.40us/ 14431.30ms (     17 GFLOPS   21|46     GB/s) 
*** NV      1682 reduce_output_rmsnorm_rope_kv_cache_8_128      arg  5 mem  19.22 GB tm      2.69us/ 14431.31ms (      4 GFLOPS    6|15     GB/s) 
*** NV      1683 flash_vec_llama_score_pv_32_128_6_widekv16_vtail1 arg  3 mem  19.23 GB tm      6.34us/ 14431.31ms (   3235 GFLOPS  515|3734   GB/s) 
*** NV      1684 flash_fused_gmax_combine_f16_32_128_s6_lw128_regw arg  2 mem  19.23 GB tm      1.89us/ 14431.31ms (     65 GFLOPS   57|118    GB/s) 
*** NV      1685 q4k_g3_lanemap_gemv_vec_epi_resadd_4096_4096   arg  4 mem  19.23 GB tm      9.02us/ 14431.32ms (  16994 GFLOPS 1050|5694   GB/s) 
*** NV      1686 rmsnorm_native_1_4096                          arg  3 mem  19.23 GB tm      4.77us/ 14431.33ms (      6 GFLOPS    7|18     GB/s) 
*** NV      1687 q4k_gate_up_four_warp_vec_fp16_12288_4096      arg  4 mem  19.23 GB tm     36.58us/ 14431.36ms (  25888 GFLOPS 1549|7310   GB/s) 
*** NV      1688 q4k_fp16_mmvq_direct_vec_4096_12288_epi_ffnresadd arg  4 mem  19.23 GB tm     20.58us/ 14431.39ms (  22474 GFLOPS 1379|7950   GB/s) 
*** NV      1689 rmsnorm_q8_1_llama_provider_4096               arg  3 mem  19.23 GB tm      2.37us/ 14431.39ms (    150 GFLOPS   12|149    GB/s) 
*** NV      1690 q4k_warp_coop_q8_dp4a_direct_4096_4096         arg  3 mem  19.23 GB tm     10.02us/ 14431.40ms (  12982 GFLOPS  944|8794   GB/s) 
*** NV      1691 q4k_q6k_warp_coop_q8_dp4a_pair_direct_1024_4096 arg  5 mem  19.23 GB tm      5.95us/ 14431.40ms (   8280 GFLOPS  977|6871   GB/s) 
*** NV      1692 reduce_output_rmsnorm_rope_32_128              arg  4 mem  19.23 GB tm      3.39us/ 14431.41ms (     12 GFLOPS   15|33     GB/s) 
*** NV      1693 reduce_output_rmsnorm_rope_kv_cache_8_128      arg  5 mem  19.23 GB tm      3.04us/ 14431.41ms (      4 GFLOPS    5|13     GB/s) 
*** NV      1694 flash_vec_llama_score_pv_32_128_6_widekv16_vtail1 arg  3 mem  19.23 GB tm      6.69us/ 14431.42ms (   3065 GFLOPS  488|3537   GB/s) 
*** NV      1695 flash_fused_gmax_combine_f16_32_128_s6_lw128_regw arg  2 mem  19.23 GB tm      2.40us/ 14431.42ms (     51 GFLOPS   45|92     GB/s) 
*** NV      1696 q4k_g3_lanemap_gemv_vec_epi_resadd_4096_4096   arg  4 mem  19.23 GB tm      9.34us/ 14431.43ms (  16412 GFLOPS 1014|5499   GB/s) 
*** NV      1697 rmsnorm_native_1_4096                          arg  3 mem  19.23 GB tm      5.25us/ 14431.43ms (      5 GFLOPS    6|16     GB/s) 
*** NV      1698 q4k_gate_up_four_warp_vec_fp16_12288_4096      arg  4 mem  19.23 GB tm     37.31us/ 14431.47ms (  25377 GFLOPS 1518|7166   GB/s) 
*** NV      1699 q6k_fp16_packed_lanemap_u4_4096_12288_epi_ffnresadd arg  4 mem  19.23 GB tm     27.39us/ 14431.50ms (  17858 GFLOPS 1509|7426   GB/s) 
*** NV      1700 rmsnorm_native_1_4096                          arg  3 mem  19.23 GB tm      4.99us/ 14431.50ms (      6 GFLOPS    7|17     GB/s) 
*** NV      1701 q4k_g3_lanemap_gemv_vec_4096_4096              arg  3 mem  19.23 GB tm      9.09us/ 14431.51ms (  16860 GFLOPS 1041|5596   GB/s) 
*** NV      1702 q4k_g3_lanemap_gemv_pair_vec_1024_4096         arg  5 mem  19.23 GB tm      6.46us/ 14431.52ms (  11852 GFLOPS  733|2636   GB/s) 
*** NV      1703 reduce_output_rmsnorm_rope_32_128              arg  4 mem  19.23 GB tm      2.59us/ 14431.52ms (     15 GFLOPS   19|43     GB/s) 
*** NV      1704 reduce_output_rmsnorm_rope_kv_cache_8_128      arg  5 mem  19.23 GB tm      2.62us/ 14431.52ms (      5 GFLOPS    6|15     GB/s) 
*** NV      1705 flash_vec_llama_score_pv_32_128_6_widekv16_vtail1 arg  3 mem  19.23 GB tm      6.18us/ 14431.53ms (   3319 GFLOPS  528|3831   GB/s) 
*** NV      1706 flash_fused_gmax_combine_f16_32_128_s6_lw128_regw arg  2 mem  19.23 GB tm      1.95us/ 14431.53ms (     63 GFLOPS   55|114    GB/s) 
*** NV      1707 q4k_g3_lanemap_gemv_vec_epi_resadd_4096_4096   arg  4 mem  19.23 GB tm      9.22us/ 14431.54ms (  16640 GFLOPS 1028|5575   GB/s) 
*** NV      1708 rmsnorm_native_1_4096                          arg  3 mem  19.23 GB tm      4.61us/ 14431.55ms (      6 GFLOPS    7|18     GB/s) 
*** NV      1709 q4k_gate_up_four_warp_vec_fp16_12288_4096      arg  4 mem  19.23 GB tm     36.38us/ 14431.58ms (  26024 GFLOPS 1557|7349   GB/s) 
*** NV      1710 q4k_fp16_mmvq_direct_vec_4096_12288_epi_ffnresadd arg  4 mem  19.23 GB tm     21.50us/ 14431.60ms (  21504 GFLOPS 1319|7607   GB/s) 
*** NV      1711 rmsnorm_q8_1_llama_provider_4096               arg  3 mem  19.23 GB tm      2.82us/ 14431.61ms (    127 GFLOPS   10|125    GB/s) 
*** NV      1712 q4k_warp_coop_q8_dp4a_direct_4096_4096         arg  3 mem  19.23 GB tm      8.83us/ 14431.62ms (  14722 GFLOPS 1071|9973   GB/s) 
*** NV      1713 q4k_warp_coop_q8_dp4a_pair_direct_1024_4096    arg  5 mem  19.23 GB tm      5.50us/ 14431.62ms (   9621 GFLOPS  860|6858   GB/s) 
*** NV      1714 reduce_output_rmsnorm_rope_32_128              arg  4 mem  19.23 GB tm      2.43us/ 14431.62ms (     16 GFLOPS   20|45     GB/s) 
*** NV      1715 reduce_output_rmsnorm_rope_kv_cache_8_128      arg  5 mem  19.23 GB tm      3.04us/ 14431.63ms (      4 GFLOPS    5|13     GB/s) 
*** NV      1716 flash_vec_llama_score_pv_32_128_6_widekv16_vtail1 arg  3 mem  19.23 GB tm      6.40us/ 14431.63ms (   3203 GFLOPS  510|3697   GB/s) 
*** NV      1717 flash_fused_gmax_combine_f16_32_128_s6_lw128_regw arg  2 mem  19.23 GB tm      1.95us/ 14431.63ms (     63 GFLOPS   55|114    GB/s) 
*** NV      1718 q4k_g3_lanemap_gemv_vec_epi_resadd_4096_4096   arg  4 mem  19.23 GB tm      9.34us/ 14431.64ms (  16412 GFLOPS 1014|5499   GB/s) 
*** NV      1719 rmsnorm_native_1_4096                          arg  3 mem  19.23 GB tm      4.67us/ 14431.65ms (      6 GFLOPS    7|18     GB/s) 
*** NV      1720 q4k_gate_up_four_warp_vec_fp16_12288_4096      arg  4 mem  19.23 GB tm     36.90us/ 14431.69ms (  25663 GFLOPS 1536|7247   GB/s) 
*** NV      1721 q4k_fp16_mmvq_direct_vec_4096_12288_epi_ffnresadd arg  4 mem  19.23 GB tm     20.83us/ 14431.71ms (  22198 GFLOPS 1362|7852   GB/s) 
*** NV      1722 rmsnorm_q8_1_llama_provider_4096               arg  3 mem  19.23 GB tm      2.40us/ 14431.71ms (    148 GFLOPS   12|147    GB/s) 
*** NV      1723 q4k_warp_coop_q8_dp4a_direct_4096_4096         arg  3 mem  19.23 GB tm      9.34us/ 14431.72ms (  13915 GFLOPS 1012|9426   GB/s) 
*** NV      1724 q4k_q6k_warp_coop_q8_dp4a_pair_direct_1024_4096 arg  5 mem  19.23 GB tm      6.11us/ 14431.72ms (   8063 GFLOPS  951|6691   GB/s) 
*** NV      1725 reduce_output_rmsnorm_rope_32_128              arg  4 mem  19.23 GB tm      2.43us/ 14431.73ms (     16 GFLOPS   20|45     GB/s) 
*** NV      1726 reduce_output_rmsnorm_rope_kv_cache_8_128      arg  5 mem  19.23 GB tm      2.62us/ 14431.73ms (      5 GFLOPS    6|15     GB/s) 
*** NV      1727 flash_vec_llama_score_pv_32_128_6_widekv16_vtail1 arg  3 mem  19.23 GB tm      6.50us/ 14431.74ms (   3155 GFLOPS  502|3642   GB/s) 
*** NV      1728 flash_fused_gmax_combine_f16_32_128_s6_lw128_regw arg  2 mem  19.23 GB tm      2.02us/ 14431.74ms (     61 GFLOPS   54|110    GB/s) 
*** NV      1729 q4k_g3_lanemap_gemv_vec_epi_resadd_4096_4096   arg  4 mem  19.23 GB tm      9.15us/ 14431.75ms (  16756 GFLOPS 1036|5614   GB/s) 
*** NV      1730 rmsnorm_native_1_4096                          arg  3 mem  19.23 GB tm      4.83us/ 14431.75ms (      6 GFLOPS    7|17     GB/s) 
*** NV      1731 q4k_gate_up_four_warp_vec_fp16_12288_4096      arg  4 mem  19.23 GB tm     36.38us/ 14431.79ms (  26024 GFLOPS 1557|7349   GB/s) 
*** NV      1732 q6k_fp16_packed_lanemap_u4_4096_12288_epi_ffnresadd arg  4 mem  19.23 GB tm     28.00us/ 14431.82ms (  17470 GFLOPS 1477|7265   GB/s) 
*** NV      1733 rmsnorm_q8_1_llama_provider_4096               arg  3 mem  19.23 GB tm      2.94us/ 14431.82ms (    121 GFLOPS   10|120    GB/s) 
*** NV      1734 q4k_warp_coop_q8_dp4a_direct_4096_4096         arg  3 mem  19.23 GB tm      8.96us/ 14431.83ms (  14512 GFLOPS 1056|9830   GB/s) 
*** NV      1735 q4k_warp_coop_q8_dp4a_pair_direct_1024_4096    arg  5 mem  19.23 GB tm      5.06us/ 14431.83ms (  10473 GFLOPS  936|7466   GB/s) 
*** NV      1736 reduce_output_rmsnorm_rope_32_128              arg  4 mem  19.23 GB tm      2.40us/ 14431.84ms (     17 GFLOPS   21|46     GB/s) 
*** NV      1737 reduce_output_rmsnorm_rope_kv_cache_8_128      arg  5 mem  19.23 GB tm      2.62us/ 14431.84ms (      5 GFLOPS    6|15     GB/s) 
*** NV      1738 flash_vec_llama_score_pv_32_128_6_widekv16_vtail1 arg  3 mem  19.23 GB tm      6.40us/ 14431.84ms (   3203 GFLOPS  510|3697   GB/s) 
*** NV      1739 flash_fused_gmax_combine_f16_32_128_s6_lw128_regw arg  2 mem  19.23 GB tm      2.05us/ 14431.85ms (     60 GFLOPS   53|108    GB/s) 
*** NV      1740 q4k_g3_lanemap_gemv_vec_epi_resadd_4096_4096   arg  4 mem  19.23 GB tm      8.86us/ 14431.86ms (  17301 GFLOPS 1069|5797   GB/s) 
*** NV      1741 rmsnorm_native_1_4096                          arg  3 mem  19.23 GB tm      4.90us/ 14431.86ms (      6 GFLOPS    7|17     GB/s) 
*** NV      1742 q4k_gate_up_four_warp_vec_fp16_12288_4096      arg  4 mem  19.23 GB tm     36.42us/ 14431.90ms (  26001 GFLOPS 1556|7343   GB/s) 
*** NV      1743 q4k_fp16_mmvq_direct_vec_4096_12288_epi_ffnresadd arg  4 mem  19.23 GB tm     20.74us/ 14431.92ms (  22300 GFLOPS 1368|7889   GB/s) 
*** NV      1744 rmsnorm_q8_1_llama_provider_4096               arg  3 mem  19.23 GB tm      2.69us/ 14431.92ms (    133 GFLOPS   11|131    GB/s) 
*** NV      1745 q4k_warp_coop_q8_dp4a_direct_4096_4096         arg  3 mem  19.23 GB tm      9.22us/ 14431.93ms (  14108 GFLOPS 1026|9557   GB/s) 
*** NV      1746 q4k_warp_coop_q8_dp4a_pair_direct_1024_4096    arg  5 mem  19.23 GB tm      5.06us/ 14431.93ms (  10473 GFLOPS  936|7466   GB/s) 
*** NV      1747 reduce_output_rmsnorm_rope_32_128              arg  4 mem  19.23 GB tm      2.69us/ 14431.94ms (     15 GFLOPS   18|41     GB/s) 
*** NV      1748 reduce_output_rmsnorm_rope_kv_cache_8_128      arg  5 mem  19.23 GB tm      2.62us/ 14431.94ms (      5 GFLOPS    6|15     GB/s) 
*** NV      1749 flash_vec_llama_score_pv_32_128_6_widekv16_vtail1 arg  3 mem  19.23 GB tm      6.34us/ 14431.95ms (   3235 GFLOPS  515|3734   GB/s) 
*** NV      1750 flash_fused_gmax_combine_f16_32_128_s6_lw128_regw arg  2 mem  19.23 GB tm      1.98us/ 14431.95ms (     62 GFLOPS   54|112    GB/s) 
*** NV      1751 q4k_g3_lanemap_gemv_vec_epi_resadd_4096_4096   arg  4 mem  19.23 GB tm      9.15us/ 14431.96ms (  16756 GFLOPS 1036|5614   GB/s) 
*** NV      1752 rmsnorm_native_1_4096                          arg  3 mem  19.23 GB tm      4.93us/ 14431.96ms (      6 GFLOPS    7|17     GB/s) 
*** NV      1753 q4k_gate_up_four_warp_vec_fp16_12288_4096      arg  4 mem  19.23 GB tm     36.86us/ 14432.00ms (  25685 GFLOPS 1537|7253   GB/s) 
*** NV      1754 q4k_fp16_mmvq_direct_vec_4096_12288_epi_ffnresadd arg  4 mem  19.23 GB tm     20.42us/ 14432.02ms (  22650 GFLOPS 1390|8012   GB/s) 
*** NV      1755 rmsnorm_q8_1_llama_provider_4096               arg  3 mem  19.23 GB tm      2.34us/ 14432.02ms (    153 GFLOPS   12|151    GB/s) 
*** NV      1756 q4k_warp_coop_q8_dp4a_direct_4096_4096         arg  3 mem  19.23 GB tm      8.93us/ 14432.03ms (  14564 GFLOPS 1059|9866   GB/s) 
*** NV      1757 q4k_q6k_warp_coop_q8_dp4a_pair_direct_1024_4096 arg  5 mem  19.23 GB tm      6.05us/ 14432.04ms (   8149 GFLOPS  961|6762   GB/s) 
*** NV      1758 reduce_output_rmsnorm_rope_32_128              arg  4 mem  19.23 GB tm      2.43us/ 14432.04ms (     16 GFLOPS   20|45     GB/s) 
*** NV      1759 reduce_output_rmsnorm_rope_kv_cache_8_128      arg  5 mem  19.23 GB tm      2.72us/ 14432.04ms (      4 GFLOPS    6|15     GB/s) 
*** NV      1760 flash_vec_llama_score_pv_32_128_6_widekv16_vtail1 arg  3 mem  19.23 GB tm      6.53us/ 14432.05ms (   3140 GFLOPS  500|3624   GB/s) 
*** NV      1761 flash_fused_gmax_combine_f16_32_128_s6_lw128_regw arg  2 mem  19.23 GB tm      1.92us/ 14432.05ms (     64 GFLOPS   56|116    GB/s) 
*** NV      1762 q4k_g3_lanemap_gemv_vec_epi_resadd_4096_4096   arg  4 mem  19.23 GB tm      8.80us/ 14432.06ms (  17427 GFLOPS 1077|5839   GB/s) 
*** NV      1763 rmsnorm_native_1_4096                          arg  3 mem  19.23 GB tm      5.12us/ 14432.06ms (      6 GFLOPS    6|16     GB/s) 
*** NV      1764 q4k_gate_up_four_warp_vec_fp16_12288_4096      arg  4 mem  19.23 GB tm     36.90us/ 14432.10ms (  25663 GFLOPS 1536|7247   GB/s) 
*** NV      1765 q6k_fp16_packed_lanemap_u4_4096_12288_epi_ffnresadd arg  4 mem  19.23 GB tm     28.67us/ 14432.13ms (  17061 GFLOPS 1442|7095   GB/s) 
*** NV      1766 rmsnorm_native_1_4096                          arg  3 mem  19.23 GB tm      4.93us/ 14432.14ms (      6 GFLOPS    7|17     GB/s) 
*** NV      1767 q4k_g3_lanemap_gemv_vec_4096_4096              arg  3 mem  19.23 GB tm      9.02us/ 14432.14ms (  16980 GFLOPS 1049|5636   GB/s) 
*** NV      1768 q4k_g3_lanemap_gemv_pair_vec_1024_4096         arg  5 mem  19.23 GB tm      6.18us/ 14432.15ms (  12405 GFLOPS  767|2759   GB/s) 
*** NV      1769 reduce_output_rmsnorm_rope_32_128              arg  4 mem  19.23 GB tm      2.43us/ 14432.15ms (     16 GFLOPS   20|45     GB/s) 
*** NV      1770 reduce_output_rmsnorm_rope_kv_cache_8_128      arg  5 mem  19.23 GB tm      2.69us/ 14432.16ms (      4 GFLOPS    6|15     GB/s) 
*** NV      1771 flash_vec_llama_score_pv_32_128_6_widekv16_vtail1 arg  3 mem  19.23 GB tm      6.40us/ 14432.16ms (   3203 GFLOPS  510|3697   GB/s) 
*** NV      1772 flash_fused_gmax_combine_f16_32_128_s6_lw128_regw arg  2 mem  19.23 GB tm      1.95us/ 14432.16ms (     63 GFLOPS   55|114    GB/s) 
*** NV      1773 q4k_g3_lanemap_gemv_vec_epi_resadd_4096_4096   arg  4 mem  19.23 GB tm      8.96us/ 14432.17ms (  17115 GFLOPS 1058|5734   GB/s) 
*** NV      1774 rmsnorm_native_1_4096                          arg  3 mem  19.23 GB tm      4.74us/ 14432.18ms (      6 GFLOPS    7|18     GB/s) 
*** NV      1775 q4k_gate_up_four_warp_vec_fp16_12288_4096      arg  4 mem  19.23 GB tm     36.86us/ 14432.21ms (  25685 GFLOPS 1537|7253   GB/s) 
*** NV      1776 q4k_fp16_mmvq_direct_vec_4096_12288_epi_ffnresadd arg  4 mem  19.23 GB tm     21.22us/ 14432.24ms (  21796 GFLOPS 1337|7710   GB/s) 
*** NV      1777 rmsnorm_native_1_4096                          arg  3 mem  19.23 GB tm      5.06us/ 14432.24ms (      6 GFLOPS    6|17     GB/s) 
*** NV      1778 q4k_g3_lanemap_gemv_vec_4096_4096              arg  3 mem  19.23 GB tm      9.63us/ 14432.25ms (  15908 GFLOPS  982|5280   GB/s) 
*** NV      1779 q4k_g3_lanemap_gemv_pair_vec_1024_4096         arg  5 mem  19.23 GB tm      5.86us/ 14432.26ms (  13083 GFLOPS  809|2910   GB/s) 
*** NV      1780 reduce_output_rmsnorm_rope_32_128              arg  4 mem  19.23 GB tm      2.75us/ 14432.26ms (     15 GFLOPS   18|40     GB/s) 
*** NV      1781 reduce_output_rmsnorm_rope_kv_cache_8_128      arg  5 mem  19.23 GB tm      2.72us/ 14432.26ms (      4 GFLOPS    6|15     GB/s) 
*** NV      1782 flash_vec_llama_score_pv_32_128_6_widekv16_vtail1 arg  3 mem  19.23 GB tm      6.24us/ 14432.27ms (   3285 GFLOPS  523|3791   GB/s) 
*** NV      1783 flash_fused_gmax_combine_f16_32_128_s6_lw128_regw arg  2 mem  19.23 GB tm      1.92us/ 14432.27ms (     64 GFLOPS   56|116    GB/s) 
*** NV      1784 q4k_g3_lanemap_gemv_vec_epi_resadd_4096_4096   arg  4 mem  19.23 GB tm      9.02us/ 14432.28ms (  16994 GFLOPS 1050|5694   GB/s) 
*** NV      1785 rmsnorm_native_1_4096                          arg  3 mem  19.23 GB tm      4.64us/ 14432.28ms (      6 GFLOPS    7|18     GB/s) 
*** NV      1786 q4k_gate_up_four_warp_vec_fp16_12288_4096      arg  4 mem  19.23 GB tm     37.06us/ 14432.32ms (  25552 GFLOPS 1529|7216   GB/s) 
*** NV      1787 q4k_fp16_mmvq_direct_vec_4096_12288_epi_ffnresadd arg  4 mem  19.23 GB tm     20.80us/ 14432.34ms (  22232 GFLOPS 1364|7864   GB/s) 
*** NV      1788 rmsnorm_native_1_4096                          arg  3 mem  19.23 GB tm      4.67us/ 14432.35ms (      6 GFLOPS    7|18     GB/s) 
*** NV      1789 q4k_g3_lanemap_gemv_vec_4096_4096              arg  3 mem  19.23 GB tm      9.09us/ 14432.35ms (  16860 GFLOPS 1041|5596   GB/s) 
*** NV      1790 q4k_g3_lanemap_gemv_vec_1024_4096              arg  3 mem  19.23 GB tm      4.45us/ 14432.36ms (   8612 GFLOPS  533|2858   GB/s) 
*** NV      1791 q6k_v_four_warp_fp16_direct_1024_4096          arg  3 mem  19.23 GB tm      4.96us/ 14432.36ms (  12473 GFLOPS  696|4545   GB/s) 
*** NV      1792 reduce_output_rmsnorm_rope_32_128              arg  4 mem  19.23 GB tm      2.59us/ 14432.37ms (     15 GFLOPS   19|43     GB/s) 
*** NV      1793 reduce_output_rmsnorm_rope_kv_cache_8_128      arg  5 mem  19.23 GB tm      2.75us/ 14432.37ms (      4 GFLOPS    6|15     GB/s) 
*** NV      1794 flash_vec_llama_score_pv_32_128_6_widekv16_vtail1 arg  3 mem  19.23 GB tm      7.42us/ 14432.38ms (   2761 GFLOPS  439|3187   GB/s) 
*** NV      1795 flash_fused_gmax_combine_f16_32_128_s6_lw128_regw arg  2 mem  19.23 GB tm      2.40us/ 14432.38ms (     51 GFLOPS   45|92     GB/s) 
*** NV      1796 q4k_g3_lanemap_gemv_vec_epi_resadd_4096_4096   arg  4 mem  19.23 GB tm      9.60us/ 14432.39ms (  15974 GFLOPS  987|5352   GB/s) 
*** NV      1797 rmsnorm_native_1_4096                          arg  3 mem  19.23 GB tm      5.47us/ 14432.39ms (      5 GFLOPS    6|15     GB/s) 
*** NV      1798 q4k_gate_up_four_warp_vec_fp16_12288_4096      arg  4 mem  19.23 GB tm     37.15us/ 14432.43ms (  25486 GFLOPS 1525|7197   GB/s) 
*** NV      1799 q6k_fp16_packed_lanemap_u4_4096_12288_epi_ffnresadd arg  4 mem  19.23 GB tm     28.00us/ 14432.46ms (  17470 GFLOPS 1477|7265   GB/s) 
*** NV      1800 rmsnorm_native_1_4096                          arg  3 mem  19.23 GB tm      4.80us/ 14432.46ms (      6 GFLOPS    7|17     GB/s) 
*** NV      1801 q4k_g3_lanemap_gemv_vec_4096_4096              arg  3 mem  19.23 GB tm      9.22us/ 14432.47ms (  16626 GFLOPS 1027|5518   GB/s) 
*** NV      1802 q4k_g3_lanemap_gemv_pair_vec_1024_4096         arg  5 mem  19.23 GB tm      6.14us/ 14432.48ms (  12469 GFLOPS  771|2773   GB/s) 
*** NV      1803 reduce_output_rmsnorm_rope_32_128              arg  4 mem  19.23 GB tm      3.71us/ 14432.48ms (     11 GFLOPS   13|30     GB/s) 
*** NV      1804 reduce_output_rmsnorm_rope_kv_cache_8_128      arg  5 mem  19.23 GB tm      3.01us/ 14432.49ms (      4 GFLOPS    6|13     GB/s) 
*** NV      1805 flash_vec_llama_score_pv_32_128_6_widekv16_vtail1 arg  3 mem  19.23 GB tm      6.46us/ 14432.49ms (   3171 GFLOPS  505|3660   GB/s) 
*** NV      1806 flash_fused_gmax_combine_f16_32_128_s6_lw128_regw arg  2 mem  19.23 GB tm      1.98us/ 14432.50ms (     62 GFLOPS   54|112    GB/s) 
*** NV      1807 q4k_g3_lanemap_gemv_vec_epi_resadd_4096_4096   arg  4 mem  19.23 GB tm      9.12us/ 14432.50ms (  16815 GFLOPS 1039|5634   GB/s) 
*** NV      1808 rmsnorm_native_1_4096                          arg  3 mem  19.23 GB tm      4.45us/ 14432.51ms (      6 GFLOPS    7|19     GB/s) 
*** NV      1809 q4k_gate_up_four_warp_vec_fp16_12288_4096      arg  4 mem  19.23 GB tm     36.64us/ 14432.55ms (  25842 GFLOPS 1546|7298   GB/s) 
*** NV      1810 q4k_fp16_mmvq_direct_vec_4096_12288_epi_ffnresadd arg  4 mem  19.23 GB tm     20.86us/ 14432.57ms (  22164 GFLOPS 1360|7840   GB/s) 
*** NV      1811 rmsnorm_native_1_4096                          arg  3 mem  19.23 GB tm      4.77us/ 14432.57ms (      6 GFLOPS    7|18     GB/s) 
*** NV      1812 q4k_g3_lanemap_gemv_vec_4096_4096              arg  3 mem  19.23 GB tm      9.54us/ 14432.58ms (  16068 GFLOPS  992|5333   GB/s) 
*** NV      1813 q4k_g3_lanemap_gemv_pair_vec_1024_4096         arg  5 mem  19.23 GB tm      5.95us/ 14432.59ms (  12872 GFLOPS  796|2863   GB/s) 
*** NV      1814 reduce_output_rmsnorm_rope_32_128              arg  4 mem  19.23 GB tm      2.59us/ 14432.59ms (     15 GFLOPS   19|43     GB/s) 
*** NV      1815 reduce_output_rmsnorm_rope_kv_cache_8_128      arg  5 mem  19.23 GB tm      2.62us/ 14432.59ms (      5 GFLOPS    6|15     GB/s) 
*** NV      1816 flash_vec_llama_score_pv_32_128_6_widekv16_vtail1 arg  3 mem  19.23 GB tm      6.46us/ 14432.60ms (   3171 GFLOPS  505|3660   GB/s) 
*** NV      1817 flash_fused_gmax_combine_f16_32_128_s6_lw128_regw arg  2 mem  19.23 GB tm      1.89us/ 14432.60ms (     65 GFLOPS   57|118    GB/s) 
*** NV      1818 q4k_g3_lanemap_gemv_vec_epi_resadd_4096_4096   arg  4 mem  19.23 GB tm      9.12us/ 14432.61ms (  16815 GFLOPS 1039|5634   GB/s) 
*** NV      1819 rmsnorm_native_1_4096                          arg  3 mem  19.23 GB tm      4.74us/ 14432.61ms (      6 GFLOPS    7|18     GB/s) 
*** NV      1820 q4k_gate_up_four_warp_vec_fp16_12288_4096      arg  4 mem  19.23 GB tm     36.48us/ 14432.65ms (  25956 GFLOPS 1553|7330   GB/s) 
*** NV      1821 q4k_fp16_mmvq_direct_vec_4096_12288_epi_ffnresadd arg  4 mem  19.23 GB tm     20.99us/ 14432.67ms (  22028 GFLOPS 1351|7792   GB/s) 
*** NV      1822 rmsnorm_native_1_4096                          arg  3 mem  19.23 GB tm      4.74us/ 14432.68ms (      6 GFLOPS    7|18     GB/s) 
*** NV      1823 q4k_g3_lanemap_gemv_vec_4096_4096              arg  3 mem  19.23 GB tm      9.25us/ 14432.69ms (  16568 GFLOPS 1023|5499   GB/s) 
*** NV      1824 q4k_g3_lanemap_gemv_vec_1024_4096              arg  3 mem  19.23 GB tm      4.29us/ 14432.69ms (   8933 GFLOPS  553|2965   GB/s) 
*** NV      1825 q6k_v_four_warp_fp16_direct_1024_4096          arg  3 mem  19.23 GB tm      4.90us/ 14432.69ms (  12636 GFLOPS  705|4605   GB/s) 
*** NV      1826 reduce_output_rmsnorm_rope_32_128              arg  4 mem  19.23 GB tm      2.46us/ 14432.70ms (     16 GFLOPS   20|45     GB/s) 
*** NV      1827 reduce_output_rmsnorm_rope_kv_cache_8_128      arg  5 mem  19.23 GB tm      2.66us/ 14432.70ms (      5 GFLOPS    6|15     GB/s) 
*** NV      1828 flash_vec_llama_score_pv_32_128_6_widekv16_vtail1 arg  3 mem  19.23 GB tm      6.50us/ 14432.71ms (   3155 GFLOPS  502|3642   GB/s) 
*** NV      1829 flash_fused_gmax_combine_f16_32_128_s6_lw128_regw arg  2 mem  19.23 GB tm      1.92us/ 14432.71ms (     64 GFLOPS   56|116    GB/s) 
*** NV      1830 q4k_g3_lanemap_gemv_vec_epi_resadd_4096_4096   arg  4 mem  19.23 GB tm      9.12us/ 14432.72ms (  16815 GFLOPS 1039|5634   GB/s) 
*** NV      1831 rmsnorm_native_1_4096                          arg  3 mem  19.23 GB tm      4.67us/ 14432.72ms (      6 GFLOPS    7|18     GB/s) 
*** NV      1832 q4k_gate_up_four_warp_vec_fp16_12288_4096      arg  4 mem  19.23 GB tm     36.26us/ 14432.76ms (  26116 GFLOPS 1563|7375   GB/s) 
*** NV      1833 q6k_fp16_packed_lanemap_u4_4096_12288_epi_ffnresadd arg  4 mem  19.23 GB tm     27.52us/ 14432.79ms (  17775 GFLOPS 1502|7392   GB/s) 
*** NV      1834 rmsnorm_q8_1_llama_provider_4096               arg  3 mem  19.23 GB tm      3.14us/ 14432.79ms (    114 GFLOPS    9|112    GB/s) 
*** NV      1835 q4k_warp_coop_q8_dp4a_direct_4096_4096         arg  3 mem  19.23 GB tm      9.34us/ 14432.80ms (  13915 GFLOPS 1012|9426   GB/s) 
*** NV      1836 q4k_warp_coop_q8_dp4a_pair_direct_1024_4096    arg  5 mem  19.23 GB tm      5.50us/ 14432.80ms (   9621 GFLOPS  860|6858   GB/s) 
*** NV      1837 reduce_output_rmsnorm_rope_32_128              arg  4 mem  19.23 GB tm      2.78us/ 14432.81ms (     14 GFLOPS   18|40     GB/s) 
*** NV      1838 reduce_output_rmsnorm_rope_kv_cache_8_128      arg  5 mem  19.23 GB tm      2.62us/ 14432.81ms (      5 GFLOPS    6|15     GB/s) 
*** NV      1839 flash_vec_llama_score_pv_32_128_6_widekv16_vtail1 arg  3 mem  19.23 GB tm      6.27us/ 14432.82ms (   3268 GFLOPS  520|3772   GB/s) 
*** NV      1840 flash_fused_gmax_combine_f16_32_128_s6_lw128_regw arg  2 mem  19.23 GB tm      2.24us/ 14432.82ms (     55 GFLOPS   48|99     GB/s) 
*** NV      1841 q4k_g3_lanemap_gemv_vec_epi_resadd_4096_4096   arg  4 mem  19.23 GB tm      9.09us/ 14432.83ms (  16874 GFLOPS 1043|5654   GB/s) 
*** NV      1842 rmsnorm_native_1_4096                          arg  3 mem  19.23 GB tm      4.70us/ 14432.83ms (      6 GFLOPS    7|18     GB/s) 
*** NV      1843 q4k_gate_up_four_warp_vec_fp16_12288_4096      arg  4 mem  19.23 GB tm     36.42us/ 14432.87ms (  26001 GFLOPS 1556|7343   GB/s) 
*** NV      1844 q4k_fp16_mmvq_direct_vec_4096_12288_epi_ffnresadd arg  4 mem  19.23 GB tm     20.29us/ 14432.89ms (  22793 GFLOPS 1398|8063   GB/s) 
*** NV      1845 rmsnorm_native_1_4096                          arg  3 mem  19.23 GB tm      4.54us/ 14432.89ms (      6 GFLOPS    7|18     GB/s) 
*** NV      1846 q4k_g3_lanemap_gemv_vec_4096_4096              arg  3 mem  19.23 GB tm      9.22us/ 14432.90ms (  16626 GFLOPS 1027|5518   GB/s) 
*** NV      1847 q4k_g3_lanemap_gemv_pair_vec_1024_4096         arg  5 mem  19.23 GB tm      5.95us/ 14432.91ms (  12872 GFLOPS  796|2863   GB/s) 
*** NV      1848 reduce_output_rmsnorm_rope_32_128              arg  4 mem  19.23 GB tm      2.46us/ 14432.91ms (     16 GFLOPS   20|45     GB/s) 
*** NV      1849 reduce_output_rmsnorm_rope_kv_cache_8_128      arg  5 mem  19.23 GB tm      2.72us/ 14432.91ms (      4 GFLOPS    6|15     GB/s) 
*** NV      1850 flash_vec_llama_score_pv_32_128_6_widekv16_vtail1 arg  3 mem  19.23 GB tm      6.34us/ 14432.92ms (   3235 GFLOPS  515|3734   GB/s) 
*** NV      1851 flash_fused_gmax_combine_f16_32_128_s6_lw128_regw arg  2 mem  19.23 GB tm      1.95us/ 14432.92ms (     63 GFLOPS   55|114    GB/s) 
*** NV      1852 q4k_g3_lanemap_gemv_vec_epi_resadd_4096_4096   arg  4 mem  19.23 GB tm      8.74us/ 14432.93ms (  17554 GFLOPS 1085|5881   GB/s) 
*** NV      1853 rmsnorm_native_1_4096                          arg  3 mem  19.23 GB tm      4.77us/ 14432.93ms (      6 GFLOPS    7|18     GB/s) 
*** NV      1854 q4k_gate_up_four_warp_vec_fp16_12288_4096      arg  4 mem  19.23 GB tm     36.61us/ 14432.97ms (  25865 GFLOPS 1548|7304   GB/s) 
*** NV      1855 q4k_fp16_mmvq_direct_vec_4096_12288_epi_ffnresadd arg  4 mem  19.23 GB tm     20.64us/ 14432.99ms (  22404 GFLOPS 1374|7925   GB/s) 
*** NV      1856 rmsnorm_native_1_4096                          arg  3 mem  19.23 GB tm      4.54us/ 14433.00ms (      6 GFLOPS    7|18     GB/s) 
*** NV      1857 q4k_g3_lanemap_gemv_vec_4096_4096              arg  3 mem  19.23 GB tm      8.93us/ 14433.01ms (  17162 GFLOPS 1060|5696   GB/s) 
*** NV      1858 q4k_g3_lanemap_gemv_vec_1024_4096              arg  3 mem  19.23 GB tm      4.29us/ 14433.01ms (   8933 GFLOPS  553|2965   GB/s) 
*** NV      1859 q6k_v_four_warp_fp16_direct_1024_4096          arg  3 mem  19.23 GB tm      5.22us/ 14433.01ms (  11861 GFLOPS  662|4322   GB/s) 
*** NV      1860 reduce_output_rmsnorm_rope_32_128              arg  4 mem  19.23 GB tm      2.56us/ 14433.02ms (     16 GFLOPS   19|43     GB/s) 
*** NV      1861 reduce_output_rmsnorm_rope_kv_cache_8_128      arg  5 mem  19.23 GB tm      2.72us/ 14433.02ms (      4 GFLOPS    6|15     GB/s) 
*** NV      1862 flash_vec_llama_score_pv_32_128_6_widekv16_vtail1 arg  3 mem  19.23 GB tm      6.34us/ 14433.03ms (   3235 GFLOPS  515|3734   GB/s) 
*** NV      1863 flash_fused_gmax_combine_f16_32_128_s6_lw128_regw arg  2 mem  19.23 GB tm      1.95us/ 14433.03ms (     63 GFLOPS   55|114    GB/s) 
*** NV      1864 q4k_g3_lanemap_gemv_vec_epi_resadd_4096_4096   arg  4 mem  19.23 GB tm      8.90us/ 14433.04ms (  17239 GFLOPS 1065|5776   GB/s) 
*** NV      1865 rmsnorm_native_1_4096                          arg  3 mem  19.23 GB tm      4.67us/ 14433.04ms (      6 GFLOPS    7|18     GB/s) 
*** NV      1866 q4k_gate_up_four_warp_vec_fp16_12288_4096      arg  4 mem  19.23 GB tm     36.90us/ 14433.08ms (  25663 GFLOPS 1536|7247   GB/s) 
*** NV      1867 q6k_fp16_packed_lanemap_u4_4096_12288_epi_ffnresadd arg  4 mem  19.23 GB tm     28.16us/ 14433.11ms (  17371 GFLOPS 1468|7224   GB/s) 
*** NV      1868 rmsnorm_native_1_4096                          arg  3 mem  19.23 GB tm      5.06us/ 14433.11ms (      6 GFLOPS    6|17     GB/s) 
*** NV      1869 q4k_g3_lanemap_gemv_vec_4096_4096              arg  3 mem  19.23 GB tm      9.54us/ 14433.12ms (  16068 GFLOPS  992|5333   GB/s) 
*** NV      1870 q4k_g3_lanemap_gemv_pair_vec_1024_4096         arg  5 mem  19.23 GB tm      6.05us/ 14433.13ms (  12667 GFLOPS  783|2817   GB/s) 
*** NV      1871 reduce_output_rmsnorm_rope_32_128              arg  4 mem  19.23 GB tm      2.62us/ 14433.13ms (     15 GFLOPS   19|42     GB/s) 
*** NV      1872 reduce_output_rmsnorm_rope_kv_cache_8_128      arg  5 mem  19.23 GB tm      2.72us/ 14433.13ms (      4 GFLOPS    6|15     GB/s) 
*** NV      1873 flash_vec_llama_score_pv_32_128_6_widekv16_vtail1 arg  3 mem  19.23 GB tm      6.46us/ 14433.14ms (   3171 GFLOPS  505|3660   GB/s) 
*** NV      1874 flash_fused_gmax_combine_f16_32_128_s6_lw128_regw arg  2 mem  19.23 GB tm      1.95us/ 14433.14ms (     63 GFLOPS   55|114    GB/s) 
*** NV      1875 q4k_g3_lanemap_gemv_vec_epi_resadd_4096_4096   arg  4 mem  19.23 GB tm      9.06us/ 14433.15ms (  16934 GFLOPS 1047|5674   GB/s) 
*** NV      1876 rmsnorm_native_1_4096                          arg  3 mem  19.23 GB tm      4.51us/ 14433.16ms (      6 GFLOPS    7|19     GB/s) 
*** NV      1877 q4k_gate_up_four_warp_vec_fp16_12288_4096      arg  4 mem  19.23 GB tm     36.77us/ 14433.19ms (  25752 GFLOPS 1541|7272   GB/s) 
*** NV      1878 q4k_fp16_mmvq_direct_vec_4096_12288_epi_ffnresadd arg  4 mem  19.23 GB tm     20.38us/ 14433.21ms (  22686 GFLOPS 1392|8025   GB/s) 
*** NV      1879 rmsnorm_native_1_4096                          arg  3 mem  19.23 GB tm      4.90us/ 14433.22ms (      6 GFLOPS    7|17     GB/s) 
*** NV      1880 q4k_g3_lanemap_gemv_vec_4096_4096              arg  3 mem  19.23 GB tm      9.02us/ 14433.23ms (  16980 GFLOPS 1049|5636   GB/s) 
*** NV      1881 q4k_g3_lanemap_gemv_pair_vec_1024_4096         arg  5 mem  19.23 GB tm      5.98us/ 14433.23ms (  12803 GFLOPS  791|2847   GB/s) 
*** NV      1882 reduce_output_rmsnorm_rope_32_128              arg  4 mem  19.23 GB tm      2.69us/ 14433.23ms (     15 GFLOPS   18|41     GB/s) 
*** NV      1883 reduce_output_rmsnorm_rope_kv_cache_8_128      arg  5 mem  19.23 GB tm      2.69us/ 14433.24ms (      4 GFLOPS    6|15     GB/s) 
*** NV      1884 flash_vec_llama_score_pv_32_128_6_widekv16_vtail1 arg  3 mem  19.23 GB tm      6.40us/ 14433.24ms (   3203 GFLOPS  510|3697   GB/s) 
*** NV      1885 flash_fused_gmax_combine_f16_32_128_s6_lw128_regw arg  2 mem  19.23 GB tm      1.92us/ 14433.25ms (     64 GFLOPS   56|116    GB/s) 
*** NV      1886 q4k_g3_lanemap_gemv_vec_epi_resadd_4096_4096   arg  4 mem  19.23 GB tm      9.09us/ 14433.25ms (  16874 GFLOPS 1043|5654   GB/s) 
*** NV      1887 rmsnorm_native_1_4096                          arg  3 mem  19.23 GB tm      4.51us/ 14433.26ms (      6 GFLOPS    7|19     GB/s) 
*** NV      1888 q4k_gate_up_four_warp_vec_fp16_12288_4096      arg  4 mem  19.23 GB tm     36.58us/ 14433.30ms (  25888 GFLOPS 1549|7310   GB/s) 
*** NV      1889 q4k_fp16_mmvq_direct_vec_4096_12288_epi_ffnresadd arg  4 mem  19.23 GB tm     20.67us/ 14433.32ms (  22369 GFLOPS 1372|7913   GB/s) 
*** NV      1890 rmsnorm_native_1_4096                          arg  3 mem  19.23 GB tm      4.93us/ 14433.32ms (      6 GFLOPS    7|17     GB/s) 
*** NV      1891 q4k_g3_lanemap_gemv_vec_4096_4096              arg  3 mem  19.23 GB tm      9.02us/ 14433.33ms (  16980 GFLOPS 1049|5636   GB/s) 
*** NV      1892 q4k_g3_lanemap_gemv_vec_1024_4096              arg  3 mem  19.23 GB tm      4.29us/ 14433.33ms (   8933 GFLOPS  553|2965   GB/s) 
*** NV      1893 q6k_v_four_warp_fp16_direct_1024_4096          arg  3 mem  19.23 GB tm      5.06us/ 14433.34ms (  12236 GFLOPS  683|4459   GB/s) 
*** NV      1894 reduce_output_rmsnorm_rope_32_128              arg  4 mem  19.23 GB tm      2.43us/ 14433.34ms (     16 GFLOPS   20|45     GB/s) 
*** NV      1895 reduce_output_rmsnorm_rope_kv_cache_8_128      arg  5 mem  19.23 GB tm      3.49us/ 14433.35ms (      3 GFLOPS    5|11     GB/s) 
*** NV      1896 flash_vec_llama_score_pv_32_128_6_widekv16_vtail1 arg  3 mem  19.23 GB tm      7.39us/ 14433.35ms (   2773 GFLOPS  441|3201   GB/s) 
*** NV      1897 flash_fused_gmax_combine_f16_32_128_s6_lw128_regw arg  2 mem  19.23 GB tm      2.27us/ 14433.36ms (     54 GFLOPS   48|98     GB/s) 
*** NV      1898 q4k_g3_lanemap_gemv_vec_epi_resadd_4096_4096   arg  4 mem  19.23 GB tm      9.73us/ 14433.37ms (  15764 GFLOPS  974|5282   GB/s) 
*** NV      1899 rmsnorm_native_1_4096                          arg  3 mem  19.23 GB tm      5.34us/ 14433.37ms (      5 GFLOPS    6|16     GB/s) 
*** NV      1900 q4k_gate_up_four_warp_vec_fp16_12288_4096      arg  4 mem  19.23 GB tm     36.93us/ 14433.41ms (  25641 GFLOPS 1534|7241   GB/s) 
*** NV      1901 q6k_fp16_packed_lanemap_u4_4096_12288_epi_ffnresadd arg  4 mem  19.23 GB tm     28.19us/ 14433.44ms (  17351 GFLOPS 1467|7216   GB/s) 
*** NV      1902 rmsnorm_native_1_4096                          arg  3 mem  19.23 GB tm      5.47us/ 14433.44ms (      5 GFLOPS    6|15     GB/s) 
*** NV      1903 q4k_g3_lanemap_gemv_vec_4096_4096              arg  3 mem  19.23 GB tm      9.09us/ 14433.45ms (  16860 GFLOPS 1041|5596   GB/s) 
*** NV      1904 q4k_g3_lanemap_gemv_vec_1024_4096              arg  3 mem  19.23 GB tm      4.42us/ 14433.45ms (   8674 GFLOPS  537|2879   GB/s) 
*** NV      1905 q6k_v_four_warp_fp16_direct_1024_4096          arg  3 mem  19.23 GB tm      4.77us/ 14433.46ms (  12975 GFLOPS  724|4728   GB/s) 
*** NV      1906 reduce_output_rmsnorm_rope_32_128              arg  4 mem  19.23 GB tm      3.10us/ 14433.46ms (     13 GFLOPS   16|36     GB/s) 
*** NV      1907 reduce_output_rmsnorm_rope_kv_cache_8_128      arg  5 mem  19.23 GB tm      2.69us/ 14433.47ms (      4 GFLOPS    6|15     GB/s) 
*** NV      1908 flash_vec_llama_score_pv_32_128_6_widekv16_vtail1 arg  3 mem  19.23 GB tm      6.53us/ 14433.47ms (   3140 GFLOPS  500|3624   GB/s) 
*** NV      1909 flash_fused_gmax_combine_f16_32_128_s6_lw128_regw arg  2 mem  19.23 GB tm      1.92us/ 14433.47ms (     64 GFLOPS   56|116    GB/s) 
*** NV      1910 q4k_g3_lanemap_gemv_vec_epi_resadd_4096_4096   arg  4 mem  19.23 GB tm      9.06us/ 14433.48ms (  16934 GFLOPS 1047|5674   GB/s) 
*** NV      1911 rmsnorm_native_1_4096                          arg  3 mem  19.23 GB tm      4.70us/ 14433.49ms (      6 GFLOPS    7|18     GB/s) 
*** NV      1912 q4k_gate_up_four_warp_vec_fp16_12288_4096      arg  4 mem  19.23 GB tm     36.86us/ 14433.52ms (  25685 GFLOPS 1537|7253   GB/s) 
*** NV      1913 q6k_fp16_packed_lanemap_u4_4096_12288_epi_ffnresadd arg  4 mem  19.23 GB tm     27.84us/ 14433.55ms (  17570 GFLOPS 1485|7307   GB/s) 
*** NV      1914 rmsnorm_native_1_4096                          arg  3 mem  19.23 GB tm      4.74us/ 14433.56ms (      6 GFLOPS    7|18     GB/s) 
*** NV      1915 q4k_g3_lanemap_gemv_vec_4096_4096              arg  3 mem  19.23 GB tm      9.44us/ 14433.57ms (  16231 GFLOPS 1002|5387   GB/s) 
*** NV      1916 q4k_g3_lanemap_gemv_vec_1024_4096              arg  3 mem  19.23 GB tm      4.38us/ 14433.57ms (   8738 GFLOPS  541|2900   GB/s) 
*** NV      1917 q6k_v_four_warp_fp16_direct_1024_4096          arg  3 mem  19.23 GB tm      4.93us/ 14433.58ms (  12554 GFLOPS  701|4575   GB/s) 
*** NV      1918 reduce_output_rmsnorm_rope_32_128              arg  4 mem  19.23 GB tm      2.59us/ 14433.58ms (     15 GFLOPS   19|43     GB/s) 
*** NV      1919 reduce_output_rmsnorm_rope_kv_cache_8_128      arg  5 mem  19.23 GB tm      2.62us/ 14433.58ms (      5 GFLOPS    6|15     GB/s) 
*** NV      1920 flash_vec_llama_score_pv_32_128_6_widekv16_vtail1 arg  3 mem  19.23 GB tm      6.18us/ 14433.59ms (   3319 GFLOPS  528|3831   GB/s) 
*** NV      1921 flash_fused_gmax_combine_f16_32_128_s6_lw128_regw arg  2 mem  19.23 GB tm      2.08us/ 14433.59ms (     59 GFLOPS   52|107    GB/s) 
*** NV      1922 q4k_g3_lanemap_gemv_vec_epi_resadd_4096_4096   arg  4 mem  19.23 GB tm      9.06us/ 14433.60ms (  16934 GFLOPS 1047|5674   GB/s) 
*** NV      1923 rmsnorm_native_1_4096                          arg  3 mem  19.23 GB tm      4.80us/ 14433.60ms (      6 GFLOPS    7|17     GB/s) 
*** NV      1924 q4k_gate_up_four_warp_vec_fp16_12288_4096      arg  4 mem  19.23 GB tm     36.61us/ 14433.64ms (  25865 GFLOPS 1548|7304   GB/s) 
*** NV      1925 q6k_fp16_packed_lanemap_u4_4096_12288_epi_ffnresadd arg  4 mem  19.23 GB tm     27.39us/ 14433.67ms (  17858 GFLOPS 1509|7426   GB/s) 
*** NV      1926 rmsnorm_native_1_4096                          arg  3 mem  19.23 GB tm      4.61us/ 14433.67ms (      6 GFLOPS    7|18     GB/s) 
*** NV      1927 q4k_g3_lanemap_gemv_vec_4096_4096              arg  3 mem  19.23 GB tm      9.09us/ 14433.68ms (  16860 GFLOPS 1041|5596   GB/s) 
*** NV      1928 q4k_g3_lanemap_gemv_vec_1024_4096              arg  3 mem  19.23 GB tm      4.32us/ 14433.69ms (   8867 GFLOPS  549|2943   GB/s) 
*** NV      1929 q6k_v_four_warp_fp16_direct_1024_4096          arg  3 mem  19.23 GB tm      5.18us/ 14433.69ms (  11934 GFLOPS  666|4349   GB/s) 
*** NV      1930 reduce_output_rmsnorm_rope_32_128              arg  4 mem  19.23 GB tm      2.78us/ 14433.69ms (     14 GFLOPS   18|40     GB/s) 
*** NV      1931 reduce_output_rmsnorm_rope_kv_cache_8_128      arg  5 mem  19.23 GB tm      2.66us/ 14433.70ms (      5 GFLOPS    6|15     GB/s) 
*** NV      1932 flash_vec_llama_score_pv_32_128_6_widekv16_vtail1 arg  3 mem  19.23 GB tm      6.34us/ 14433.70ms (   3235 GFLOPS  515|3734   GB/s) 
*** NV      1933 flash_fused_gmax_combine_f16_32_128_s6_lw128_regw arg  2 mem  19.23 GB tm      1.92us/ 14433.70ms (     64 GFLOPS   56|116    GB/s) 
*** NV      1934 q4k_g3_lanemap_gemv_vec_epi_resadd_4096_4096   arg  4 mem  19.23 GB tm      9.02us/ 14433.71ms (  16994 GFLOPS 1050|5694   GB/s) 
*** NV      1935 rmsnorm_native_1_4096                          arg  3 mem  19.23 GB tm      4.99us/ 14433.72ms (      6 GFLOPS    7|17     GB/s) 
*** NV      1936 q4k_gate_up_four_warp_vec_fp16_12288_4096      arg  4 mem  19.23 GB tm     36.86us/ 14433.75ms (  25685 GFLOPS 1537|7253   GB/s) 
*** NV      1937 q6k_fp16_packed_lanemap_u4_4096_12288_epi_ffnresadd arg  4 mem  19.23 GB tm     27.97us/ 14433.78ms (  17490 GFLOPS 1478|7273   GB/s) 
*** NV      1938 rmsnorm_native_1_4096                          arg  3 mem  19.23 GB tm      4.58us/ 14433.79ms (      6 GFLOPS    7|18     GB/s) 
*** NV      1939 q4k_g3_lanemap_gemv_vec_4096_4096              arg  3 mem  19.23 GB tm      9.06us/ 14433.80ms (  16920 GFLOPS 1045|5616   GB/s) 
*** NV      1940 q4k_g3_lanemap_gemv_vec_1024_4096              arg  3 mem  19.23 GB tm      4.32us/ 14433.80ms (   8867 GFLOPS  549|2943   GB/s) 
*** NV      1941 q6k_v_four_warp_fp16_direct_1024_4096          arg  3 mem  19.23 GB tm      5.06us/ 14433.81ms (  12236 GFLOPS  683|4459   GB/s) 
*** NV      1942 reduce_output_rmsnorm_rope_32_128              arg  4 mem  19.23 GB tm      2.53us/ 14433.81ms (     16 GFLOPS   20|44     GB/s) 
*** NV      1943 reduce_output_rmsnorm_rope_kv_cache_8_128      arg  5 mem  19.23 GB tm      2.66us/ 14433.81ms (      5 GFLOPS    6|15     GB/s) 
*** NV      1944 flash_vec_llama_score_pv_32_128_6_widekv16_vtail1 arg  3 mem  19.23 GB tm      6.37us/ 14433.82ms (   3219 GFLOPS  512|3715   GB/s) 
*** NV      1945 flash_fused_gmax_combine_f16_32_128_s6_lw128_regw arg  2 mem  19.23 GB tm      1.95us/ 14433.82ms (     63 GFLOPS   55|114    GB/s) 
*** NV      1946 q4k_g3_lanemap_gemv_vec_epi_resadd_4096_4096   arg  4 mem  19.23 GB tm      8.90us/ 14433.83ms (  17239 GFLOPS 1065|5776   GB/s) 
*** NV      1947 rmsnorm_native_1_4096                          arg  3 mem  19.23 GB tm      4.77us/ 14433.83ms (      6 GFLOPS    7|18     GB/s) 
*** NV      1948 q4k_gate_up_four_warp_vec_fp16_12288_4096      arg  4 mem  19.23 GB tm     36.35us/ 14433.87ms (  26047 GFLOPS 1559|7355   GB/s) 
*** NV      1949 q6k_fp16_packed_lanemap_u4_4096_12288_epi_ffnresadd arg  4 mem  19.23 GB tm     27.52us/ 14433.90ms (  17775 GFLOPS 1502|7392   GB/s) 
*** NV      1950 rmsnorm_native_1_4096                          arg  3 mem  19.23 GB tm      4.61us/ 14433.90ms (      6 GFLOPS    7|18     GB/s) 
*** NV      1951 q4k_g3_lanemap_gemv_vec_4096_4096              arg  3 mem  19.23 GB tm      9.18us/ 14433.91ms (  16684 GFLOPS 1030|5537   GB/s) 
*** NV      1952 q4k_g3_lanemap_gemv_vec_1024_4096              arg  3 mem  19.23 GB tm      4.48us/ 14433.92ms (   8550 GFLOPS  529|2838   GB/s) 
*** NV      1953 q6k_v_four_warp_fp16_direct_1024_4096          arg  3 mem  19.23 GB tm      4.86us/ 14433.92ms (  12719 GFLOPS  710|4635   GB/s) 
*** NV      1954 reduce_output_rmsnorm_rope_32_128              arg  4 mem  19.23 GB tm      2.43us/ 14433.92ms (     16 GFLOPS   20|45     GB/s) 
*** NV      1955 reduce_output_rmsnorm_rope_kv_cache_8_128      arg  5 mem  19.23 GB tm      2.66us/ 14433.93ms (      5 GFLOPS    6|15     GB/s) 
*** NV      1956 flash_vec_llama_score_pv_32_128_6_widekv16_vtail1 arg  3 mem  19.23 GB tm      6.66us/ 14433.93ms (   3079 GFLOPS  490|3554   GB/s) 
*** NV      1957 flash_fused_gmax_combine_f16_32_128_s6_lw128_regw arg  2 mem  19.23 GB tm      1.92us/ 14433.93ms (     64 GFLOPS   56|116    GB/s) 
*** NV      1958 q4k_g3_lanemap_gemv_vec_epi_resadd_4096_4096   arg  4 mem  19.23 GB tm      8.86us/ 14433.94ms (  17301 GFLOPS 1069|5797   GB/s) 
*** NV      1959 rmsnorm_native_1_4096                          arg  3 mem  19.23 GB tm      4.80us/ 14433.95ms (      6 GFLOPS    7|17     GB/s) 
*** NV      1960 q4k_gate_up_four_warp_vec_fp16_12288_4096      arg  4 mem  19.23 GB tm     36.61us/ 14433.98ms (  25865 GFLOPS 1548|7304   GB/s) 
*** NV      1961 q6k_fp16_packed_lanemap_u4_4096_12288_epi_ffnresadd arg  4 mem  19.23 GB tm     26.88us/ 14434.01ms (  18198 GFLOPS 1538|7568   GB/s) 
*** NV      1962 E_32_32_4_fab82d40f922cf5f6decf5a3a82d6b4c2c4b20acb8161ea4de44b3da581fa65b arg  2 mem  19.23 GB tm      1.47us/ 14434.01ms (      0 GFLOPS   22|22     GB/s) 
*** NV      1963 rmsnorm_native_1_4096                          arg  3 mem  19.23 GB tm      5.15us/ 14434.02ms (      6 GFLOPS    8|18     GB/s) 
*** NV      1964 E_32_32_4_5a5673a44c51a85d2e73b347238640218966a387a0c3b168f5ef5dc11a3e0798 arg  2 mem  19.23 GB tm      1.63us/ 14434.02ms (      0 GFLOPS   15|15     GB/s) 
*** NV      1965 q6k_gen_coop_151936_4096_inkernel_nacc4        arg  3 mem  19.23 GB tm    335.30us/ 14434.35ms (  26964 GFLOPS 1524|8613   GB/s) 
*** NV      1966 E_1187_32_4_8c978b620f9c49480ac0eb05ba9e92fb742fac375e8a835bf98b19a7c6c6cadf arg  4 mem  19.23 GB tm      3.55us/ 14434.36ms (    374 GFLOPS  513|513    GB/s) 
*** NV      1967 E_1187_32_4_f4beb3197f89422fc17cc43ac33fb098f9c26058821e6e2828cc2932988e44da arg  2 mem  19.23 GB tm      1.95us/ 14434.36ms (      0 GFLOPS  623|623    GB/s) 
*** NV      1968 native_finite_fp32_argmax_151936_t1024         arg  2 mem  19.23 GB tm      9.50us/ 14434.37ms (    119 GFLOPS   64|66     GB/s) 
*** NV      1969 E_c9699af0d7ec2ef027b0f07fc5156c7a5f00221c2efb3447f24a23d08b2e0346 arg  2 mem  19.23 GB tm      2.59us/ 14434.37ms (      0 GFLOPS    0|0      GB/s) 
{"argmax_tokens": [38835], "arm": "candidate", "mode": "logits", "schema": "tinygrad.nv_vocab_nacc4_qualification.v1", "sha256": "46b38260df47f76c355a2c1993dad87dc8432c0ac962ea679a821d5d8b5fdd7a", "shape": [1, 1, 151936], "tokens": [38835]}
