{
  "variants": [
    {
      "variant": "reduction_only",
      "timing": {
        "samples_ms": [
          0.163768,
          0.157707,
          0.152697,
          0.152868,
          0.152978,
          0.151275,
          0.152807,
          0.15938,
          0.207481,
          0.156514,
          0.153709,
          0.152406
        ],
        "min_ms": 0.151275,
        "median_ms": 0.153344,
        "mean_ms": 0.159466,
        "p10_ms": 0.152406,
        "p90_ms": 0.163768,
        "max_ms": 0.207481
      },
      "instruction_count": 51,
      "grouped_counts": {
        "dot4": 0,
        "fma": 0,
        "convert": 1,
        "valu": 28,
        "salu": 12,
        "ds": 10,
        "barrier": 1,
        "global_load": 0,
        "global_store": 1,
        "shuffle": 5,
        "branch": 0,
        "waitcnt": 8
      },
      "relative_to_full_asm": 0.9202
    },
    {
      "variant": "dot_synthetic",
      "timing": {
        "samples_ms": [
          0.159279,
          0.152447,
          0.151885,
          0.156084,
          0.15401,
          0.149461,
          0.147889,
          0.147758,
          0.148289,
          0.149872,
          0.158999,
          0.149542
        ],
        "min_ms": 0.147758,
        "median_ms": 0.150879,
        "mean_ms": 0.152126,
        "p10_ms": 0.147889,
        "p90_ms": 0.158999,
        "max_ms": 0.159279
      },
      "instruction_count": 69,
      "grouped_counts": {
        "dot4": 16,
        "fma": 0,
        "convert": 1,
        "valu": 46,
        "salu": 12,
        "ds": 10,
        "barrier": 1,
        "global_load": 0,
        "global_store": 1,
        "shuffle": 5,
        "branch": 0,
        "waitcnt": 8
      },
      "relative_to_full_asm": 0.9054
    },
    {
      "variant": "load_wait_only",
      "timing": {
        "samples_ms": [
          0.154711,
          0.153108,
          0.155943,
          0.153408,
          0.150823,
          0.156444,
          0.152938,
          0.149992,
          0.149702,
          0.149892,
          0.146365,
          0.152186
        ],
        "min_ms": 0.146365,
        "median_ms": 0.152562,
        "mean_ms": 0.152126,
        "p10_ms": 0.149702,
        "p90_ms": 0.155943,
        "max_ms": 0.156444
      },
      "instruction_count": 116,
      "grouped_counts": {
        "dot4": 0,
        "fma": 0,
        "convert": 1,
        "valu": 69,
        "salu": 20,
        "ds": 10,
        "barrier": 1,
        "global_load": 16,
        "global_store": 1,
        "shuffle": 5,
        "branch": 0,
        "waitcnt": 16
      },
      "relative_to_full_asm": 0.9155
    },
    {
      "variant": "wait_grouped_load_only",
      "timing": {
        "samples_ms": [
          0.153388,
          0.151735,
          0.166163,
          0.151715,
          0.151355,
          0.150443,
          0.149331,
          0.14923,
          0.156514,
          0.151756,
          0.148749,
          0.152046
        ],
        "min_ms": 0.148749,
        "median_ms": 0.151725,
        "mean_ms": 0.152702,
        "p10_ms": 0.14923,
        "p90_ms": 0.156514,
        "max_ms": 0.166163
      },
      "instruction_count": 96,
      "grouped_counts": {
        "dot4": 0,
        "fma": 0,
        "convert": 1,
        "valu": 56,
        "salu": 13,
        "ds": 10,
        "barrier": 1,
        "global_load": 16,
        "global_store": 1,
        "shuffle": 5,
        "branch": 0,
        "waitcnt": 9
      },
      "relative_to_full_asm": 0.9104
    }
  ],
  "authority_full_asm_ms": 0.166649
}
