{
  "rows": [
    {
      "baseline": {
        "median_ms": 33.3663805,
        "p10_ms": 33.271866100000004,
        "p90_ms": 33.4505783,
        "raw_ms": [
          33.062572,
          33.295121,
          33.328143,
          33.331931,
          33.3473,
          33.385461,
          33.401151,
          33.404297,
          33.423373,
          33.695426
        ],
        "tokens_s": 15344.786948047902
      },
      "candidate": {
        "median_ms": 30.077712,
        "p10_ms": 29.949686,
        "p90_ms": 30.3040009,
        "raw_ms": [
          29.840174,
          29.961854,
          30.009643,
          30.037606,
          30.072743,
          30.082681,
          30.093993,
          30.206925,
          30.295593,
          30.379672
        ],
        "tokens_s": 17022.57139771802
      },
      "kv": 512,
      "numeric_max_abs": 6.103515625e-05,
      "profile": "qwen3_14b_q4k_m_gfx1100",
      "proof_sha256": "d61b76a98a5a2804b538475607dbaab44fed8f80df397e21ec2f959f99971f45",
      "speedup": 1.1093390514544457
    },
    {
      "baseline": {
        "median_ms": 60.214151,
        "p10_ms": 59.910141700000004,
        "p90_ms": 64.13502159999999,
        "raw_ms": [
          59.818384,
          59.920337,
          60.050722,
          60.091249,
          60.183113,
          60.245189,
          60.279444,
          60.552198,
          60.621189,
          95.759515
        ],
        "tokens_s": 8502.984622335704
      },
      "candidate": {
        "median_ms": 49.9828465,
        "p10_ms": 49.764720600000004,
        "p90_ms": 61.0327036,
        "raw_ms": [
          49.729743,
          49.768607,
          49.904824,
          49.931274,
          49.959297,
          50.006396,
          50.437189,
          50.739239,
          59.19505,
          77.571586
        ],
        "tokens_s": 10243.51424243115
      },
      "kv": 1024,
      "numeric_max_abs": 7.62939453125e-06,
      "profile": "qwen3_14b_q4k_m_gfx1100",
      "proof_sha256": "d61b76a98a5a2804b538475607dbaab44fed8f80df397e21ec2f959f99971f45",
      "speedup": 1.2046963151648435
    },
    {
      "baseline": {
        "median_ms": 135.534972,
        "p10_ms": 135.22733159999999,
        "p90_ms": 138.3096447,
        "raw_ms": [
          135.049542,
          135.247086,
          135.249017,
          135.307518,
          135.447412,
          135.622532,
          135.784797,
          135.79638,
          135.811159,
          160.796016
        ],
        "tokens_s": 3777.622796867512
      },
      "candidate": {
        "median_ms": 94.498909,
        "p10_ms": 93.86462420000001,
        "p90_ms": 97.6840422,
        "raw_ms": [
          93.817709,
          93.869837,
          93.916285,
          93.920944,
          94.37475,
          94.623068,
          94.755718,
          95.105178,
          95.247416,
          119.613678
        ],
        "tokens_s": 5418.051969256068
      },
      "kv": 2048,
      "numeric_max_abs": 3.814697265625e-06,
      "profile": "qwen3_14b_q4k_m_gfx1100",
      "proof_sha256": "d61b76a98a5a2804b538475607dbaab44fed8f80df397e21ec2f959f99971f45",
      "speedup": 1.4342490663040355
    },
    {
      "baseline": {
        "median_ms": 292.1507305,
        "p10_ms": 290.9966673,
        "p90_ms": 320.70251509999997,
        "raw_ms": [
          290.788977,
          291.019744,
          291.792187,
          291.8474,
          292.077148,
          292.224313,
          292.778656,
          292.940628,
          320.431243,
          323.143964
        ],
        "tokens_s": 1752.520006106916
      },
      "candidate": {
        "median_ms": 172.646619,
        "p10_ms": 171.8139968,
        "p90_ms": 198.51579389999998,
        "raw_ms": [
          171.47348,
          171.851832,
          172.305922,
          172.340187,
          172.594306,
          172.698932,
          172.809471,
          172.905621,
          198.089083,
          202.356192
        ],
        "tokens_s": 2965.5952891843194
      },
      "kv": 4096,
      "numeric_max_abs": 1.9073486328125e-06,
      "profile": "qwen3_14b_q4k_m_gfx1100",
      "proof_sha256": "d61b76a98a5a2804b538475607dbaab44fed8f80df397e21ec2f959f99971f45",
      "speedup": 1.692189121294058
    },
    {
      "baseline": {
        "median_ms": 33.0915425,
        "p10_ms": 32.9539369,
        "p90_ms": 33.299412700000005,
        "raw_ms": [
          32.948734,
          32.954515,
          32.961499,
          33.028665,
          33.03704,
          33.146045,
          33.146065,
          33.175541,
          33.272463,
          33.54196
        ],
        "tokens_s": 15472.231311066867
      },
      "candidate": {
        "median_ms": 29.262479,
        "p10_ms": 29.138432400000003,
        "p90_ms": 29.3796006,
        "raw_ms": [
          29.111661,
          29.141407,
          29.182213,
          29.192984,
          29.248738,
          29.27622,
          29.31853,
          29.320393,
          29.33463,
          29.784336
        ],
        "tokens_s": 17496.808797368125
      },
      "kv": 512,
      "numeric_max_abs": 6.103515625e-05,
      "profile": "qwen3_8b_q4k_m_gfx1100",
      "proof_sha256": "d61b76a98a5a2804b538475607dbaab44fed8f80df397e21ec2f959f99971f45",
      "speedup": 1.1308523279931275
    },
    {
      "baseline": {
        "median_ms": 60.287644,
        "p10_ms": 60.062758300000006,
        "p90_ms": 63.13380259999999,
        "raw_ms": [
          60.049666,
          60.064213,
          60.100672,
          60.191262,
          60.221229,
          60.354059,
          60.388945,
          60.437066,
          60.439191,
          87.385307
        ],
        "tokens_s": 8492.619150949073
      },
      "candidate": {
        "median_ms": 50.986619000000005,
        "p10_ms": 50.7261685,
        "p90_ms": 54.18092549999999,
        "raw_ms": [
          50.628739,
          50.736994,
          50.7824,
          50.797918,
          50.979551,
          50.993687,
          51.105248,
          51.281691,
          51.648103,
          76.976328
        ],
        "tokens_s": 10041.850392158773
      },
      "kv": 1024,
      "numeric_max_abs": 7.62939453125e-06,
      "profile": "qwen3_8b_q4k_m_gfx1100",
      "proof_sha256": "d61b76a98a5a2804b538475607dbaab44fed8f80df397e21ec2f959f99971f45",
      "speedup": 1.1824209014525948
    },
    {
      "baseline": {
        "median_ms": 125.8795955,
        "p10_ms": 125.5161503,
        "p90_ms": 129.0014453,
        "raw_ms": [
          125.308442,
          125.539229,
          125.554888,
          125.671208,
          125.817363,
          125.941828,
          125.946267,
          125.984779,
          126.210975,
          154.115678
        ],
        "tokens_s": 4067.378815178986
      },
      "candidate": {
        "median_ms": 92.41720649999999,
        "p10_ms": 91.759336,
        "p90_ms": 95.69771469999999,
        "raw_ms": [
          91.568905,
          91.780495,
          91.935448,
          92.321206,
          92.394624,
          92.439789,
          92.475737,
          92.696142,
          93.294382,
          117.327709
        ],
        "tokens_s": 5540.093878513846
      },
      "kv": 2048,
      "numeric_max_abs": 3.814697265625e-06,
      "profile": "qwen3_8b_q4k_m_gfx1100",
      "proof_sha256": "d61b76a98a5a2804b538475607dbaab44fed8f80df397e21ec2f959f99971f45",
      "speedup": 1.362079641522166
    },
    {
      "baseline": {
        "median_ms": 274.2866295,
        "p10_ms": 273.355337,
        "p90_ms": 299.7783903,
        "raw_ms": [
          273.226214,
          273.369684,
          273.726361,
          273.843776,
          273.975194,
          274.598065,
          274.670305,
          274.682903,
          299.759457,
          299.94879
        ],
        "tokens_s": 1866.6604381457828
      },
      "candidate": {
        "median_ms": 172.218814,
        "p10_ms": 171.4803084,