{
  "schema": "tinygrad.shared_attention_split_replay.v1",
  "kv": 512,
  "samples": 10,
  "warmup": 2,
  "numeric_max_abs": 1.52587890625e-05,
  "split": {
    "raw_ms": [
      0.857221,
      0.843083,
      0.838445,
      0.84626,
      0.836281,
      0.836641,
      0.842353,
      0.836522,
      0.838966,
      0.838054
    ],
    "median_ms": 0.8387055
  },
  "fused": {
    "raw_ms": [
      0.551356,
      0.547889,
      0.549852,
      0.542268,
      0.539062,
      0.541057,
      0.535957,
      0.534945,
      0.542288,
      0.547328
    ],
    "median_ms": 0.542278
  },
  "speed_ratio_fused_over_split": 0.6465654511625356,
  "flops": {
    "model_equivalent": 4294967296,
    "split_executed": 12884901888,
    "recomputed_qk": 8589934592
  }
}
