{
  "schema": "tinygrad.shared_attention_split_replay.v1",
  "kv": 4096,
  "samples": 10,
  "warmup": 2,
  "numeric_max_abs": 1.9073486328125e-06,
  "split": {
    "raw_ms": [
      5.744952,
      5.724714,
      6.07408,
      5.745894,
      7.865015,
      4.575586,
      3.213537,
      3.144346,
      3.521025,
      3.686696
    ],
    "median_ms": 5.15015
  },
  "fused": {
    "raw_ms": [
      2.058407,
      1.971153,
      2.051534,
      2.088824,
      2.201365,
      2.036065,
      2.048318,
      2.074597,
      2.010667,
      2.146232
    ],
    "median_ms": 2.0549705
  },
  "speed_ratio_fused_over_split": 0.39901177635602847,
  "flops": {
    "model_equivalent": 34359738368,
    "split_executed": 103079215104,
    "recomputed_qk": 68719476736
  }
}
