{
  "schema": "qk_tensile_hcq_perf_v1",
  "phase": "TPE-4",
  "device": "RX 7900 XTX / gfx1100",
  "role": "ffn_gate/up",
  "shape": {
    "M": 512,
    "N": 12288,
    "K": 4096
  },
  "flops": 51539607552,
  "kernel_symbol": "Cijk_Ailk_Bljk_HHS_BH_MT128x128x16_MI16x16x16x1_SN_1LDSB0_APM1_ABV0_ACED0_AF0EM1_AF1EM1_AMAS0_ASE_ASGT_ASLT_ASM_ASAE01_ASCE01_ASEM1_AAC0_BL1_BS1_CLR0_DTLA0_DTLB0_DTVA0_DTVB0_DVO0_ETSP_EPS1_ELFLR0_EMLL0_FSSC10_FL0_GLVWA4_GLVWB4_GRCGA1_GRCGB1_GRPM1_GRVW4_GSU1_GSUASB_GLS0_ISA1100_IU1_K1_KLA_LBSPPA0_LBSPPB128_LPA0_LPB8_LDL1_LRVW16_LWPMn1_LDW0_FMA_MIAV1_MDA2_MO40_MMFGLC_MKFGSU256_NTA0_NTB0_NTC0_NTD0_NEPBS0_NLCA1_NLCB1_ONLL1_OPLV0_PK0_PAP0_PGR1_PLR1_PKA0_SIA1_SLW1_SS1_SU0_SUM0_SUS0_SCIUI1_SPO0_SRVW0_SSO0_SVW1_SNLL0_TSGRA0_TSGRB0_TT4_64_TLDS1_UMLDSA0_UMLDSB1_U64SL1_USFGROn1_VAW2_VSn1_VW1_VWB2_VFLRP0_WSGRA1_WSGRB1_WS32_WG32_4_1_WGM8",
  "kernel_symbol_short": "Cijk_Ailk_Bljk_HHS_BH_MT128x128x16_MI16x16x16x1_SN_1LDSB0_APM1_ABV0_ACED0_AF0EM1...",
  "kd_offset": "0x142140",
  "launch": {
    "global": [
      4,
      96,
      1
    ],
    "local": [
      128,
      1,
      1
    ]
  },
  "warmup": {
    "samples_ms": [
      1.36904,
      1.27224,
      1.33604,
      1.2734,
      1.1996,
      1.10396,
      1.0092,
      0.99648
    ],
    "min_ms": 0.99648,
    "median_ms": 1.23592,
    "mean_ms": 1.194995,
    "p10_ms": 1.0092,
    "p90_ms": 1.33604,
    "max_ms": 1.36904,
    "stdev_ms": 0.134414
  },
  "timed": {
    "samples_ms": [
      0.92564,
      0.88776,
      0.86708,
      0.82324,
      0.81112,
      0.8146,
      0.77988,
      0.77676,
      0.82316,
      0.771,
      0.78052,
      0.74764,
      0.76888,
      0.74736,
      0.78324,
      0.75504,
      0.7492,
      0.75724,
      0.78564,
      0.76696,
      0.79084,
      0.75048,
      0.7912,
      0.75552,
      0.74732,
      0.7282,
      0.74592,
      0.75288,
      0.728,
      0.75976,
      0.7344,
      0.76956,
      0.77232,
      0.77396,
      0.77452,
      0.78524,
      0.79084,
      0.75336,
      0.766,
      0.76692
    ],
    "min_ms": 0.728,
    "median_ms": 0.77028,
    "mean_ms": 0.77898,
    "p10_ms": 0.74732,
    "p90_ms": 0.82316,
    "max_ms": 0.92564,
    "stdev_ms": 0.040281
  },
  "median_tflops": 66.91,
  "min_tflops": 55.68,
  "max_tflops": 70.796,
  "references": {
    "trace_rocblas_tflops": 62.9,
    "trace_rocblas_median_ms": 0.81937,
    "pxb1_rocblas_tflops": 60.96,
    "pxb1_tinygrad_tflops": 42.0,
    "minimum_gate_tflops": 62.0,
    "parity90_trace_tflops": 56.61
  },
  "ratios": {
    "of_trace_rocblas_tflops": 1.0638,
    "of_pxb1_rocblas_tflops": 1.0976,
    "of_pxb1_tinygrad_tflops": 1.5931
  },
  "correctness": {
    "max_abs": 0.1287,
    "rel_err": 0.000348,
    "pass": true
  },
  "process_libraries": {
    "hip_runtime_loaded_before": false,
    "hip_runtime_loaded_after": false
  },
  "gates": {
    "correct": true,
    "no_hip_runtime": true,
    "ge_90pct_trace": true,
    "ge_62_tflops": true
  },
  "verdict": "PASS"
}
