{
  "device_ms": 0.068552,
  "device_q4_gbs": 412.99381491422565,
  "global_mem_mb": 28.418048,
  "iters": 5,
  "kernels": 1.0,
  "mode": "v1_partial",
  "opts": [
    "Opt(op=OptOps.LOCAL, axis=0, arg=32)"
  ],
  "parts": 1,
  "primitive_gemv_max_abs": 0.0021135807037353516,
  "q4_bytes": 28311552,
  "raw_file": "bench/qk-block-dot-microbench-blk0-ffn-up-20260614/raw/run-02-v1_partial.json",
  "run": 2,
  "shape": [
    12288,
    4096
  ],
  "tensor": "blk.0.ffn_up.weight",
  "wall_ms": 3.5309344006236643,
  "wall_q4_gbs": 8.01814726294529
}
