{
  "device_ms": 0.06932800000000001,
  "device_q4_gbs": 408.3711054696514,
  "global_mem_mb": 28.418048,
  "iters": 5,
  "kernels": 1.0,
  "mode": "v1_partial",
  "opts": [
    "Opt(op=OptOps.LOCAL, axis=0, arg=32)"
  ],
  "parts": 1,
  "primitive_gemv_max_abs": 0.0021135807037353516,
  "q4_bytes": 28311552,
  "raw_file": "bench/qk-block-dot-microbench-blk0-ffn-up-20260614/raw/run-01-v1_partial.json",
  "run": 1,
  "shape": [
    12288,
    4096
  ],
  "tensor": "blk.0.ffn_up.weight",
  "wall_ms": 3.555855200102087,
  "wall_q4_gbs": 7.961953006181801
}
