{
  "device_ms": 0.09965600000000001,
  "device_q4_gbs": 284.09279922934894,
  "global_mem_mb": 0.098304,
  "iters": 5,
  "kernels": 1.0,
  "mode": "qk_block_dot",
  "opts": [
    "Opt(op=OptOps.LOCAL, axis=0, arg=32)"
  ],
  "parts": 1,
  "primitive_gemv_max_abs": 0.0021178722381591797,
  "q4_bytes": 28311552,
  "raw_file": "bench/qk-block-dot-microbench-blk0-ffn-up-20260614/raw/run-02-qk_block_dot.json",
  "run": 2,
  "shape": [
    12288,
    4096
  ],
  "tensor": "blk.0.ffn_up.weight",
  "wall_ms": 1.1388529994292185,
  "wall_q4_gbs": 24.85970710371704
}
