{
  "device_ms": 0.06108,
  "device_q4_gbs": 154.50530451866402,
  "global_mem_mb": 9.478144,
  "iters": 5,
  "kernels": 1.0,
  "mode": "v1_partial",
  "opts": [
    "Opt(op=OptOps.LOCAL, axis=0, arg=32)"
  ],
  "parts": 1,
  "primitive_gemv_max_abs": 0.0012693405151367188,
  "q4_bytes": 9437184,
  "raw_file": "bench/qk-block-dot-microbench-blk0-attn-q-20260614/raw/run-03-v1_partial.json",
  "run": 3,
  "shape": [
    4096,
    4096
  ],
  "tensor": "blk.0.attn_q.weight",
  "wall_ms": 3.4035721997497603,
  "wall_q4_gbs": 2.7727291933733174
}
