{
  "adapter": "bench/qwen-adapter-20260613/8b-last1-ffn-suffix-lora-r4-v5",
  "dataset": "bench/qwen-adapter-20260613/training-data-v4_1-compiler/eval-prompts.jsonl",
  "elapsed_s": 47.487457,
  "generated": 276,
  "kind": "llm_rollout_summary",
  "mode": "generated",
  "model": "/home/ubuntu/models/Qwen3-8B-Q4_K_M.gguf",
  "policy": "bench/qk-shared-storage-20260612/8b/policy.json",
  "prompt_format": "chat",
  "prompts": 34,
  "quality": {
    "ci95": {
      "confidence": 0.95,
      "high": 0.9532855333511766,
      "low": 0.7337915722962817
    },
    "json_axes": {
      "axes": {
        "no_extra_text": {
          "ci95": {
            "confidence": 0.95,
            "high": 0.9999999999999999,
            "low": 0.8984854458466761
          },
          "pass_rate": 1.0,
          "passed": 34,
          "scored": 34
        },
        "parse_valid": {
          "ci95": {
            "confidence": 0.95,
            "high": 0.9999999999999999,
            "low": 0.8984854458466761
          },
          "pass_rate": 1.0,
          "passed": 34,
          "scored": 34
        },
        "schema_ok": {
          "ci95": {
            "confidence": 0.95,
            "high": 0.9999999999999999,
            "low": 0.8984854458466761
          },
          "pass_rate": 1.0,
          "passed": 34,
          "scored": 34
        },
        "strict_pass": {
          "ci95": {
            "confidence": 0.95,
            "high": 0.9532855333511766,
            "low": 0.7337915722962817
          },
          "pass_rate": 0.8823529411764706,
          "passed": 30,
          "scored": 34
        },
        "type_ok": {
          "ci95": {
            "confidence": 0.95,
            "high": 0.9999999999999999,
            "low": 0.8984854458466761
          },
          "pass_rate": 1.0,
          "passed": 34,
          "scored": 34
        },
        "value_correct": {
          "ci95": {
            "confidence": 0.95,
            "high": 0.9532855333511766,
            "low": 0.7337915722962817
          },
          "pass_rate": 0.8823529411764706,
          "passed": 30,
          "scored": 34
        }
      },
      "kind": "json_axis_summary",
      "scored": 34
    },
    "pass_rate": 0.8823529411764706,
    "passed": 30,
    "scored": 34,
    "status": "fail",
    "tags": {
      "compiler": {
        "pass_rate": 0.8823529411764706,
        "passed": 30,
        "scored": 34
      },
      "eval": {
        "pass_rate": 0.8823529411764706,
        "passed": 30,
        "scored": 34
      },
      "json_answer": {
        "pass_rate": 0.8823529411764706,
        "passed": 30,
        "scored": 34
      },
      "stable_key": {
        "pass_rate": 0.8823529411764706,
        "passed": 30,
        "scored": 34
      },
      "v4_1_compiler": {
        "pass_rate": 0.8823529411764706,
        "passed": 30,
        "scored": 34
      }
    }
  },
  "seed": 20260613,
  "storage": "shared",
  "temperature": 0.0,
  "tok_s": 5.8120610669887
}