{
  "adapter": "bench/qwen-adapter-20260613/8b-last1-ffn-suffix-lora-r4-v5",
  "dataset": "bench/qwen-adapter-20260613/training-data-v4/eval-prompts.jsonl",
  "elapsed_s": 153.984862,
  "generated": 1952,
  "kind": "llm_rollout_summary",
  "mode": "generated",
  "model": "/home/ubuntu/models/Qwen3-8B-Q4_K_M.gguf",
  "policy": "bench/qk-shared-storage-20260612/8b/policy.json",
  "prompt_format": "chat",
  "prompts": 204,
  "quality": {
    "ci95": {
      "confidence": 0.95,
      "high": 0.5823806513568434,
      "low": 0.44648750629584233
    },
    "json_axes": {
      "axes": {
        "no_extra_text": {
          "ci95": {
            "confidence": 0.95,
            "high": 0.9473214692739077,
            "low": 0.8706096642188562
          },
          "pass_rate": 0.9166666666666666,
          "passed": 187,
          "scored": 204
        },
        "parse_valid": {
          "ci95": {
            "confidence": 0.95,
            "high": 0.9586832885050384,
            "low": 0.8881160026404115
          },
          "pass_rate": 0.9313725490196079,
          "passed": 190,
          "scored": 204
        },
        "schema_ok": {
          "ci95": {
            "confidence": 0.95,
            "high": 0.9586832885050384,
            "low": 0.8881160026404115
          },
          "pass_rate": 0.9313725490196079,
          "passed": 190,
          "scored": 204
        },
        "strict_pass": {
          "ci95": {
            "confidence": 0.95,
            "high": 0.5823806513568434,
            "low": 0.44648750629584233
          },
          "pass_rate": 0.5147058823529411,
          "passed": 105,
          "scored": 204
        },
        "type_ok": {
          "ci95": {
            "confidence": 0.95,
            "high": 0.9586832885050384,
            "low": 0.8881160026404115
          },
          "pass_rate": 0.9313725490196079,
          "passed": 190,
          "scored": 204
        },
        "value_correct": {
          "ci95": {
            "confidence": 0.95,
            "high": 0.591952026751518,
            "low": 0.4561615693362916
          },
          "pass_rate": 0.5245098039215687,
          "passed": 107,
          "scored": 204
        }
      },
      "kind": "json_axis_summary",
      "scored": 204
    },
    "pass_rate": 0.5147058823529411,
    "passed": 105,
    "scored": 204,
    "status": "fail",
    "tags": {
      "arithmetic": {
        "pass_rate": 0.7647058823529411,
        "passed": 26,
        "scored": 34
      },
      "categorization": {
        "pass_rate": 0.7941176470588235,
        "passed": 27,
        "scored": 34
      },
      "code": {
        "pass_rate": 0.20588235294117646,
        "passed": 7,
        "scored": 34
      },
      "compiler": {
        "pass_rate": 0.0,
        "passed": 0,
        "scored": 34
      },
      "eval": {
        "pass_rate": 0.5147058823529411,
        "passed": 105,
        "scored": 204
      },
      "fact": {
        "pass_rate": 0.9705882352941176,
        "passed": 33,
        "scored": 34
      },
      "json_answer": {
        "pass_rate": 0.5147058823529411,
        "passed": 105,
        "scored": 204
      },
      "string": {
        "pass_rate": 0.35294117647058826,
        "passed": 12,
        "scored": 34
      }
    }
  },
  "seed": 20260613,
  "storage": "shared",
  "temperature": 0.0,
  "tok_s": 12.676570765767872
}